0.000000 2.7662645407768167 2.712176951408701 2.9712963409361106 2.875807928460546 3.0195886289076617 2.9074745108151703 2.9074745108151703 3.1913838645082113 2.9953203443393015 2.883634459153842 2.9074745108151703 2.963206958809479 2.9712963409361106 2.9312558679539493 3.5482016839953343 3.5656197122137576 3.583075966486862 3.2079823900123703 3.4616876158961567 3.5222306692969467 3.2915692445190046 3.300063394777207 3.300063394777207 3.5744279146298683 3.258015913974275 3.2915692445190046 3.4961777259428795 3.2163765290620767 3.393172123155076 3.41887543958404 3.4445005425392914 3.4445005425392914 3.5482016839953343 3.266470160233948 3.2915692445190046 3.4616876158961567 3.5134806146228708 3.487624461659719 3.266470160233948 3.591903471894591 3.5482016839953343 3.2832470730245484 3.41887543958404 3.3761404886397117 3.583075966486862 3.609417136670968 3.849452029292252 3.7240926157308536 3.6532816723590718 3.9675654368237803 3.6886118167516244 3.9675654368237803 3.6269688296878213 3.8225239117406637 3.715294895303003 3.662185980192619 3.8675087672497956 3.9583425389599913 3.7330730527728044 3.9037325359196138 3.9037325359196138 3.6532816723590718 3.7597233992346464 3.858563995863041 3.609417136670968 3.7508886629289946 3.7508886629289946 3.6445584711110413 3.6005703687441484 3.679851275526602 3.662185980192619 3.9310854954678334 3.6975542749607624 3.8766393410359554 3.885602299887906 3.6886118167516244 3.6005703687441484 3.9675654368237803 3.858563995863041 4.2834243201376205 4.105560618158931 4.004190501010748 4.087032906984074 4.264562997420372 4.050084518251851 4.022557214122902 4.208187333724751 4.124123872267262 4.27389700972598 4.022557214122902 4.2834243201376205 4.217469681706391 4.068540840102059 4.114928663178128 4.236244017697849 4.2834243201376205 4.4067662805426995 4.5510575218429565 4.657886382739784 4.589824969666061
0.010000 2.6358923316510894 2.6510662756753334 2.923368963259543 3.141827112759656 3.1253880083974157 3.0600322532138695 3.1748251019000335 2.9312558679539493 3.141827112759656 2.828614621459107 3.003450744285498 3.0357668950244268 2.9712963409361106 3.0114377622100448 3.316919059168708 3.2330348235664155 3.5482016839953343 3.4017851508814365 3.4531725219753477 3.4017851508814365 3.300063394777207 3.300063394777207 3.591903471894591 3.2079823900123703 3.5656197122137576 3.3507481470859304 3.4360045872801006 3.5744279146298683 3.41887543958404 3.4017851508814365 3.4703791711716385 3.583075966486862 3.3761404886397117 3.367721434473514 3.5222306692969467 3.2832470730245484 3.3338139991916433 3.5744279146298683 3.478913368272576 3.5222306692969467 3.300063394777207 3.4445005425392914 3.583075966486862 3.308405008172237 3.4531725219753477 3.994931013794065 3.768741640443454 3.6005703687441484 3.849452029292252 3.885602299887906 3.6532816723590718 3.9037325359196138 3.8405254894299046 3.976618659079132 3.6532816723590718 3.679851275526602 3.7597233992346464 3.813449298647461 3.8314321765100012 3.885602299887906 3.6269688296878213 3.6356733016454257 3.6356733016454257 3.7597233992346464 3.6886118167516244 3.804559352137678 3.6886118167516244 3.7775948223096445 3.8405254894299046 3.8314321765100012 3.6005703687441484 3.8405254894299046 3.6709278713963025 3.679851275526602 3.8947514340034837 3.9858598763479023 3.9858598763479023 3.6886118167516244 3.8405254894299046 4.105560618158931 4.387682634199195 4.27389700972598 4.105560618158931 4.09638298767736 4.059398514738147 4.2834243201376205 4.35921385541505 4.09638298767736 4.022557214122902 4.142722567221125 4.114928663178128 4.17077822183587 4.031664040933904 4.152126383386034 4.208187333724751 4.013279506756297 4.464219566817621 4.531723093439896 4.560642437348045 4.512421692304587
0.020000 2.6207599630340725 2.6510662756753334 2.963206958809479 3.003450744285498 3.150140654150466 3.051985486538066 2.9074745108151703 2.95527993109547 3.1253880083974157 2.939304120852559 3.100882644135794 2.89946749583966 3.1089889111804934 3.1336813213896 3.316919059168708 3.3421943989254994 3.3338139991916433 3.487624461659719 3.5395914360977594 3.3338139991916433 3.274772857790347 3.2497327220614505 3.393172123155076 3.300063394777207 3.4360045872801006 3.300063394777207 3.3847337923487957 3.5049083193135044 3.5222306692969467 3.316919059168708 3.3847337923487957 3.4703791711716385 3.427352221294627 3.5744279146298683 3.4445005425392914 3.591903471894591 3.2832470730245484 3.5222306692969467 3.367721434473514 3.5569905434876103 3.4360045872801006 3.5395914360977594 3.4531725219753477 3.2832470730245484 3.4961777259428795 3.7508886629289946 3.804559352137678 3.858563995863041 3.7955034845365736 3.8766393410359554 3.8405254894299046 3.813449298647461 3.7418893017975585 3.9310854954678334 3.8405254894299046 3.768741640443454 3.885602299887906 3.9037325359196138 3.786631899160151 3.6445584711110413 3.6709278713963025 3.6532816723590718 3.6886118167516244 3.609417136670968 3.912900182995015 3.8405254894299046 3.706333425945615 3.8405254894299046 3.679851275526602 3.8675087672497956 3.768741640443454 3.7330730527728044 3.6709278713963025 3.7240926157308536 3.7330730527728044 3.6532816723590718 3.858563995863041 3.994931013794065 3.7508886629289946 4.302320178347698 4.217469681706391 4.152126383386034 4.368632905651625 4.087032906984074 4.302320178347698 4.022557214122902 4.04095991813958 4.2550531631440744 4.387682634199195 4.17077822183587 4.059398514738147 4.1800258668376475 4.245736319763044 4.004190501010748 4.031664040933904 4.068540840102059 4.589824969666061 4.4258837292217255 4.512421692304587 4.416414317370283
0.030000 2.742980616656126 2.773949354294852 3.0195886289076617 3.183179005903807 2.939304120852559 2.812965469114768 2.9153413159340302 2.8207111595260184 3.1913838645082113 3.0195886289076617 2.923368963259543 2.947211099811094 3.1172619647621516 3.199757902151695 3.4445005425392914 3.4703791711716385 3.5222306692969467 3.427352221294627 3.3507481470859304 3.2163765290620767 3.2079823900123703 3.224620615797176 3.308405008172237 3.3847337923487957 3.224620615797176 3.258015913974275 3.4017851508814365 3.5395914360977594 3.2915692445190046 3.393172123155076 3.3761404886397117 3.427352221294627 3.359147890730457 3.591903471894591 3.3421943989254994 3.2915692445190046 3.2915692445190046 3.5049083193135044 3.427352221294627 3.5656197122137576 3.5656197122137576 3.4445005425392914 3.367721434473514 3.393172123155076 3.5049083193135044 3.6181028403300237 3.9583425389599913 3.662185980192619 3.6886118167516244 3.6532816723590718 3.9310854954678334 3.8225239117406637 3.9037325359196138 3.8947514340034837 3.768741640443454 3.6445584711110413 3.8225239117406637 3.6181028403300237 3.7955034845365736 3.9675654368237803 3.7775948223096445 3.715294895303003 3.994931013794065 3.8314321765100012 3.706333425945615 3.813449298647461 3.6005703687441484 3.7330730527728044 3.7330730527728044 3.6532816723590718 3.7597233992346464 3.9675654368237803 3.7597233992346464 3.768741640443454 3.6532816723590718 3.6005703687441484 3.8947514340034837 3.7775948223096445 3.6356733016454257 4.04095991813958 4.077872904589594 4.378246740791886 4.031664040933904 4.050084518251851 4.031664040933904 4.368632905651625 4.114928663178128 4.2834243201376205 4.17077822183587 4.34961720950167 4.114928663178128 4.004190501010748 4.397313599800975 4.142722567221125 4.077872904589594 4.152126383386034 4.5510575218429565 4.5704248550692625 4.795377261468363 4.502689204348403
0.040000 2.758444374347024 2.5012026409980415 3.141827112759656 3.100882644135794 3.1253880083974157 3.1172619647621516 3.199757902151695 3.1666399026804894 3.092629880406265 2.947211099811094 3.141827112759656 3.0195886289076617 3.1913838645082113 3.0114377622100448 3.308405008172237 3.5569905434876103 3.258015913974275 3.4360045872801006 3.591903471894591 3.583075966486862 3.4961777259428795 3.4616876158961567 3.2163765290620767 3.427352221294627 3.5134806146228708 3.224620615797176 3.367721434473514 3.5222306692969467 3.5134806146228708 3.427352221294627 3.41887543958404 3.3338139991916433 3.5134806146228708 3.2330348235664155 3.4961777259428795 3.5569905434876103 3.5744279146298683 3.5395914360977594 3.5308219592547823 3.2079823900123703 3.266470160233948 3.393172123155076 3.5656197122137576 3.3507481470859304 3.367721434473514 3.7418893017975585 3.8675087672497956 3.715294895303003 3.6181028403300237 3.768741640443454 3.885602299887906 3.6532816723590718 3.8314321765100012 3.6975542749607624 3.8947514340034837 3.8225239117406637 3.9037325359196138 3.7955034845365736 3.976618659079132 3.7508886629289946 3.6532816723590718 3.9583425389599913 3.9583425389599913 3.8314321765100012 3.949307278152234 3.6532816723590718 3.6532816723590718 3.7330730527728044 3.7775948223096445 3.679851275526602 3.6886118167516244 3.9401027488501636 3.6356733016454257 3.6356733016454257 3.7508886629289946 3.8766393410359554 3.813449298647461 3.715294895303003 3.813449298647461 4.1800258668376475 4.152126383386034 4.311688368423777 4.142722567221125 4.1800258668376475 4.068540840102059 4.161356600048034 4.133509829299363 4.050084518251851 4.050084518251851 4.09638298767736 4.330635659446139 4.09638298767736 4.050084518251851 4.217469681706391 4.087032906984074 4.226944395924057 4.493153440002571 4.706907035824327 4.483437720084692 4.589824969666061
0.050000 2.7662645407768167 2.6968371342160555 3.051985486538066 3.1336813213896 2.923368963259543 2.9953203443393015 3.1913838645082113 3.084543418727391 3.0275955901797973 3.183179005903807 2.8520909398927943 2.9153413159340302 3.092629880406265 2.9873532967155483 3.3338139991916433 3.5222306692969467 3.2915692445190046 3.2915692445190046 3.427352221294627 3.4531725219753477 3.2330348235664155 3.2497327220614505 3.224620615797176 3.3421943989254994 3.5308219592547823 3.2330348235664155 3.4017851508814365 3.5482016839953343 3.316919059168708 3.427352221294627 3.274772857790347 3.41887543958404 3.5569905434876103 3.5744279146298683 3.4616876158961567 3.359147890730457 3.2330348235664155 3.393172123155076 3.487624461659719 3.308405008172237 3.359147890730457 3.5308219592547823 3.5744279146298683 3.5482016839953343 3.3847337923487957 3.706333425945615 3.9675654368237803 3.858563995863041 3.849452029292252 3.9401027488501636 3.7330730527728044 3.976618659079132 3.662185980192619 3.8405254894299046 3.6005703687441484 3.849452029292252 3.8675087672497956 3.706333425945615 3.813449298647461 3.6181028403300237 3.9037325359196138 3.6181028403300237 3.8947514340034837 3.8675087672497956 3.715294895303003 3.949307278152234 3.994931013794065 3.9310854954678334 3.6356733016454257 3.7955034845365736 3.885602299887906 3.9675654368237803 3.885602299887906 3.8225239117406637 3.7418893017975585 3.8314321765100012 3.9401027488501636 3.8766393410359554 3.8766393410359554 4.236244017697849 4.114928663178128 4.1800258668376475 4.1800258668376475 4.208187333724751 4.330635659446139 4.321250461472404 4.09638298767736 4.1987302626375635 4.050084518251851 4.022557214122902 4.2550531631440744 4.189465240303201 4.368632905651625 4.059398514738147 4.087032906984074 4.378246740791886 4.4067662805426995 4.755935679775094 4.5510575218429565 4.45471686346053
0.060000 2.5086647413104144 2.681538720054648 3.141827112759656 3.1089889111804934 3.199757902151695 3.1583061641901065 3.150140654150466 3.0275955901797973 3.183179005903807 3.0357668950244268 3.0357668950244268 3.1089889111804934 2.828614621459107 2.9153413159340302 3.2497327220614505 3.487624461659719 3.427352221294627 3.5395914360977594 3.2497327220614505 3.4445005425392914 3.32528008209297 3.4017851508814365 3.427352221294627 3.5049083193135044 3.410242724324369 3.393172123155076 3.4360045872801006 3.3338139991916433 3.308405008172237 3.478913368272576 3.3847337923487957 3.4360045872801006 3.32528008209297 3.3847337923487957 3.5049083193135044 3.487624461659719 3.41887543958404 3.487624461659719 3.266470160233948 3.5134806146228708 3.3847337923487957 3.4017851508814365 3.5049083193135044 3.2832470730245484 3.487624461659719 3.9675654368237803 3.885602299887906 3.7597233992346464 3.9401027488501636 3.7597233992346464 3.885602299887906 3.8314321765100012 3.6886118167516244 3.9401027488501636 3.9401027488501636 3.6709278713963025 3.6445584711110413 3.7508886629289946 3.9401027488501636 3.9858598763479023 3.804559352137678 3.6709278713963025 3.8947514340034837 3.6886118167516244 3.9583425389599913 3.706333425945615 3.706333425945615 3.6886118167516244 3.715294895303003 3.609417136670968 3.8314321765100012 3.6532816723590718 3.6975542749607624 3.9037325359196138 3.662185980192619 3.7955034845365736 3.912900182995015 3.885602299887906 3.609417136670968 4.105560618158931 4.311688368423777 4.208187333724751 4.1987302626375635 4.114928663178128 4.068540840102059 4.387682634199195 4.35921385541505 4.09638298767736 4.2834243201376205 4.1987302626375635 4.013279506756297 4.124123872267262 4.1800258668376475 4.378246740791886 4.059398514738147 4.302320178347698 4.493153440002571 4.697010359996532 4.541291684561032 4.755935679775094
0.070000 2.712176951408701 2.742980616656126 3.1583061641901065 3.199757902151695 3.141827112759656 3.092629880406265 3.150140654150466 3.1253880083974157 2.9712963409361106 3.1253880083974157 3.0437937726389976 3.092629880406265 3.0437937726389976 3.076310974966537 3.359147890730457 3.5222306692969467 3.427352221294627 3.266470160233948 3.478913368272576 3.5308219592547823 3.41887543958404 3.5308219592547823 3.3761404886397117 3.4961777259428795 3.4017851508814365 3.4445005425392914 3.2079823900123703 3.5569905434876103 3.5308219592547823 3.2079823900123703 3.316919059168708 3.3338139991916433 3.2497327220614505 3.2079823900123703 3.5395914360977594 3.427352221294627 3.5482016839953343 3.3421943989254994 3.427352221294627 3.5222306692969467 3.4961777259428795 3.300063394777207 3.4703791711716385 3.2412984784516516 3.32528008209297 3.662185980192619 3.976618659079132 3.885602299887906 3.949307278152234 3.6709278713963025 3.6709278713963025 3.9037325359196138 3.8947514340034837 3.6356733016454257 3.6975542749607624 3.6709278713963025 3.715294895303003 3.6269688296878213 3.609417136670968 3.679851275526602 3.8766393410359554 3.6005703687441484 3.7418893017975585 3.768741640443454 3.679851275526602 3.813449298647461 3.9310854954678334 3.8766393410359554 3.804559352137678 3.7597233992346464 3.715294895303003 3.786631899160151 3.715294895303003 3.715294895303003 3.706333425945615 3.6886118167516244 3.858563995863041 3.768741640443454 3.609417136670968 4.2550531631440744 4.368632905651625 4.050084518251851 4.114928663178128 4.311688368423777 4.124123872267262 4.189465240303201 4.04095991813958 4.031664040933904 4.264562997420372 4.087032906984074 4.031664040933904 4.34961720950167 4.04095991813958 4.031664040933904 4.059398514738147 4.068540840102059 4.60925774129937 4.4067662805426995 4.589824969666061 4.706907035824327
0.080000 2.6056692116350813 2.773949354294852 3.150140654150466 3.076310974966537 3.1172619647621516 2.8363805576478125 2.8520909398927943 2.9312558679539493 2.95527993109547 3.0437937726389976 3.1336813213896 3.003450744285498 2.875807928460546 2.9873532967155483 3.5482016839953343 3.4616876158961567 3.367721434473514 3.5222306692969467 3.5222306692969467 3.300063394777207 3.5222306692969467 3.2079823900123703 3.2497327220614505 3.5744279146298683 3.4531725219753477 3.359147890730457 3.367721434473514 3.427352221294627 3.359147890730457 3.5134806146228708 3.5395914360977594 3.5656197122137576 3.5482016839953343 3.5049083193135044 3.2497327220614505 3.5395914360977594 3.41887543958404 3.5395914360977594 3.5569905434876103 3.4531725219753477 3.2412984784516516 3.5656197122137576 3.32528008209297 3.308405008172237 3.478913368272576 3.9401027488501636 3.7955034845365736 3.715294895303003 3.7775948223096445 3.786631899160151 3.6532816723590718 3.976618659079132 3.6886118167516244 3.813449298647461 3.949307278152234 3.849452029292252 3.9401027488501636 3.9675654368237803 3.7597233992346464 3.9583425389599913 3.6005703687441484 3.7508886629289946 3.706333425945615 3.7508886629289946 3.7597233992346464 3.9858598763479023 3.9037325359196138 3.6975542749607624 3.6445584711110413 3.8314321765100012 3.7330730527728044 3.885602299887906 3.6356733016454257 3.8405254894299046 3.679851275526602 3.804559352137678 3.949307278152234 3.9583425389599913 3.7775948223096445 4.264562997420372 4.17077822183587 4.124123872267262 4.04095991813958 4.114928663178128 4.059398514738147 4.087032906984074 4.330635659446139 4.087032906984074 4.292775448258381 4.04095991813958 4.34021505789757 4.387682634199195 4.105560618158931 4.077872904589594 4.133509829299363 4.292775448258381 4.4258837292217255 4.416414317370283 4.78560126157025 4.416414317370283
0.090000 2.666281752772024 2.6132795030938096 2.867842256978591 3.068244346893695 3.051985486538066 3.0600322532138695 3.1666399026804894 3.150140654150466 2.9074745108151703 2.923368963259543 2.812965469114768 3.1089889111804934 3.1089889111804934 3.0114377622100448 3.258015913974275 3.583075966486862 3.583075966486862 3.478913368272576 3.3338139991916433 3.4616876158961567 3.5744279146298683 3.5656197122137576 3.266470160233948 3.583075966486862 3.4703791711716385 3.5395914360977594 3.2330348235664155 3.427352221294627 3.5656197122137576 3.308405008172237 3.4703791711716385 3.5569905434876103 3.4703791711716385 3.3507481470859304 3.4360045872801006 3.266470160233948 3.4445005425392914 3.4531725219753477 3.3338139991916433 3.274772857790347 3.4616876158961567 3.2497327220614505 3.367721434473514 3.427352221294627 3.359147890730457 3.8766393410359554 3.804559352137678 3.7418893017975585 3.804559352137678 3.662185980192619 3.679851275526602 3.9218993832188556 3.679851275526602 3.6269688296878213 3.9218993832188556 3.6181028403300237 3.8947514340034837 3.715294895303003 3.8314321765100012 3.6005703687441484 3.7775948223096445 3.949307278152234 3.786631899160151 3.8405254894299046 3.9583425389599913 3.6181028403300237 3.8225239117406637 3.8225239117406637 3.6356733016454257 3.706333425945615 3.6356733016454257 3.6886118167516244 3.849452029292252 3.813449298647461 3.8766393410359554 3.9218993832188556 3.6886118167516244 3.8947514340034837 3.7240926157308536 4.321250461472404 4.292775448258381 4.236244017697849 4.226944395924057 4.378246740791886 4.022557214122902 4.161356600048034 4.133509829299363 4.161356600048034 4.09638298767736 4.105560618158931 4.2834243201376205 4.245736319763044 4.368632905651625 4.226944395924057 4.04095991813958 4.031664040933904 4.736262166944972 4.580026035009029 4.464219566817621 4.4258837292217255
0.100000 2.7973573730146533 2.758444374347024 2.9712963409361106 3.0437937726389976 2.963206958809479 2.923368963259543 3.150140654150466 3.1172619647621516 3.1666399026804894 3.1253880083974157 3.141827112759656 3.150140654150466 2.9074745108151703 3.1748251019000335 3.224620615797176 3.41887543958404 3.5222306692969467 3.2915692445190046 3.3847337923487957 3.4531725219753477 3.5134806146228708 3.3847337923487957 3.2915692445190046 3.258015913974275 3.300063394777207 3.5744279146298683 3.5656197122137576 3.3421943989254994 3.591903471894591 3.583075966486862 3.367721434473514 3.308405008172237 3.427352221294627 3.32528008209297 3.2497327220614505 3.3421943989254994 3.224620615797176 3.2497327220614505 3.300063394777207 3.3761404886397117 3.410242724324369 3.583075966486862 3.583075966486862 3.5656197122137576 3.5744279146298683 3.679851275526602 3.976618659079132 3.768741640443454 3.7597233992346464 3.6005703687441484 3.849452029292252 3.679851275526602 3.9037325359196138 3.858563995863041 3.715294895303003 3.994931013794065 3.885602299887906 3.6181028403300237 3.786631899160151 3.7955034845365736 3.8947514340034837 3.8675087672497956 3.804559352137678 3.8405254894299046 3.8766393410359554 3.6005703687441484 3.6975542749607624 3.609417136670968 3.976618659079132 3.6886118167516244 3.6532816723590718 3.7508886629289946 3.786631899160151 3.7955034845365736 3.9037325359196138 3.6356733016454257 3.849452029292252 3.976618659079132 3.8405254894299046 4.264562997420372 4.161356600048034 4.004190501010748 4.368632905651625 4.022557214122902 4.031664040933904 4.189465240303201 4.133509829299363 4.004190501010748 4.031664040933904 4.059398514738147 4.217469681706391 4.397313599800975 4.114928663178128 4.397313599800975 4.161356600048034 4.022557214122902 4.435548777559674 4.445034863749972 4.445034863749972 4.521973899542435
0.110000 2.7817903811287406 2.7275581271899076 3.183179005903807 2.8207111595260184 3.1253880083974157 3.0437937726389976 3.068244346893695 3.0114377622100448 2.875807928460546 2.9873532967155483 2.9792433916584864 2.89946749583966 2.8600359004679246 2.923368963259543 3.5569905434876103 3.2412984784516516 3.2330348235664155 3.5656197122137576 3.3421943989254994 3.4360045872801006 3.5395914360977594 3.5134806146228708 3.5395914360977594 3.258015913974275 3.224620615797176 3.5482016839953343 3.266470160233948 3.4531725219753477 3.4360045872801006 3.3338139991916433 3.224620615797176 3.2412984784516516 3.266470160233948 3.5308219592547823 3.5308219592547823 3.5744279146298683 3.308405008172237 3.591903471894591 3.393172123155076 3.4017851508814365 3.4360045872801006 3.3421943989254994 3.5656197122137576 3.487624461659719 3.583075966486862 3.6709278713963025 3.976618659079132 3.6975542749607624 3.7240926157308536 3.949307278152234 3.6005703687441484 3.679851275526602 3.7240926157308536 3.813449298647461 3.9583425389599913 3.7508886629289946 3.786631899160151 3.7508886629289946 3.8675087672497956 3.8225239117406637 3.804559352137678 3.6356733016454257 3.7330730527728044 3.7955034845365736 3.8947514340034837 3.7775948223096445 3.6709278713963025 3.858563995863041 3.6269688296878213 3.7775948223096445 3.858563995863041 3.9583425389599913 3.6181028403300237 3.9583425389599913 3.9218993832188556 3.7508886629289946 3.6445584711110413 3.8947514340034837 3.7330730527728044 4.387682634199195 4.34021505789757 4.27389700972598 4.059398514738147 4.35921385541505 4.330635659446139 4.105560618158931 4.031664040933904 4.1800258668376475 4.022557214122902 4.208187333724751 4.133509829299363 4.245736319763044 4.105560618158931 4.124123872267262 4.1800258668376475 4.077872904589594 4.560642437348045 4.736262166944972 4.4258837292217255 4.677432327650685
0.120000 2.719934394004002 2.7662645407768167 3.150140654150466 3.076310974966537 2.8363805576478125 3.0357668950244268 2.89946749583966 3.1336813213896 3.084543418727391 3.1666399026804894 3.1089889111804934 3.1666399026804894 3.1666399026804894 3.084543418727391 3.258015913974275 3.359147890730457 3.3847337923487957 3.3507481470859304 3.478913368272576 3.4616876158961567 3.583075966486862 3.3761404886397117 3.4616876158961567 3.3847337923487957 3.5395914360977594 3.266470160233948 3.2412984784516516 3.4961777259428795 3.2832470730245484 3.4703791711716385 3.5656197122137576 3.4961777259428795 3.5482016839953343 3.4703791711716385 3.4531725219753477 3.359147890730457 3.3507481470859304 3.316919059168708 3.224620615797176 3.4703791711716385 3.2163765290620767 3.4445005425392914 3.2915692445190046 3.5569905434876103 3.487624461659719 3.7330730527728044 3.6532816723590718 3.679851275526602 3.662185980192619 3.6886118167516244 3.6886118167516244 3.6181028403300237 3.7330730527728044 3.609417136670968 3.858563995863041 3.6886118167516244 3.8314321765100012 3.6356733016454257 3.804559352137678 3.912900182995015 3.9037325359196138 3.976618659079132 3.7330730527728044 3.9675654368237803 3.9858598763479023 3.7240926157308536 3.6356733016454257 3.8225239117406637 3.715294895303003 3.804559352137678 3.7775948223096445 3.6181028403300237 3.9310854954678334 3.9310854954678334 3.786631899160151 3.6445584711110413 3.9037325359196138 3.6005703687441484 3.7775948223096445 4.311688368423777 4.161356600048034 4.087032906984074 4.1987302626375635 4.105560618158931 4.189465240303201 4.152126383386034 4.031664040933904 4.050084518251851 4.031664040933904 4.133509829299363 4.311688368423777 4.17077822183587 4.245736319763044 4.050084518251851 4.1800258668376475 4.330635659446139 4.677432327650685 4.580026035009029 4.580026035009029 4.560642437348045
0.130000 2.7817903811287406 2.758444374347024 3.199757902151695 3.1253880083974157 3.068244346893695 3.092629880406265 3.1913838645082113 2.875807928460546 3.003450744285498 3.1913838645082113 3.0357668950244268 2.8207111595260184 3.092629880406265 2.9312558679539493 3.410242724324369 3.258015913974275 3.3338139991916433 3.478913368272576 3.4961777259428795 3.5222306692969467 3.316919059168708 3.5308219592547823 3.32528008209297 3.4445005425392914 3.224620615797176 3.583075966486862 3.4017851508814365 3.32528008209297 3.478913368272576 3.4017851508814365 3.5656197122137576 3.266470160233948 3.5395914360977594 3.4703791711716385 3.5222306692969467 3.5308219592547823 3.359147890730457 3.367721434473514 3.583075966486862 3.41887543958404 3.3338139991916433 3.5308219592547823 3.427352221294627 3.359147890730457 3.224620615797176 3.6005703687441484 3.804559352137678 3.6709278713963025 3.7418893017975585 3.6445584711110413 3.8405254894299046 3.662185980192619 3.9675654368237803 3.949307278152234 3.849452029292252 3.6181028403300237 3.609417136670968 3.7330730527728044 3.849452029292252 3.679851275526602 3.9037325359196138 3.7418893017975585 3.8405254894299046 3.6356733016454257 3.768741640443454 3.6269688296878213 3.813449298647461 3.949307278152234 3.6356733016454257 3.8766393410359554 3.7418893017975585 3.813449298647461 3.994931013794065 3.6269688296878213 3.6269688296878213 3.8766393410359554 3.7775948223096445 3.6886118167516244 3.786631899160151 4.34021505789757 4.2550531631440744 4.142722567221125 4.378246740791886 4.031664040933904 4.311688368423777 4.031664040933904 4.077872904589594 4.27389700972598 4.013279506756297 4.050084518251851 4.087032906984074 4.133509829299363 4.35921385541505 4.152126383386034 4.161356600048034 4.09638298767736 4.795377261468363 4.5510575218429565 4.589824969666061 4.502689204348403
0.140000 2.6968371342160555 2.7662645407768167 3.1583061641901065 3.0275955901797973 3.0600322532138695 3.076310974966537 2.8600359004679246 3.1913838645082113 3.1253880083974157 3.0275955901797973 3.1913838645082113 3.1913838645082113 3.051985486538066 3.183179005903807 3.5569905434876103 3.5656197122137576 3.3761404886397117 3.4961777259428795 3.4531725219753477 3.32528008209297 3.4961777259428795 3.5569905434876103 3.5222306692969467 3.3847337923487957 3.591903471894591 3.274772857790347 3.5134806146228708 3.4703791711716385 3.410242724324369 3.5049083193135044 3.4531725219753477 3.4961777259428795 3.5744279146298683 3.5049083193135044 3.4616876158961567 3.266470160233948 3.41887543958404 3.5222306692969467 3.583075966486862 3.487624461659719 3.5482016839953343 3.266470160233948 3.41887543958404 3.3338139991916433 3.3847337923487957 3.949307278152234 3.6356733016454257 3.6886118167516244 3.858563995863041 3.6005703687441484 3.8766393410359554 3.7330730527728044 3.706333425945615 3.768741640443454 3.6005703687441484 3.7330730527728044 3.7775948223096445 3.7597233992346464 3.6532816723590718 3.8314321765100012 3.6445584711110413 3.804559352137678 3.8405254894299046 3.858563995863041 3.6975542749607624 3.8405254894299046 3.679851275526602 3.7775948223096445 3.8947514340034837 3.8225239117406637 3.9310854954678334 3.849452029292252 3.6005703687441484 3.6975542749607624 3.912900182995015 3.9218993832188556 3.8314321765100012 3.976618659079132 3.8314321765100012 4.114928663178128 4.264562997420372 4.217469681706391 4.264562997420372 4.114928663178128 4.397313599800975 4.226944395924057 4.133509829299363 4.1800258668376475 4.189465240303201 4.087032906984074 4.34021505789757 4.004190501010748 4.068540840102059 4.368632905651625 4.189465240303201 4.031664040933904 4.580026035009029 4.45471686346053 4.502689204348403 4.4067662805426995
0.150000 2.7353365011881885 2.666281752772024 2.9712963409361106 3.0357668950244268 2.923368963259543 3.1336813213896 2.963206958809479 3.150140654150466 3.1913838645082113 3.1336813213896 3.051985486538066 2.9953203443393015 3.1666399026804894 3.1253880083974157 3.2079823900123703 3.4360045872801006 3.5308219592547823 3.5308219592547823 3.427352221294627 3.5049083193135044 3.4961777259428795 3.393172123155076 3.274772857790347 3.308405008172237 3.4017851508814365 3.5656197122137576 3.591903471894591 3.41887543958404 3.5222306692969467 3.3847337923487957 3.4961777259428795 3.367721434473514 3.4360045872801006 3.4360045872801006 3.5744279146298683 3.5308219592547823 3.5222306692969467 3.2079823900123703 3.2163765290620767 3.4703791711716385 3.3338139991916433 3.308405008172237 3.393172123155076 3.258015913974275 3.2915692445190046 3.8675087672497956 3.8405254894299046 3.715294895303003 3.858563995863041 3.768741640443454 3.7330730527728044 3.8405254894299046 3.7775948223096445 3.7330730527728044 3.7418893017975585 3.9583425389599913 3.9218993832188556 3.9858598763479023 3.976618659079132 3.9218993832188556 3.786631899160151 3.9218993832188556 3.804559352137678 3.804559352137678 3.706333425945615 3.7597233992346464 3.9310854954678334 3.7418893017975585 3.976618659079132 3.6886118167516244 3.662185980192619 3.804559352137678 3.7240926157308536 3.6709278713963025 3.8405254894299046 3.994931013794065 3.994931013794065 3.6269688296878213 3.9310854954678334 4.1800258668376475 4.2834243201376205 4.004190501010748 4.17077822183587 4.013279506756297 4.068540840102059 4.013279506756297 4.068540840102059 4.133509829299363 4.142722567221125 4.387682634199195 4.2550531631440744 4.133509829299363 4.34961720950167 4.152126383386034 4.245736319763044 4.124123872267262 4.4067662805426995 4.755935679775094 4.61889126864975 4.560642437348045
0.160000 2.681538720054648 2.643544776344315 3.1583061641901065 3.199757902151695 3.084543418727391 2.9712963409361106 3.1253880083974157 3.1089889111804934 3.141827112759656 3.100882644135794 2.883634459153842 3.1913838645082113 2.9153413159340302 3.1089889111804934 3.41887543958404 3.41887543958404 3.274772857790347 3.4017851508814365 3.359147890730457 3.2915692445190046 3.487624461659719 3.367721434473514 3.3761404886397117 3.4445005425392914 3.308405008172237 3.258015913974275 3.4703791711716385 3.591903471894591 3.427352221294627 3.3421943989254994 3.266470160233948 3.2330348235664155 3.266470160233948 3.5482016839953343 3.274772857790347 3.5049083193135044 3.3421943989254994 3.2412984784516516 3.2330348235664155 3.3761404886397117 3.4961777259428795 3.2163765290620767 3.2915692445190046 3.4531725219753477 3.4531725219753477 3.6975542749607624 3.7597233992346464 3.679851275526602 3.7240926157308536 3.7240926157308536 3.7775948223096445 3.6886118167516244 3.9675654368237803 3.768741640443454 3.7775948223096445 3.849452029292252 3.9401027488501636 3.6975542749607624 3.8405254894299046 3.6005703687441484 3.8405254894299046 3.6886118167516244 3.662185980192619 3.6709278713963025 3.9037325359196138 3.6356733016454257 3.9675654368237803 3.6975542749607624 3.885602299887906 3.7418893017975585 3.6975542749607624 3.6532816723590718 3.8947514340034837 3.6975542749607624 3.9310854954678334 3.9037325359196138 3.6886118167516244 3.6356733016454257 3.9310854954678334 4.217469681706391 4.105560618158931 4.068540840102059 4.35921385541505 4.04095991813958 4.217469681706391 4.189465240303201 4.087032906984074 4.031664040933904 4.161356600048034 4.2834243201376205 4.059398514738147 4.114928663178128 4.226944395924057 4.27389700972598 4.321250461472404 4.264562997420372 4.531723093439896 4.5994423537970714 4.580026035009029 4.589824969666061
0.170000 2.6587397644483315 2.750779898693886 2.963206958809479 2.963206958809479 3.199757902151695 2.963206958809479 3.1172619647621516 3.141827112759656 3.1748251019000335 3.1172619647621516 3.100882644135794 3.1913838645082113 3.0357668950244268 3.183179005903807 3.266470160233948 3.2412984784516516 3.4360045872801006 3.3847337923487957 3.5308219592547823 3.5395914360977594 3.5656197122137576 3.3847337923487957 3.224620615797176 3.5308219592547823 3.2330348235664155 3.3507481470859304 3.274772857790347 3.478913368272576 3.5569905434876103 3.3421943989254994 3.5395914360977594 3.487624461659719 3.5656197122137576 3.5049083193135044 3.5744279146298683 3.2915692445190046 3.4703791711716385 3.41887543958404 3.410242724324369 3.478913368272576 3.5656197122137576 3.5744279146298683 3.591903471894591 3.2412984784516516 3.4017851508814365 3.662185980192619 3.976618659079132 3.7240926157308536 3.706333425945615 3.849452029292252 3.6886118167516244 3.679851275526602 3.7955034845365736 3.6269688296878213 3.6532816723590718 3.8766393410359554 3.9037325359196138 3.6005703687441484 3.6886118167516244 3.813449298647461 3.813449298647461 3.8314321765100012 3.8314321765100012 3.706333425945615 3.715294895303003 3.994931013794065 3.7955034845365736 3.9218993832188556 3.6005703687441484 3.849452029292252 3.715294895303003 3.804559352137678 3.715294895303003 3.6181028403300237 3.9583425389599913 3.8405254894299046 3.715294895303003 3.8314321765100012 3.786631899160151 4.2834243201376205 4.17077822183587 4.133509829299363 4.031664040933904 4.1987302626375635 4.17077822183587 4.013279506756297 4.27389700972598 4.321250461472404 4.04095991813958 4.245736319763044 4.068540840102059 4.087032906984074 4.208187333724751 4.077872904589594 4.1987302626375635 4.226944395924057 4.60925774129937 4.706907035824327 4.4258837292217255 4.416414317370283
0.180000 2.7275581271899076 2.6739762636570186 2.883634459153842 2.9312558679539493 3.1253880083974157 3.183179005903807 3.0275955901797973 3.199757902151695 3.0114377622100448 2.9153413159340302 2.883634459153842 3.1089889111804934 3.0357668950244268 3.1666399026804894 3.2497327220614505 3.5569905434876103 3.591903471894591 3.393172123155076 3.2915692445190046 3.591903471894591 3.3421943989254994 3.3761404886397117 3.478913368272576 3.3338139991916433 3.5569905434876103 3.367721434473514 3.5049083193135044 3.5049083193135044 3.4017851508814365 3.2330348235664155 3.2497327220614505 3.3761404886397117 3.5656197122137576 3.2412984784516516 3.2497327220614505 3.487624461659719 3.4445005425392914 3.5395914360977594 3.5744279146298683 3.5482016839953343 3.393172123155076 3.359147890730457 3.308405008172237 3.5222306692969467 3.591903471894591 3.9401027488501636 3.949307278152234 3.679851275526602 3.8314321765100012 3.6886118167516244 3.706333425945615 3.609417136670968 3.6181028403300237 3.6181028403300237 3.7955034845365736 3.6269688296878213 3.6269688296878213 3.706333425945615 3.858563995863041 3.768741640443454 3.715294895303003 3.609417136670968 3.9401027488501636 3.8314321765100012 3.6709278713963025 3.6356733016454257 3.7240926157308536 3.6886118167516244 3.6975542749607624 3.7775948223096445 3.885602299887906 3.6269688296878213 3.6886118167516244 3.9401027488501636 3.6532816723590718 3.9037325359196138 3.9037325359196138 3.6709278713963025 3.7955034845365736 4.397313599800975 4.04095991813958 4.208187333724751 4.217469681706391 4.077872904589594 4.031664040933904 4.152126383386034 4.189465240303201 4.236244017697849 4.17077822183587 4.2834243201376205 4.1800258668376475 4.17077822183587 4.114928663178128 4.2834243201376205 4.114928663178128 4.161356600048034 4.77564075582857 4.580026035009029 4.4258837292217255 4.4067662805426995
0.190000 2.704573622330376 2.7662645407768167 2.9153413159340302 3.1666399026804894 3.141827112759656 3.0275955901797973 3.183179005903807 3.092629880406265 2.867842256978591 3.1748251019000335 3.1748251019000335 3.0114377622100448 3.183179005903807 3.100882644135794 3.308405008172237 3.5656197122137576 3.4360045872801006 3.2497327220614505 3.4017851508814365 3.3338139991916433 3.393172123155076 3.266470160233948 3.410242724324369 3.4961777259428795 3.3421943989254994 3.308405008172237 3.308405008172237 3.5222306692969467 3.478913368272576 3.41887543958404 3.5222306692969467 3.5134806146228708 3.591903471894591 3.583075966486862 3.4961777259428795 3.5744279146298683 3.478913368272576 3.367721434473514 3.4017851508814365 3.4616876158961567 3.2497327220614505 3.359147890730457 3.3761404886397117 3.266470160233948 3.4961777259428795 3.9583425389599913 3.949307278152234 3.949307278152234 3.6356733016454257 3.949307278152234 3.9858598763479023 3.662185980192619 3.662185980192619 3.6709278713963025 3.8947514340034837 3.706333425945615 3.6356733016454257 3.6356733016454257 3.786631899160151 3.7418893017975585 3.8766393410359554 3.813449298647461 3.8675087672497956 3.7508886629289946 3.949307278152234 3.7775948223096445 3.9583425389599913 3.976618659079132 3.6975542749607624 3.858563995863041 3.9583425389599913 3.6005703687441484 3.813449298647461 3.9583425389599913 3.6445584711110413 3.6005703687441484 3.6181028403300237 3.9858598763479023 3.885602299887906 4.321250461472404 4.321250461472404 4.105560618158931 4.068540840102059 4.077872904589594 4.077872904589594 4.217469681706391 4.04095991813958 4.004190501010748 4.013279506756297 4.17077822183587 4.311688368423777 4.17077822183587 4.321250461472404 4.161356600048034 4.142722567221125 4.142722567221125 4.677432327650685 4.580026035009029 4.589824969666061 4.78560126157025
0.200000 2.560647071112147 2.719934394004002 3.1089889111804934 3.1666399026804894 2.9153413159340302 3.0600322532138695 3.150140654150466 2.8600359004679246 2.939304120852559 3.1583061641901065 3.092629880406265 3.183179005903807 3.1748251019000335 3.0600322532138695 3.308405008172237 3.3421943989254994 3.266470160233948 3.487624461659719 3.5569905434876103 3.4445005425392914 3.274772857790347 3.478913368272576 3.4531725219753477 3.393172123155076 3.32528008209297 3.2163765290620767 3.4703791711716385 3.367721434473514 3.427352221294627 3.478913368272576 3.308405008172237 3.4961777259428795 3.478913368272576 3.5395914360977594 3.3847337923487957 3.308405008172237 3.3847337923487957 3.427352221294627 3.583075966486862 3.4017851508814365 3.478913368272576 3.410242724324369 3.3338139991916433 3.258015913974275 3.4531725219753477 3.6975542749607624 3.715294895303003 3.6356733016454257 3.7775948223096445 3.8314321765100012 3.858563995863041 3.609417136670968 3.7508886629289946 3.9037325359196138 3.849452029292252 3.8225239117406637 3.7240926157308536 3.8405254894299046 3.7597233992346464 3.6886118167516244 3.9037325359196138 3.7508886629289946 3.858563995863041 3.9310854954678334 3.768741640443454 3.9310854954678334 3.6445584711110413 3.6886118167516244 3.813449298647461 3.6975542749607624 3.6356733016454257 3.949307278152234 3.7775948223096445 3.7418893017975585 3.949307278152234 3.662185980192619 3.804559352137678 3.679851275526602 3.849452029292252 4.031664040933904 4.059398514738147 4.2550531631440744 4.2550531631440744 4.124123872267262 4.087032906984074 4.330635659446139 4.35921385541505 4.245736319763044 4.226944395924057 4.031664040933904 4.013279506756297 4.09638298767736 4.330635659446139 4.004190501010748 4.004190501010748 4.050084518251851 4.5510575218429565 4.706907035824327 4.435548777559674 4.648220753516788
0.210000 2.773949354294852 2.773949354294852 3.150140654150466 2.939304120852559 3.068244346893695 3.0357668950244268 3.092629880406265 3.199757902151695 3.1583061641901065 2.963206958809479 3.100882644135794 3.1748251019000335 3.1336813213896 2.9712963409361106 3.4703791711716385 3.393172123155076 3.3847337923487957 3.3847337923487957 3.4360045872801006 3.4360045872801006 3.3421943989254994 3.2412984784516516 3.5569905434876103 3.32528008209297 3.487624461659719 3.5482016839953343 3.5134806146228708 3.5569905434876103 3.266470160233948 3.266470160233948 3.32528008209297 3.3421943989254994 3.5744279146298683 3.274772857790347 3.478913368272576 3.5308219592547823 3.5569905434876103 3.3338139991916433 3.5744279146298683 3.3421943989254994 3.393172123155076 3.583075966486862 3.3507481470859304 3.583075966486862 3.224620615797176 3.849452029292252 3.9310854954678334 3.8766393410359554 3.8405254894299046 3.813449298647461 3.976618659079132 3.912900182995015 3.9858598763479023 3.7330730527728044 3.7240926157308536 3.679851275526602 3.786631899160151 3.7955034845365736 3.6532816723590718 3.786631899160151 3.9583425389599913 3.7330730527728044 3.6356733016454257 3.6532816723590718 3.6181028403300237 3.6269688296878213 3.9401027488501636 3.6005703687441484 3.858563995863041 3.9310854954678334 3.7597233992346464 3.949307278152234 3.8405254894299046 3.6269688296878213 3.813449298647461 3.9675654368237803 3.949307278152234 3.858563995863041 3.8766393410359554 4.378246740791886 4.311688368423777 4.04095991813958 4.105560618158931 4.378246740791886 4.013279506756297 4.105560618158931 4.09638298767736 4.1987302626375635 4.09638298767736 4.245736319763044 4.077872904589594 4.245736319763044 4.2550531631440744 4.1987302626375635 4.04095991813958 4.152126383386034 4.5510575218429565 4.5994423537970714 4.4258837292217255 4.502689204348403
0.220000 2.750779898693886 2.575612725121416 3.1583061641901065 3.1336813213896 3.0195886289076617 3.003450744285498 3.1913838645082113 3.0114377622100448 3.051985486538066 2.8600359004679246 3.0357668950244268 3.1089889111804934 2.947211099811094 3.100882644135794 3.2163765290620767 3.5134806146228708 3.4531725219753477 3.591903471894591 3.5395914360977594 3.5395914360977594 3.5222306692969467 3.478913368272576 3.478913368272576 3.3421943989254994 3.2832470730245484 3.2412984784516516 3.258015913974275 3.41887543958404 3.5395914360977594 3.367721434473514 3.5134806146228708 3.583075966486862 3.2915692445190046 3.583075966486862 3.3338139991916433 3.5308219592547823 3.487624461659719 3.410242724324369 3.2163765290620767 3.359147890730457 3.4961777259428795 3.2497327220614505 3.4445005425392914 3.274772857790347 3.5569905434876103 3.662185980192619 3.6269688296878213 3.813449298647461 3.8405254894299046 3.6005703687441484 3.8405254894299046 3.6445584711110413 3.6269688296878213 3.912900182995015 3.885602299887906 3.662185980192619 3.7418893017975585 3.6886118167516244 3.7418893017975585 3.7508886629289946 3.6975542749607624 3.813449298647461 3.6709278713963025 3.885602299887906 3.786631899160151 3.7955034845365736 3.786631899160151 3.949307278152234 3.715294895303003 3.8766393410359554 3.7775948223096445 3.7508886629289946 3.8675087672497956 3.8405254894299046 3.8225239117406637 3.715294895303003 3.6709278713963025 3.6269688296878213 3.6181028403300237 4.031664040933904 4.022557214122902 4.161356600048034 4.208187333724751 4.09638298767736 4.114928663178128 4.087032906984074 4.208187333724751 4.013279506756297 4.068540840102059 4.152126383386034 4.004190501010748 4.09638298767736 4.226944395924057 4.124123872267262 4.09638298767736 4.105560618158931 4.493153440002571 4.5704248550692625 4.502689204348403 4.677432327650685
0.230000 2.4132947360270545 2.643544776344315 2.9153413159340302 2.9712963409361106 2.9153413159340302 3.1748251019000335 2.947211099811094 2.9712963409361106 3.0275955901797973 3.0437937726389976 3.100882644135794 3.1583061641901065 2.963206958809479 3.199757902151695 3.224620615797176 3.5569905434876103 3.410242724324369 3.2330348235664155 3.224620615797176 3.393172123155076 3.478913368272576 3.41887543958404 3.4445005425392914 3.224620615797176 3.224620615797176 3.266470160233948 3.258015913974275 3.4445005425392914 3.393172123155076 3.3847337923487957 3.4961777259428795 3.3761404886397117 3.5049083193135044 3.3421943989254994 3.2915692445190046 3.410242724324369 3.5395914360977594 3.4703791711716385 3.224620615797176 3.5308219592547823 3.487624461659719 3.4961777259428795 3.5744279146298683 3.2832470730245484 3.5569905434876103 3.8225239117406637 3.8405254894299046 3.6356733016454257 3.786631899160151 3.949307278152234 3.9583425389599913 3.9583425389599913 3.715294895303003 3.7775948223096445 3.6445584711110413 3.9858598763479023 3.6356733016454257 3.768741640443454 3.813449298647461 3.768741640443454 3.9675654368237803 3.804559352137678 3.813449298647461 3.6356733016454257 3.7330730527728044 3.6005703687441484 3.679851275526602 3.7775948223096445 3.994931013794065 3.6356733016454257 3.8225239117406637 3.912900182995015 3.804559352137678 3.6445584711110413 3.6269688296878213 3.9310854954678334 3.804559352137678 3.706333425945615 3.9401027488501636 4.245736319763044 4.34961720950167 4.2550531631440744 4.059398514738147 4.27389700972598 4.2550531631440744 4.077872904589594 4.031664040933904 4.264562997420372 4.077872904589594 4.124123872267262 4.226944395924057 4.04095991813958 4.17077822183587 4.34961720950167 4.34961720950167 4.1800258668376475 4.4739184571649115 4.4739184571649115 4.435548777559674 4.4739184571649115
0.240000 2.7973573730146533 2.575612725121416 2.9153413159340302 3.1336813213896 3.1336813213896 3.1666399026804894 2.9312558679539493 3.150140654150466 2.9953203443393015 3.0275955901797973 3.092629880406265 2.9712963409361106 3.199757902151695 2.883634459153842 3.3421943989254994 3.4017851508814365 3.3761404886397117 3.300063394777207 3.5569905434876103 3.2915692445190046 3.5744279146298683 3.393172123155076 3.359147890730457 3.308405008172237 3.5482016839953343 3.4961777259428795 3.3847337923487957 3.359147890730457 3.308405008172237 3.5222306692969467 3.316919059168708 3.5395914360977594 3.591903471894591 3.410242724324369 3.2330348235664155 3.591903471894591 3.3507481470859304 3.4445005425392914 3.427352221294627 3.5222306692969467 3.4961777259428795 3.359147890730457 3.300063394777207 3.478913368272576 3.410242724324369 3.994931013794065 3.7418893017975585 3.9310854954678334 3.9583425389599913 3.813449298647461 3.8766393410359554 3.6181028403300237 3.7597233992346464 3.609417136670968 3.768741640443454 3.7240926157308536 3.994931013794065 3.813449298647461 3.7240926157308536 3.9218993832188556 3.7597233992346464 3.976618659079132 3.885602299887906 3.9218993832188556 3.6005703687441484 3.994931013794065 3.662185980192619 3.7330730527728044 3.768741640443454 3.7330730527728044 3.813449298647461 3.7955034845365736 3.609417136670968 3.7775948223096445 3.949307278152234 3.9858598763479023 3.858563995863041 3.912900182995015 3.885602299887906 4.105560618158931 4.245736319763044 4.077872904589594 4.161356600048034 4.004190501010748 4.133509829299363 4.105560618158931 4.077872904589594 4.245736319763044 4.04095991813958 4.2550531631440744 4.09638298767736 4.114928663178128 4.321250461472404 4.17077822183587 4.031664040933904 4.114928663178128 4.512421692304587 4.5994423537970714 4.755935679775094 4.60925774129937
0.250000 2.7662645407768167 2.7817903811287406 2.883634459153842 3.141827112759656 2.95527993109547 3.1089889111804934 2.8520909398927943 3.183179005903807 2.9153413159340302 3.1172619647621516 3.1253880083974157 3.1089889111804934 3.076310974966537 3.0114377622100448 3.5308219592547823 3.5656197122137576 3.5744279146298683 3.308405008172237 3.4360045872801006 3.5744279146298683 3.5308219592547823 3.5308219592547823 3.5744279146298683 3.359147890730457 3.2330348235664155 3.487624461659719 3.5222306692969467 3.5049083193135044 3.5482016839953343 3.3761404886397117 3.393172123155076 3.2163765290620767 3.367721434473514 3.478913368272576 3.41887543958404 3.2832470730245484 3.478913368272576 3.3421943989254994 3.300063394777207 3.393172123155076 3.308405008172237 3.5134806146228708 3.2330348235664155 3.300063394777207 3.5395914360977594 3.8225239117406637 3.786631899160151 3.8766393410359554 3.7418893017975585 3.6709278713963025 3.804559352137678 3.6532816723590718 3.9858598763479023 3.8675087672497956 3.7597233992346464 3.858563995863041 3.9583425389599913 3.7597233992346464 3.786631899160151 3.9037325359196138 3.7330730527728044 3.6532816723590718 3.6356733016454257 3.804559352137678 3.9401027488501636 3.912900182995015 3.7418893017975585 3.786631899160151 3.813449298647461 3.6181028403300237 3.6532816723590718 3.6709278713963025 3.6975542749607624 3.786631899160151 3.6886118167516244 3.9037325359196138 3.8766393410359554 3.9675654368237803 3.7955034845365736 4.226944395924057 4.050084518251851 4.387682634199195 4.114928663178128 4.077872904589594 4.087032906984074 4.161356600048034 4.217469681706391 4.27389700972598 4.142722567221125 4.245736319763044 4.124123872267262 4.311688368423777 4.236244017697849 4.152126383386034 4.236244017697849 4.152126383386034 4.795377261468363 4.45471686346053 4.464219566817621 4.445034863749972
0.260000 2.6056692116350813 2.6132795030938096 3.1336813213896 3.1089889111804934 2.867842256978591 3.1748251019000335 2.923368963259543 3.0275955901797973 2.9074745108151703 2.9792433916584864 3.1666399026804894 3.092629880406265 2.8363805576478125 3.150140654150466 3.4531725219753477 3.5656197122137576 3.5482016839953343 3.487624461659719 3.4616876158961567 3.308405008172237 3.300063394777207 3.5744279146298683 3.5049083193135044 3.583075966486862 3.4616876158961567 3.2079823900123703 3.367721434473514 3.32528008209297 3.487624461659719 3.300063394777207 3.258015913974275 3.4961777259428795 3.4961777259428795 3.3421943989254994 3.427352221294627 3.5222306692969467 3.591903471894591 3.5656197122137576 3.3761404886397117 3.393172123155076 3.359147890730457 3.3847337923487957 3.5049083193135044 3.300063394777207 3.5222306692969467 3.813449298647461 3.6886118167516244 3.8225239117406637 3.6886118167516244 3.662185980192619 3.6269688296878213 3.706333425945615 3.8766393410359554 3.813449298647461 3.6975542749607624 3.7418893017975585 3.7775948223096445 3.949307278152234 3.7418893017975585 3.858563995863041 3.6356733016454257 3.9583425389599913 3.679851275526602 3.706333425945615 3.6709278713963025 3.8225239117406637 3.7508886629289946 3.7240926157308536 3.813449298647461 3.885602299887906 3.9218993832188556 3.609417136670968 3.994931013794065 3.885602299887906 3.6005703687441484 3.7240926157308536 3.849452029292252 3.976618659079132 3.976618659079132 4.124123872267262 4.2834243201376205 4.35921385541505 4.105560618158931 4.031664040933904 4.245736319763044 4.142722567221125 4.378246740791886 4.161356600048034 4.114928663178128 4.124123872267262 4.208187333724751 4.050084518251851 4.124123872267262 4.217469681706391 4.087032906984074 4.245736319763044 4.445034863749972 4.4258837292217255 4.464219566817621 4.746190893645621
0.270000 2.7894955100188352 2.553248929158992 3.1172619647621516 2.875807928460546 3.076310974966537 3.084543418727391 3.0275955901797973 3.1913838645082113 2.9712963409361106 3.0195886289076617 3.141827112759656 3.1172619647621516 3.051985486538066 2.8207111595260184 3.5222306692969467 3.5308219592547823 3.2163765290620767 3.393172123155076 3.2412984784516516 3.41887543958404 3.308405008172237 3.4531725219753477 3.427352221294627 3.41887543958404 3.591903471894591 3.3507481470859304 3.274772857790347 3.5656197122137576 3.5222306692969467 3.5744279146298683 3.367721434473514 3.359147890730457 3.2079823900123703 3.2330348235664155 3.5482016839953343 3.2330348235664155 3.5569905434876103 3.591903471894591 3.3507481470859304 3.4531725219753477 3.5308219592547823 3.4445005425392914 3.258015913974275 3.2412984784516516 3.4703791711716385 3.6181028403300237 3.7775948223096445 3.7508886629289946 3.679851275526602 3.8766393410359554 3.885602299887906 3.6886118167516244 3.8675087672497956 3.8405254894299046 3.6709278713963025 3.8947514340034837 3.706333425945615 3.6445584711110413 3.715294895303003 3.8947514340034837 3.9218993832188556 3.6709278713963025 3.6709278713963025 3.949307278152234 3.849452029292252 3.6709278713963025 3.6181028403300237 3.8405254894299046 3.976618659079132 3.885602299887906 3.679851275526602 3.6356733016454257 3.6445584711110413 3.7775948223096445 3.7597233992346464 3.6269688296878213 3.7775948223096445 3.858563995863041 3.994931013794065 4.189465240303201 4.378246740791886 4.068540840102059 4.2550531631440744 4.321250461472404 4.264562997420372 4.087032906984074 4.217469681706391 4.013279506756297 4.217469681706391 4.105560618158931 4.264562997420372 4.04095991813958 4.217469681706391 4.059398514738147 4.04095991813958 4.226944395924057 4.45471686346053 4.483437720084692 4.5510575218429565 4.580026035009029
0.280000 2.758444374347024 2.479151457626161 3.1172619647621516 3.084543418727391 3.183179005903807 3.1748251019000335 2.9953203443393015 2.883634459153842 3.1336813213896 3.0275955901797973 3.1336813213896 2.9153413159340302 2.89946749583966 2.8520909398927943 3.4017851508814365 3.3507481470859304 3.4445005425392914 3.583075966486862 3.5049083193135044 3.583075966486862 3.5134806146228708 3.5656197122137576 3.5569905434876103 3.4961777259428795 3.393172123155076 3.2412984784516516 3.300063394777207 3.266470160233948 3.5395914360977594 3.4017851508814365 3.4616876158961567 3.316919059168708 3.583075966486862 3.367721434473514 3.5482016839953343 3.316919059168708 3.32528008209297 3.224620615797176 3.308405008172237 3.274772857790347 3.224620615797176 3.4703791711716385 3.4961777259428795 3.487624461659719 3.3761404886397117 3.8225239117406637 3.6181028403300237 3.8405254894299046 3.7775948223096445 3.8314321765100012 3.804559352137678 3.6709278713963025 3.8675087672497956 3.7597233992346464 3.662185980192619 3.6975542749607624 3.6445584711110413 3.6975542749607624 3.6181028403300237 3.6886118167516244 3.9218993832188556 3.9858598763479023 3.8225239117406637 3.715294895303003 3.8314321765100012 3.7240926157308536 3.8766393410359554 3.7775948223096445 3.6709278713963025 3.6269688296878213 3.9310854954678334 3.8947514340034837 3.976618659079132 3.858563995863041 3.813449298647461 3.7597233992346464 3.7775948223096445 3.768741640443454 3.813449298647461 4.022557214122902 4.161356600048034 4.208187333724751 4.09638298767736 4.2550531631440744 4.330635659446139 4.17077822183587 4.35921385541505 4.189465240303201 4.189465240303201 4.152126383386034 4.087032906984074 4.068540840102059 4.142722567221125 4.17077822183587 4.292775448258381 4.35921385541505 4.4067662805426995 4.580026035009029 4.416414317370283 4.45471686346053
0.290000 2.742980616656126 2.750779898693886 3.1748251019000335 3.1089889111804934 2.947211099811094 3.076310974966537 3.150140654150466 2.8600359004679246 3.183179005903807 3.150140654150466 3.0357668950244268 2.9792433916584864 2.9873532967155483 3.084543418727391 3.5482016839953343 3.5222306692969467 3.308405008172237 3.32528008209297 3.487624461659719 3.3847337923487957 3.4445005425392914 3.4703791711716385 3.5222306692969467 3.4445005425392914 3.5744279146298683 3.3421943989254994 3.367721434473514 3.308405008172237 3.266470160233948 3.4360045872801006 3.4616876158961567 3.4531725219753477 3.300063394777207 3.367721434473514 3.3847337923487957 3.4616876158961567 3.591903471894591 3.583075966486862 3.2497327220614505 3.5744279146298683 3.2832470730245484 3.5134806146228708 3.5569905434876103 3.4616876158961567 3.367721434473514 3.8766393410359554 3.6356733016454257 3.662185980192619 3.6445584711110413 3.8314321765100012 3.609417136670968 3.9218993832188556 3.7597233992346464 3.813449298647461 3.679851275526602 3.662185980192619 3.679851275526602 3.7508886629289946 3.768741640443454 3.976618659079132 3.6445584711110413 3.7955034845365736 3.609417136670968 3.8675087672497956 3.7240926157308536 3.6709278713963025 3.706333425945615 3.6005703687441484 3.804559352137678 3.8947514340034837 3.7240926157308536 3.9218993832188556 3.715294895303003 3.6269688296878213 3.6005703687441484 3.8766393410359554 3.609417136670968 3.949307278152234 3.8225239117406637 4.236244017697849 4.077872904589594 4.059398514738147 4.124123872267262 4.013279506756297 4.189465240303201 4.1800258668376475 4.04095991813958 4.292775448258381 4.17077822183587 4.302320178347698 4.004190501010748 4.105560618158931 4.152126383386034 4.34021505789757 4.142722567221125 4.04095991813958 4.5994423537970714 4.726533084856339 4.531723093439896 4.416414317370283
0.300000 2.666281752772024 2.5457231966463083 3.100882644135794 3.076310974966537 2.8600359004679246 2.9153413159340302 3.068244346893695 2.875807928460546 3.003450744285498 3.150140654150466 3.092629880406265 2.947211099811094 2.875807928460546 2.828614621459107 3.5134806146228708 3.4961777259428795 3.5049083193135044 3.2832470730245484 3.5482016839953343 3.478913368272576 3.300063394777207 3.3761404886397117 3.5222306692969467 3.5049083193135044 3.2832470730245484 3.5308219592547823 3.4360045872801006 3.274772857790347 3.3338139991916433 3.4445005425392914 3.410242724324369 3.591903471894591 3.4445005425392914 3.308405008172237 3.5049083193135044 3.5222306692969467 3.258015913974275 3.224620615797176 3.2330348235664155 3.258015913974275 3.4017851508814365 3.258015913974275 3.427352221294627 3.4445005425392914 3.4531725219753477 3.768741640443454 3.8405254894299046 3.6269688296878213 3.715294895303003 3.7418893017975585 3.6886118167516244 3.706333425945615 3.7508886629289946 3.858563995863041 3.7508886629289946 3.9310854954678334 3.6532816723590718 3.7955034845365736 3.9401027488501636 3.8314321765100012 3.813449298647461 3.786631899160151 3.8947514340034837 3.949307278152234 3.9218993832188556 3.768741640443454 3.9037325359196138 3.786631899160151 3.976618659079132 3.6532816723590718 3.6886118167516244 3.8947514340034837 3.7955034845365736 3.768741640443454 3.662185980192619 3.8947514340034837 3.786631899160151 3.804559352137678 3.6269688296878213 4.031664040933904 4.04095991813958 4.004190501010748 4.1800258668376475 4.04095991813958 4.17077822183587 4.208187333724751 4.292775448258381 4.226944395924057 4.226944395924057 4.114928663178128 4.208187333724751 4.34021505789757 4.050084518251851 4.013279506756297 4.133509829299363 4.059398514738147 4.45471686346053 4.7658803301983514 4.445034863749972 4.560642437348045
0.310000 2.5308411410140725 2.5906201187502864 2.8520909398927943 2.9712963409361106 3.183179005903807 3.1748251019000335 2.9074745108151703 3.0114377622100448 2.923368963259543 3.183179005903807 2.9792433916584864 3.183179005903807 3.051985486538066 3.150140654150466 3.4445005425392914 3.266470160233948 3.410242724324369 3.5656197122137576 3.393172123155076 3.4703791711716385 3.2915692445190046 3.5482016839953343 3.4360045872801006 3.41887543958404 3.316919059168708 3.410242724324369 3.591903471894591 3.5482016839953343 3.224620615797176 3.3421943989254994 3.5308219592547823 3.4531725219753477 3.367721434473514 3.5744279146298683 3.583075966486862 3.308405008172237 3.4616876158961567 3.487624461659719 3.5134806146228708 3.367721434473514 3.5569905434876103 3.427352221294627 3.2915692445190046 3.427352221294627 3.3421943989254994 3.7240926157308536 3.8225239117406637 3.768741640443454 3.8947514340034837 3.8675087672497956 3.6445584711110413 3.976618659079132 3.609417136670968 3.9675654368237803 3.813449298647461 3.706333425945615 3.6709278713963025 3.9037325359196138 3.8314321765100012 3.662185980192619 3.786631899160151 3.6886118167516244 3.9401027488501636 3.768741640443454 3.8675087672497956 3.679851275526602 3.786631899160151 3.912900182995015 3.9675654368237803 3.768741640443454 3.6532816723590718 3.8947514340034837 3.768741640443454 3.7597233992346464 3.786631899160151 3.6709278713963025 3.9858598763479023 3.9037325359196138 3.6709278713963025 4.189465240303201 4.161356600048034 4.059398514738147 4.031664040933904 4.1800258668376475 4.34021505789757 4.022557214122902 4.004190501010748 4.068540840102059 4.031664040933904 4.077872904589594 4.133509829299363 4.236244017697849 4.059398514738147 4.34021505789757 4.236244017697849 4.077872904589594 4.4067662805426995 4.464219566817621 4.483437720084692 4.45471686346053
0.320000 2.7894955100188352 2.6739762636570186 2.8443047815867 2.867842256978591 2.828614621459107 3.183179005903807 2.9153413159340302 3.068244346893695 2.95527993109547 3.1336813213896 3.068244346893695 3.051985486538066 3.076310974966537 3.0275955901797973 3.4961777259428795 3.591903471894591 3.5482016839953343 3.3761404886397117 3.5222306692969467 3.4017851508814365 3.2832470730245484 3.32528008209297 3.4961777259428795 3.316919059168708 3.224620615797176 3.5049083193135044 3.5222306692969467 3.4616876158961567 3.5656197122137576 3.5744279146298683 3.3421943989254994 3.3847337923487957 3.3847337923487957 3.4017851508814365 3.5049083193135044 3.367721434473514 3.367721434473514 3.359147890730457 3.393172123155076 3.359147890730457 3.5395914360977594 3.4017851508814365 3.4017851508814365 3.4703791711716385 3.2497327220614505 3.7597233992346464 3.885602299887906 3.7597233992346464 3.6356733016454257 3.768741640443454 3.768741640443454 3.6005703687441484 3.9858598763479023 3.6356733016454257 3.9675654368237803 3.813449298647461 3.9675654368237803 3.768741640443454 3.8675087672497956 3.7955034845365736 3.9858598763479023 3.7330730527728044 3.6445584711110413 3.662185980192619 3.949307278152234 3.7418893017975585 3.6532816723590718 3.912900182995015 3.6445584711110413 3.858563995863041 3.768741640443454 3.949307278152234 3.6532816723590718 3.6532816723590718 3.9583425389599913 3.8405254894299046 3.6445584711110413 3.949307278152234 3.6975542749607624 4.124123872267262 4.152126383386034 4.161356600048034 4.226944395924057 4.114928663178128 4.1987302626375635 4.397313599800975 4.105560618158931 4.013279506756297 4.022557214122902 4.077872904589594 4.068540840102059 4.114928663178128 4.050084518251851 4.04095991813958 4.04095991813958 4.004190501010748 4.521973899542435 4.512421692304587 4.4258837292217255 4.435548777559674
0.330000 2.7353365011881885 2.6207599630340725 3.1748251019000335 3.0357668950244268 3.1089889111804934 2.9153413159340302 3.1748251019000335 3.1583061641901065 3.1172619647621516 3.0600322532138695 2.9792433916584864 3.1583061641901065 3.141827112759656 3.092629880406265 3.5744279146298683 3.5222306692969467 3.3421943989254994 3.5395914360977594 3.591903471894591 3.583075966486862 3.2832470730245484 3.2915692445190046 3.591903471894591 3.5569905434876103 3.487624461659719 3.5395914360977594 3.3421943989254994 3.2330348235664155 3.3421943989254994 3.5222306692969467 3.410242724324369 3.5395914360977594 3.3847337923487957 3.4445005425392914 3.4445005425392914 3.4703791711716385 3.583075966486862 3.367721434473514 3.410242724324369 3.32528008209297 3.3847337923487957 3.4703791711716385 3.3421943989254994 3.308405008172237 3.5049083193135044 3.804559352137678 3.8314321765100012 3.6269688296878213 3.976618659079132 3.786631899160151 3.9401027488501636 3.9401027488501636 3.7775948223096445 3.715294895303003 3.6975542749607624 3.7597233992346464 3.7330730527728044 3.679851275526602 3.9583425389599913 3.7330730527728044 3.7597233992346464 3.6975542749607624 3.6005703687441484 3.9583425389599913 3.7240926157308536 3.7330730527728044 3.6445584711110413 3.9037325359196138 3.9310854954678334 3.6445584711110413 3.786631899160151 3.6356733016454257 3.768741640443454 3.9401027488501636 3.9583425389599913 3.8225239117406637 3.7775948223096445 3.9675654368237803 3.6975542749607624 4.1800258668376475 4.217469681706391 4.013279506756297 4.142722567221125 4.087032906984074 4.022557214122902 4.04095991813958 4.004190501010748 4.031664040933904 4.321250461472404 4.124123872267262 4.133509829299363 4.04095991813958 4.2550531631440744 4.142722567221125 4.105560618158931 4.378246740791886 4.7658803301983514 4.502689204348403 4.4258837292217255 4.493153440002571
0.340000 2.5831807784910445 2.719934394004002 2.883634459153842 3.150140654150466 3.051985486538066 2.9953203443393015 3.100882644135794 2.8207111595260184 3.003450744285498 2.9312558679539493 3.0357668950244268 3.1089889111804934 3.1913838645082113 2.963206958809479 3.2915692445190046 3.427352221294627 3.308405008172237 3.32528008209297 3.583075966486862 3.4017851508814365 3.5222306692969467 3.427352221294627 3.4360045872801006 3.2915692445190046 3.316919059168708 3.5656197122137576 3.367721434473514 3.41887543958404 3.410242724324369 3.5308219592547823 3.487624461659719 3.427352221294627 3.4531725219753477 3.3338139991916433 3.5744279146298683 3.5656197122137576 3.5569905434876103 3.487624461659719 3.583075966486862 3.300063394777207 3.2079823900123703 3.3847337923487957 3.5744279146298683 3.2497327220614505 3.5222306692969467 3.912900182995015 3.9401027488501636 3.8766393410359554 3.9037325359196138 3.9401027488501636 3.8947514340034837 3.8947514340034837 3.609417136670968 3.609417136670968 3.6356733016454257 3.8405254894299046 3.609417136670968 3.706333425945615 3.8225239117406637 3.7508886629289946 3.6181028403300237 3.6005703687441484 3.7330730527728044 3.8405254894299046 3.9858598763479023 3.715294895303003 3.6975542749607624 3.8225239117406637 3.768741640443454 3.8947514340034837 3.715294895303003 3.9675654368237803 3.7955034845365736 3.7418893017975585 3.6181028403300237 3.994931013794065 3.8405254894299046 3.6181028403300237 3.7418893017975585 4.133509829299363 4.09638298767736 4.35921385541505 4.031664040933904 4.114928663178128 4.105560618158931 4.208187333724751 4.292775448258381 4.142722567221125 4.087032906984074 4.368632905651625 4.321250461472404 4.077872904589594 4.114928663178128 4.161356600048034 4.236244017697849 4.189465240303201 4.726533084856339 4.560642437348045 4.5704248550692625 4.464219566817621
0.350000 2.6358923316510894 2.7817903811287406 3.076310974966537 3.1253880083974157 3.183179005903807 2.8443047815867 2.9873532967155483 3.076310974966537 2.947211099811094 2.8600359004679246 3.1172619647621516 3.150140654150466 3.084543418727391 2.9312558679539493 3.5744279146298683 3.5656197122137576 3.2497327220614505 3.5134806146228708 3.4616876158961567 3.478913368272576 3.5569905434876103 3.2915692445190046 3.308405008172237 3.300063394777207 3.4017851508814365 3.2079823900123703 3.487624461659719 3.2412984784516516 3.5308219592547823 3.583075966486862 3.410242724324369 3.266470160233948 3.258015913974275 3.4017851508814365 3.3421943989254994 3.583075966486862 3.5395914360977594 3.487624461659719 3.266470160233948 3.4445005425392914 3.2330348235664155 3.5222306692969467 3.300063394777207 3.410242724324369 3.5395914360977594 3.7597233992346464 3.9858598763479023 3.849452029292252 3.715294895303003 3.609417136670968 3.7597233992346464 3.8766393410359554 3.885602299887906 3.9037325359196138 3.6532816723590718 3.858563995863041 3.9675654368237803 3.8314321765100012 3.8675087672497956 3.7418893017975585 3.976618659079132 3.9858598763479023 3.6356733016454257 3.706333425945615 3.8405254894299046 3.6356733016454257 3.9858598763479023 3.9675654368237803 3.9310854954678334 3.994931013794065 3.994931013794065 3.9858598763479023 3.9675654368237803 3.6356733016454257 3.949307278152234 3.994931013794065 3.6709278713963025 3.994931013794065 3.912900182995015 4.04095991813958 4.236244017697849 4.09638298767736 4.2834243201376205 4.133509829299363 4.004190501010748 4.031664040933904 4.397313599800975 4.077872904589594 4.161356600048034 4.031664040933904 4.27389700972598 4.142722567221125 4.133509829299363 4.068540840102059 4.031664040933904 4.2834243201376205 4.531723093439896 4.493153440002571 4.60925774129937 4.4739184571649115
0.360000 2.712176951408701 2.7662645407768167 3.0437937726389976 3.1253880083974157 2.9712963409361106 3.1172619647621516 2.9074745108151703 3.150140654150466 3.0437937726389976 3.1666399026804894 3.100882644135794 2.89946749583966 2.9074745108151703 3.003450744285498 3.5395914360977594 3.41887543958404 3.410242724324369 3.2915692445190046 3.427352221294627 3.258015913974275 3.266470160233948 3.5482016839953343 3.4531725219753477 3.478913368272576 3.2079823900123703 3.583075966486862 3.5134806146228708 3.2079823900123703 3.41887543958404 3.5569905434876103 3.5482016839953343 3.274772857790347 3.5222306692969467 3.2163765290620767 3.5744279146298683 3.2412984784516516 3.5049083193135044 3.5569905434876103 3.2915692445190046 3.266470160233948 3.3847337923487957 3.410242724324369 3.2497327220614505 3.4360045872801006 3.2330348235664155 3.7597233992346464 3.6975542749607624 3.9858598763479023 3.6886118167516244 3.6532816723590718 3.8675087672497956 3.679851275526602 3.7597233992346464 3.8405254894299046 3.9310854954678334 3.885602299887906 3.609417136670968 3.9037325359196138 3.8314321765100012 3.662185980192619 3.6181028403300237 3.9675654368237803 3.7240926157308536 3.6975542749607624 3.6181028403300237 3.6975542749607624 3.8225239117406637 3.813449298647461 3.7775948223096445 3.6975542749607624 3.885602299887906 3.786631899160151 3.6975542749607624 3.6005703687441484 3.912900182995015 3.7508886629289946 3.662185980192619 3.849452029292252 3.6709278713963025 4.34961720950167 4.311688368423777 4.124123872267262 4.2550531631440744 4.35921385541505 4.059398514738147 4.35921385541505 4.124123872267262 4.236244017697849 4.133509829299363 4.161356600048034 4.34961720950167 4.09638298767736 4.050084518251851 4.330635659446139 4.264562997420372 4.245736319763044 4.416414317370283 4.657886382739784 4.445034863749972 4.746190893645621
0.370000 2.7662645407768167 2.643544776344315 3.183179005903807 3.1089889111804934 3.100882644135794 3.1253880083974157 3.1583061641901065 3.1666399026804894 2.89946749583966 3.076310974966537 3.1336813213896 3.1089889111804934 3.092629880406265 3.199757902151695 3.478913368272576 3.487624461659719 3.4703791711716385 3.5134806146228708 3.4445005425392914 3.4616876158961567 3.393172123155076 3.5656197122137576 3.367721434473514 3.41887543958404 3.5482016839953343 3.3507481470859304 3.427352221294627 3.274772857790347 3.5049083193135044 3.32528008209297 3.367721434473514 3.4703791711716385 3.4360045872801006 3.3507481470859304 3.3761404886397117 3.2079823900123703 3.2915692445190046 3.316919059168708 3.5744279146298683 3.3761404886397117 3.5482016839953343 3.487624461659719 3.5744279146298683 3.300063394777207 3.487624461659719 3.7508886629289946 3.6886118167516244 3.8766393410359554 3.912900182995015 3.609417136670968 3.7240926157308536 3.8675087672497956 3.9037325359196138 3.609417136670968 3.7330730527728044 3.6356733016454257 3.6005703687441484 3.8675087672497956 3.7418893017975585 3.949307278152234 3.6356733016454257 3.9583425389599913 3.662185980192619 3.9037325359196138 3.8947514340034837 3.9310854954678334 3.9858598763479023 3.949307278152234 3.813449298647461 3.9401027488501636 3.8225239117406637 3.662185980192619 3.8947514340034837 3.7955034845365736 3.679851275526602 3.8675087672497956 3.6356733016454257 3.8766393410359554 3.7330730527728044 4.09638298767736 4.114928663178128 4.050084518251851 4.068540840102059 4.378246740791886 4.068540840102059 4.1800258668376475 4.245736319763044 4.1800258668376475 4.105560618158931 4.330635659446139 4.1800258668376475 4.124123872267262 4.189465240303201 4.311688368423777 4.004190501010748 4.189465240303201 4.697010359996532 4.541291684561032 4.416414317370283 4.628723044707949
0.380000 2.7353365011881885 2.7275581271899076 2.95527993109547 3.084543418727391 3.100882644135794 3.1583061641901065 3.183179005903807 3.1089889111804934 3.1913838645082113 2.883634459153842 3.1748251019000335 3.1583061641901065 3.0600322532138695 3.076310974966537 3.5049083193135044 3.5395914360977594 3.2412984784516516 3.41887543958404 3.2412984784516516 3.2832470730245484 3.32528008209297 3.367721434473514 3.393172123155076 3.5134806146228708 3.3847337923487957 3.4445005425392914 3.5049083193135044 3.5656197122137576 3.5222306692969467 3.4616876158961567 3.4703791711716385 3.5395914360977594 3.359147890730457 3.478913368272576 3.2163765290620767 3.4445005425392914 3.3761404886397117 3.5656197122137576 3.316919059168708 3.5482016839953343 3.4017851508814365 3.224620615797176 3.316919059168708 3.266470160233948 3.3421943989254994 3.9037325359196138 3.6709278713963025 3.849452029292252 3.6709278713963025 3.9037325359196138 3.912900182995015 3.679851275526602 3.849452029292252 3.8314321765100012 3.8766393410359554 3.8675087672497956 3.6975542749607624 3.9218993832188556 3.6445584711110413 3.885602299887906 3.7508886629289946 3.804559352137678 3.786631899160151 3.609417136670968 3.7508886629289946 3.8766393410359554 3.786631899160151 3.949307278152234 3.804559352137678 3.7240926157308536 3.786631899160151 3.662185980192619 3.8947514340034837 3.7418893017975585 3.7240926157308536 3.768741640443454 3.9310854954678334 3.6886118167516244 3.9675654368237803 4.368632905651625 4.013279506756297 4.04095991813958 4.013279506756297 4.105560618158931 4.1800258668376475 4.013279506756297 4.34961720950167 4.124123872267262 4.161356600048034 4.124123872267262 4.133509829299363 4.17077822183587 4.35921385541505 4.226944395924057 4.387682634199195 4.04095991813958 4.638372653851022 4.657886382739784 4.5510575218429565 4.416414317370283
0.390000 2.704573622330376 2.681538720054648 2.963206958809479 3.0114377622100448 3.051985486538066 2.9953203443393015 3.068244346893695 3.199757902151695 3.0275955901797973 2.939304120852559 2.8916208154516734 3.1172619647621516 3.199757902151695 3.1172619647621516 3.5222306692969467 3.5222306692969467 3.2915692445190046 3.410242724324369 3.367721434473514 3.5744279146298683 3.4017851508814365 3.2832470730245484 3.2412984784516516 3.5569905434876103 3.5744279146298683 3.274772857790347 3.5134806146228708 3.3847337923487957 3.5395914360977594 3.300063394777207 3.591903471894591 3.5222306692969467 3.410242724324369 3.316919059168708 3.5134806146228708 3.3847337923487957 3.4360045872801006 3.2330348235664155 3.5395914360977594 3.5744279146298683 3.5656197122137576 3.2832470730245484 3.5308219592547823 3.3847337923487957 3.5395914360977594 3.804559352137678 3.7418893017975585 3.9401027488501636 3.7775948223096445 3.6975542749607624 3.6532816723590718 3.994931013794065 3.7418893017975585 3.858563995863041 3.8766393410359554 3.662185980192619 3.8225239117406637 3.9675654368237803 3.786631899160151 3.858563995863041 3.6532816723590718 3.7597233992346464 3.7240926157308536 3.8225239117406637 3.6356733016454257 3.7597233992346464 3.6532816723590718 3.9583425389599913 3.8225239117406637 3.6886118167516244 3.9583425389599913 3.976618659079132 3.7240926157308536 3.7330730527728044 3.7418893017975585 3.8405254894299046 3.6181028403300237 3.7775948223096445 3.662185980192619 4.142722567221125 4.236244017697849 4.302320178347698 4.09638298767736 4.022557214122902 4.114928663178128 4.292775448258381 4.142722567221125 4.04095991813958 4.105560618158931 4.059398514738147 4.013279506756297 4.264562997420372 4.142722567221125 4.2550531631440744 4.142722567221125 4.022557214122902 4.736262166944972 4.512421692304587 4.61889126864975 4.580026035009029
0.400000 2.6510662756753334 2.7662645407768167 3.150140654150466 3.1913838645082113 3.1913838645082113 2.9873532967155483 3.150140654150466 3.0275955901797973 3.1913838645082113 3.0357668950244268 3.199757902151695 2.95527993109547 3.183179005903807 2.9153413159340302 3.4961777259428795 3.224620615797176 3.591903471894591 3.487624461659719 3.5222306692969467 3.367721434473514 3.4616876158961567 3.5222306692969467 3.41887543958404 3.5222306692969467 3.258015913974275 3.4445005425392914 3.274772857790347 3.393172123155076 3.5222306692969467 3.5395914360977594 3.3338139991916433 3.367721434473514 3.316919059168708 3.5744279146298683 3.5482016839953343 3.3338139991916433 3.3847337923487957 3.4703791711716385 3.274772857790347 3.410242724324369 3.5482016839953343 3.5134806146228708 3.591903471894591 3.3421943989254994 3.4531725219753477 3.6181028403300237 3.8675087672497956 3.7508886629289946 3.9583425389599913 3.6709278713963025 3.8675087672497956 3.7240926157308536 3.609417136670968 3.6532816723590718 3.976618659079132 3.6532816723590718 3.6709278713963025 3.858563995863041 3.6886118167516244 3.976618659079132 3.8766393410359554 3.715294895303003 3.9401027488501636 3.7597233992346464 3.804559352137678 3.6975542749607624 3.7508886629289946 3.6975542749607624 3.8675087672497956 3.7240926157308536 3.6709278713963025 3.858563995863041 3.7775948223096445 3.6181028403300237 3.7508886629289946 3.8675087672497956 3.9401027488501636 3.786631899160151 3.8947514340034837 4.189465240303201 4.114928663178128 4.161356600048034 4.34021505789757 4.114928663178128 4.189465240303201 4.087032906984074 4.004190501010748 4.264562997420372 4.031664040933904 4.368632905651625 4.161356600048034 4.161356600048034 4.09638298767736 4.34961720950167 4.04095991813958 4.09638298767736 4.697010359996532 4.445034863749972 4.726533084856339 4.531723093439896
0.410000 2.7353365011881885 2.643544776344315 3.1089889111804934 2.9312558679539493 3.068244346893695 2.867842256978591 3.199757902151695 3.183179005903807 3.1748251019000335 2.9074745108151703 2.8600359004679246 3.1253880083974157 2.9953203443393015 3.003450744285498 3.359147890730457 3.3421943989254994 3.3338139991916433 3.3421943989254994 3.300063394777207 3.266470160233948 3.5656197122137576 3.2330348235664155 3.393172123155076 3.5308219592547823 3.3507481470859304 3.367721434473514 3.4360045872801006 3.2163765290620767 3.393172123155076 3.2915692445190046 3.3421943989254994 3.5569905434876103 3.274772857790347 3.583075966486862 3.5482016839953343 3.3847337923487957 3.4961777259428795 3.4531725219753477 3.367721434473514 3.4531725219753477 3.3847337923487957 3.583075966486862 3.3338139991916433 3.591903471894591 3.300063394777207 3.804559352137678 3.6886118167516244 3.9675654368237803 3.6709278713963025 3.9675654368237803 3.9310854954678334 3.6269688296878213 3.7508886629289946 3.715294895303003 3.9583425389599913 3.9218993832188556 3.662185980192619 3.9218993832188556 3.6975542749607624 3.662185980192619 3.8405254894299046 3.7418893017975585 3.912900182995015 3.949307278152234 3.994931013794065 3.6886118167516244 3.994931013794065 3.8225239117406637 3.6975542749607624 3.994931013794065 3.9583425389599913 3.858563995863041 3.8405254894299046 3.804559352137678 3.7330730527728044 3.662185980192619 3.786631899160151 3.813449298647461 3.706333425945615 4.1987302626375635 4.1987302626375635 4.34961720950167 4.34021505789757 4.35921385541505 4.059398514738147 4.321250461472404 4.27389700972598 4.031664040933904 4.105560618158931 4.35921385541505 4.397313599800975 4.34961720950167 4.077872904589594 4.013279506756297 4.2834243201376205 4.133509829299363 4.677432327650685 4.45471686346053 4.416414317370283 4.493153440002571
0.420000 2.666281752772024 2.758444374347024 3.1666399026804894 3.199757902151695 2.9074745108151703 3.1666399026804894 2.9953203443393015 3.199757902151695 2.8050827943071095 3.1253880083974157 3.100882644135794 3.0437937726389976 2.9953203443393015 3.0275955901797973 3.41887543958404 3.5656197122137576 3.3507481470859304 3.5049083193135044 3.359147890730457 3.4531725219753477 3.5395914360977594 3.2497327220614505 3.32528008209297 3.2915692445190046 3.224620615797176 3.4961777259428795 3.41887543958404 3.2163765290620767 3.591903471894591 3.5308219592547823 3.274772857790347 3.274772857790347 3.583075966486862 3.3421943989254994 3.583075966486862 3.3421943989254994 3.2412984784516516 3.487624461659719 3.2330348235664155 3.478913368272576 3.4616876158961567 3.4445005425392914 3.274772857790347 3.41887543958404 3.5656197122137576 3.994931013794065 3.7330730527728044 3.786631899160151 3.9675654368237803 3.706333425945615 3.609417136670968 3.7330730527728044 3.6709278713963025 3.7330730527728044 3.679851275526602 3.7955034845365736 3.7955034845365736 3.9401027488501636 3.7418893017975585 3.9401027488501636 3.813449298647461 3.6005703687441484 3.949307278152234 3.6975542749607624 3.9583425389599913 3.609417136670968 3.994931013794065 3.8405254894299046 3.858563995863041 3.7418893017975585 3.6269688296878213 3.7775948223096445 3.7508886629289946 3.8766393410359554 3.6532816723590718 3.6269688296878213 3.6269688296878213 3.6532816723590718 3.679851275526602 4.004190501010748 4.1987302626375635 4.022557214122902 4.34021505789757 4.004190501010748 4.124123872267262 4.1987302626375635 4.133509829299363 4.022557214122902 4.142722567221125 4.226944395924057 4.264562997420372 4.124123872267262 4.292775448258381 4.050084518251851 4.004190501010748 4.236244017697849 4.435548777559674 4.5994423537970714 4.736262166944972 4.512421692304587
0.430000 2.7817903811287406 2.7662645407768167 2.963206958809479 2.89946749583966 3.0275955901797973 3.199757902151695 3.003450744285498 3.1748251019000335 3.1913838645082113 3.1172619647621516 2.8916208154516734 3.0114377622100448 2.923368963259543 3.100882644135794 3.4360045872801006 3.5395914360977594 3.316919059168708 3.4961777259428795 3.5395914360977594 3.4531725219753477 3.4703791711716385 3.4017851508814365 3.5656197122137576 3.2412984784516516 3.5569905434876103 3.5134806146228708 3.410242724324369 3.41887543958404 3.478913368272576 3.5134806146228708 3.583075966486862 3.316919059168708 3.300063394777207 3.2412984784516516 3.5222306692969467 3.266470160233948 3.32528008209297 3.583075966486862 3.300063394777207 3.410242724324369 3.258015913974275 3.5222306692969467 3.4616876158961567 3.2915692445190046 3.41887543958404 3.858563995863041 3.994931013794065 3.8314321765100012 3.994931013794065 3.9858598763479023 3.9401027488501636 3.7330730527728044 3.8947514340034837 3.8314321765100012 3.679851275526602 3.6975542749607624 3.7330730527728044 3.7330730527728044 3.6445584711110413 3.7240926157308536 3.7775948223096445 3.8225239117406637 3.7240926157308536 3.7240926157308536 3.609417136670968 3.7330730527728044 3.6005703687441484 3.885602299887906 3.6356733016454257 3.8947514340034837 3.6975542749607624 3.8405254894299046 3.8947514340034837 3.768741640443454 3.679851275526602 3.976618659079132 3.8405254894299046 3.6269688296878213 3.949307278152234 4.087032906984074 4.004190501010748 4.245736319763044 4.004190501010748 4.031664040933904 4.2834243201376205 4.161356600048034 4.226944395924057 4.226944395924057 4.087032906984074 4.068540840102059 4.321250461472404 4.124123872267262 4.050084518251851 4.330635659446139 4.133509829299363 4.1987302626375635 4.512421692304587 4.648220753516788 4.795377261468363 4.483437720084692
0.440000 2.750779898693886 2.575612725121416 3.1253880083974157 3.150140654150466 3.183179005903807 3.092629880406265 2.9792433916584864 3.051985486538066 2.8520909398927943 2.9873532967155483 3.183179005903807 3.092629880406265 3.1666399026804894 2.9074745108151703 3.3847337923487957 3.583075966486862 3.4703791711716385 3.2163765290620767 3.41887543958404 3.427352221294627 3.393172123155076 3.583075966486862 3.5222306692969467 3.2079823900123703 3.41887543958404 3.2832470730245484 3.3507481470859304 3.410242724324369 3.367721434473514 3.4703791711716385 3.4360045872801006 3.5049083193135044 3.427352221294627 3.591903471894591 3.487624461659719 3.4703791711716385 3.2079823900123703 3.478913368272576 3.224620615797176 3.2497327220614505 3.5308219592547823 3.367721434473514 3.2163765290620767 3.2163765290620767 3.427352221294627 3.786631899160151 3.6445584711110413 3.715294895303003 3.662185980192619 3.6975542749607624 3.976618659079132 3.609417136670968 3.6181028403300237 3.786631899160151 3.8947514340034837 3.7955034845365736 3.662185980192619 3.7418893017975585 3.976618659079132 3.949307278152234 3.609417136670968 3.8405254894299046 3.6709278713963025 3.786631899160151 3.7775948223096445 3.706333425945615 3.9037325359196138 3.6975542749607624 3.9583425389599913 3.6445584711110413 3.912900182995015 3.9858598763479023 3.9401027488501636 3.6181028403300237 3.7508886629289946 3.7330730527728044 3.6445584711110413 3.994931013794065 3.9858598763479023 4.2550531631440744 4.077872904589594 4.264562997420372 4.050084518251851 4.217469681706391 4.031664040933904 4.050084518251851 4.013279506756297 4.077872904589594 4.031664040933904 4.35921385541505 4.013279506756297 4.208187333724751 4.013279506756297 4.068540840102059 4.34021505789757 4.09638298767736 4.4067662805426995 4.657886382739784 4.416414317370283 4.580026035009029
0.450000 2.7817903811287406 2.7662645407768167 3.141827112759656 2.828614621459107 3.183179005903807 3.1666399026804894 3.0357668950244268 3.1913838645082113 2.8443047815867 2.883634459153842 2.89946749583966 3.092629880406265 3.1336813213896 3.051985486538066 3.5482016839953343 3.2832470730245484 3.224620615797176 3.316919059168708 3.478913368272576 3.478913368272576 3.5569905434876103 3.359147890730457 3.478913368272576 3.2915692445190046 3.5744279146298683 3.2915692445190046 3.583075966486862 3.359147890730457 3.258015913974275 3.583075966486862 3.478913368272576 3.359147890730457 3.2412984784516516 3.274772857790347 3.2497327220614505 3.3421943989254994 3.316919059168708 3.478913368272576 3.487624461659719 3.258015913974275 3.4531725219753477 3.4017851508814365 3.427352221294627 3.5395914360977594 3.5222306692969467 3.7955034845365736 3.6445584711110413 3.609417136670968 3.6975542749607624 3.7330730527728044 3.609417136670968 3.8314321765100012 3.6445584711110413 3.9310854954678334 3.6975542749607624 3.6181028403300237 3.813449298647461 3.8405254894299046 3.662185980192619 3.715294895303003 3.9037325359196138 3.976618659079132 3.6005703687441484 3.976618659079132 3.6445584711110413 3.9401027488501636 3.7508886629289946 3.8766393410359554 3.9401027488501636 3.994931013794065 3.6886118167516244 3.9583425389599913 3.6445584711110413 3.8947514340034837 3.9858598763479023 3.949307278152234 3.7508886629289946 3.609417136670968 3.6005703687441484 4.217469681706391 4.013279506756297 4.105560618158931 4.387682634199195 4.17077822183587 4.004190501010748 4.2550531631440744 4.077872904589594 4.189465240303201 4.09638298767736 4.013279506756297 4.152126383386034 4.004190501010748 4.031664040933904 4.068540840102059 4.013279506756297 4.161356600048034 4.445034863749972 4.502689204348403 4.483437720084692 4.677432327650685
0.460000 2.6587397644483315 2.750779898693886 3.1253880083974157 3.1913838645082113 2.939304120852559 3.150140654150466 3.150140654150466 3.0114377622100448 3.100882644135794 2.8600359004679246 3.1336813213896 2.883634459153842 2.8363805576478125 3.0195886289076617 3.316919059168708 3.4445005425392914 3.5134806146228708 3.308405008172237 3.2330348235664155 3.5569905434876103 3.5569905434876103 3.224620615797176 3.591903471894591 3.2412984784516516 3.2832470730245484 3.2497327220614505 3.4703791711716385 3.359147890730457 3.4961777259428795 3.4360045872801006 3.41887543958404 3.5569905434876103 3.5049083193135044 3.4360045872801006 3.393172123155076 3.3761404886397117 3.3507481470859304 3.4360045872801006 3.2330348235664155 3.2330348235664155 3.5308219592547823 3.300063394777207 3.41887543958404 3.4360045872801006 3.5222306692969467 3.9037325359196138 3.7508886629289946 3.849452029292252 3.9675654368237803 3.609417136670968 3.8766393410359554 3.706333425945615 3.715294895303003 3.885602299887906 3.976618659079132 3.9675654368237803 3.9858598763479023 3.804559352137678 3.715294895303003 3.849452029292252 3.768741640443454 3.7955034845365736 3.786631899160151 3.9218993832188556 3.6356733016454257 3.7597233992346464 3.8314321765100012 3.994931013794065 3.858563995863041 3.706333425945615 3.858563995863041 3.768741640443454 3.706333425945615 3.9401027488501636 3.6356733016454257 3.768741640443454 3.813449298647461 3.662185980192619 3.7418893017975585 4.368632905651625 4.077872904589594 4.142722567221125 4.321250461472404 4.189465240303201 4.311688368423777 4.1987302626375635 4.264562997420372 4.302320178347698 4.04095991813958 4.077872904589594 4.013279506756297 4.133509829299363 4.368632905651625 4.114928663178128 4.087032906984074 4.087032906984074 4.7658803301983514 4.628723044707949 4.628723044707949 4.4067662805426995
0.470000 2.758444374347024 2.553248929158992 3.1336813213896 3.199757902151695 3.0600322532138695 3.1089889111804934 3.141827112759656 3.1336813213896 3.0437937726389976 2.875807928460546 2.828614621459107 2.867842256978591 3.183179005903807 3.1913838645082113 3.4531725219753477 3.583075966486862 3.2079823900123703 3.5482016839953343 3.583075966486862 3.274772857790347 3.3421943989254994 3.316919059168708 3.359147890730457 3.274772857790347 3.266470160233948 3.591903471894591 3.4531725219753477 3.393172123155076 3.367721434473514 3.274772857790347 3.4961777259428795 3.410242724324369 3.316919059168708 3.4703791711716385 3.3507481470859304 3.5395914360977594 3.5308219592547823 3.266470160233948 3.274772857790347 3.3761404886397117 3.487624461659719 3.3761404886397117 3.3338139991916433 3.4531725219753477 3.4445005425392914 3.976618659079132 3.7508886629289946 3.7955034845365736 3.9858598763479023 3.912900182995015 3.8405254894299046 3.9218993832188556 3.6181028403300237 3.804559352137678 3.7597233992346464 3.609417136670968 3.6975542749607624 3.7330730527728044 3.8314321765100012 3.912900182995015 3.6886118167516244 3.804559352137678 3.7508886629289946 3.768741640443454 3.6709278713963025 3.706333425945615 3.804559352137678 3.7418893017975585 3.8405254894299046 3.8225239117406637 3.768741640443454 3.885602299887906 3.813449298647461 3.858563995863041 3.7330730527728044 3.7597233992346464 3.768741640443454 3.9310854954678334 3.6181028403300237 4.161356600048034 4.004190501010748 4.004190501010748 4.04095991813958 4.077872904589594 4.330635659446139 4.068540840102059 4.1987302626375635 4.022557214122902 4.217469681706391 4.330635659446139 4.087032906984074 4.217469681706391 4.17077822183587 4.152126383386034 4.105560618158931 4.189465240303201 4.483437720084692 4.628723044707949 4.589824969666061 4.45471686346053
0.480000 2.758444374347024 2.435196543113809 3.1583061641901065 3.183179005903807 3.183179005903807 3.1336813213896 3.0437937726389976 2.867842256978591 2.8050827943071095 3.003450744285498 2.8363805576478125 3.084543418727391 3.199757902151695 3.1172619647621516 3.4961777259428795 3.32528008209297 3.5222306692969467 3.4445005425392914 3.5569905434876103 3.4531725219753477 3.3421943989254994 3.393172123155076 3.4360045872801006 3.2915692445190046 3.5049083193135044 3.5482016839953343 3.4445005425392914 3.487624461659719 3.2497327220614505 3.2412984784516516 3.427352221294627 3.4616876158961567 3.224620615797176 3.5569905434876103 3.2330348235664155 3.2412984784516516 3.478913368272576 3.487624461659719 3.4017851508814365 3.3421943989254994 3.5482016839953343 3.591903471894591 3.5569905434876103 3.2412984784516516 3.3338139991916433 3.768741640443454 3.9401027488501636 3.9310854954678334 3.6445584711110413 3.768741640443454 3.813449298647461 3.8405254894299046 3.912900182995015 3.7597233992346464 3.7955034845365736 3.813449298647461 3.7418893017975585 3.885602299887906 3.9675654368237803 3.912900182995015 3.6005703687441484 3.6532816723590718 3.715294895303003 3.7240926157308536 3.7775948223096445 3.706333425945615 3.9218993832188556 3.7508886629289946 3.9675654368237803 3.706333425945615 3.786631899160151 3.679851275526602 3.8314321765100012 3.6356733016454257 3.9037325359196138 3.6005703687441484 3.813449298647461 3.7508886629289946 3.7240926157308536 4.236244017697849 4.330635659446139 4.1800258668376475 4.050084518251851 4.133509829299363 4.397313599800975 4.1987302626375635 4.124123872267262 4.34961720950167 4.105560618158931 4.302320178347698 4.152126383386034 4.34961720950167 4.292775448258381 4.2834243201376205 4.031664040933904 4.114928663178128 4.521973899542435 4.589824969666061 4.560642437348045 4.445034863749972
0.490000 2.7662645407768167 2.435196543113809 3.0600322532138695 3.1666399026804894 3.084543418727391 3.1913838645082113 2.883634459153842 3.1748251019000335 3.1172619647621516 3.0357668950244268 3.0357668950244268 2.923368963259543 3.199757902151695 3.1089889111804934 3.2079823900123703 3.41887543958404 3.427352221294627 3.300063394777207 3.32528008209297 3.591903471894591 3.3338139991916433 3.3338139991916433 3.487624461659719 3.2915692445190046 3.393172123155076 3.5744279146298683 3.4703791711716385 3.4445005425392914 3.300063394777207 3.316919059168708 3.4531725219753477 3.308405008172237 3.4445005425392914 3.2079823900123703 3.5049083193135044 3.5308219592547823 3.583075966486862 3.5049083193135044 3.3338139991916433 3.2163765290620767 3.5308219592547823 3.5134806146228708 3.5569905434876103 3.5308219592547823 3.3338139991916433 3.8947514340034837 3.9310854954678334 3.8225239117406637 3.7508886629289946 3.6356733016454257 3.7775948223096445 3.8405254894299046 3.6005703687441484 3.7775948223096445 3.7955034845365736 3.976618659079132 3.8225239117406637 3.9037325359196138 3.6269688296878213 3.706333425945615 3.6269688296878213 3.8766393410359554 3.6532816723590718 3.813449298647461 3.9583425389599913 3.8314321765100012 3.706333425945615 3.9037325359196138 3.7597233992346464 3.9401027488501636 3.813449298647461 3.768741640443454 3.8766393410359554 3.7597233992346464 3.8314321765100012 3.6886118167516244 3.858563995863041 3.7240926157308536 3.6005703687441484 4.2550531631440744 4.2834243201376205 4.311688368423777 4.1800258668376475 4.302320178347698 4.330635659446139 4.105560618158931 4.264562997420372 4.226944395924057 4.09638298767736 4.302320178347698 4.004190501010748 4.124123872267262 4.050084518251851 4.068540840102059 4.068540840102059 4.217469681706391 4.493153440002571 4.4067662805426995 4.560642437348045 4.4739184571649115
0.500000 2.712176951408701 2.7662645407768167 3.1089889111804934 3.0195886289076617 2.9153413159340302 3.0114377622100448 3.1253880083974157 2.95527993109547 2.939304120852559 3.0600322532138695 3.141827112759656 2.9873532967155483 3.150140654150466 3.150140654150466 3.32528008209297 3.3507481470859304 3.2497327220614505 3.274772857790347 3.5569905434876103 3.487624461659719 3.5395914360977594 3.4017851508814365 3.2412984784516516 3.274772857790347 3.5569905434876103 3.5134806146228708 3.5222306692969467 3.5569905434876103 3.427352221294627 3.5656197122137576 3.4445005425392914 3.478913368272576 3.2412984784516516 3.41887543958404 3.3847337923487957 3.583075966486862 3.258015913974275 3.308405008172237 3.478913368272576 3.2832470730245484 3.4017851508814365 3.427352221294627 3.308405008172237 3.5482016839953343 3.308405008172237 3.7955034845365736 3.6356733016454257 3.813449298647461 3.6709278713963025 3.976618659079132 3.768741640443454 3.679851275526602 3.6886118167516244 3.706333425945615 3.6975542749607624 3.7418893017975585 3.976618659079132 3.6005703687441484 3.949307278152234 3.7955034845365736 3.6975542749607624 3.9583425389599913 3.7597233992346464 3.6005703687441484 3.7508886629289946 3.9675654368237803 3.662185980192619 3.6005703687441484 3.8675087672497956 3.912900182995015 3.6356733016454257 3.679851275526602 3.6532816723590718 3.7597233992346464 3.706333425945615 3.6886118167516244 3.7775948223096445 3.7508886629289946 3.7330730527728044 4.114928663178128 4.124123872267262 4.022557214122902 4.133509829299363 4.2834243201376205 4.34021505789757 4.217469681706391 4.35921385541505 4.105560618158931 4.059398514738147 4.022557214122902 4.1800258668376475 4.105560618158931 4.105560618158931 4.013279506756297 4.077872904589594 4.124123872267262 4.697010359996532 4.560642437348045 4.7658803301983514 4.435548777559674
0.510000 2.750779898693886 2.4132947360270545 3.150140654150466 3.0357668950244268 2.963206958809479 3.199757902151695 3.1666399026804894 3.051985486538066 3.1583061641901065 2.939304120852559 3.150140654150466 2.9873532967155483 3.183179005903807 2.95527993109547 3.5222306692969467 3.591903471894591 3.32528008209297 3.5395914360977594 3.5308219592547823 3.427352221294627 3.5744279146298683 3.591903471894591 3.2915692445190046 3.316919059168708 3.583075966486862 3.367721434473514 3.2412984784516516 3.5049083193135044 3.3507481470859304 3.316919059168708 3.410242724324369 3.359147890730457 3.4961777259428795 3.5134806146228708 3.5049083193135044 3.5395914360977594 3.4531725219753477 3.300063394777207 3.5308219592547823 3.5569905434876103 3.487624461659719 3.258015913974275 3.5569905434876103 3.300063394777207 3.2497327220614505 3.6005703687441484 3.849452029292252 3.6445584711110413 3.6975542749607624 3.9583425389599913 3.786631899160151 3.8314321765100012 3.9675654368237803 3.8766393410359554 3.912900182995015 3.706333425945615 3.8314321765100012 3.7418893017975585 3.7955034845365736 3.858563995863041 3.6181028403300237 3.994931013794065 3.6532816723590718 3.6975542749607624 3.768741640443454 3.7955034845365736 3.976618659079132 3.804559352137678 3.9583425389599913 3.6975542749607624 3.7775948223096445 3.679851275526602 3.6269688296878213 3.768741640443454 3.994931013794065 3.7775948223096445 3.7508886629289946 3.7330730527728044 3.6269688296878213 4.068540840102059 4.050084518251851 4.2834243201376205 4.2550531631440744 4.04095991813958 4.387682634199195 4.114928663178128 4.105560618158931 4.114928663178128 4.031664040933904 4.068540840102059 4.050084518251851 4.1987302626375635 4.087032906984074 4.059398514738147 4.031664040933904 4.022557214122902 4.589824969666061 4.60925774129937 4.521973899542435 4.677432327650685
0.520000 2.666281752772024 2.6510662756753334 2.947211099811094 2.963206958809479 2.963206958809479 2.8207111595260184 2.8363805576478125 2.8050827943071095 3.1583061641901065 2.8520909398927943 3.1748251019000335 2.939304120852559 3.0357668950244268 3.1253880083974157 3.5656197122137576 3.224620615797176 3.5049083193135044 3.2412984784516516 3.4961777259428795 3.5656197122137576 3.367721434473514 3.2832470730245484 3.4445005425392914 3.487624461659719 3.32528008209297 3.258015913974275 3.5656197122137576 3.41887543958404 3.393172123155076 3.5395914360977594 3.487624461659719 3.5222306692969467 3.410242724324369 3.3421943989254994 3.3847337923487957 3.3338139991916433 3.4616876158961567 3.32528008209297 3.4445005425392914 3.274772857790347 3.2832470730245484 3.4360045872801006 3.2915692445190046 3.4703791711716385 3.4017851508814365 3.885602299887906 3.976618659079132 3.6709278713963025 3.813449298647461 3.6886118167516244 3.9583425389599913 3.6181028403300237 3.7597233992346464 3.8225239117406637 3.662185980192619 3.6181028403300237 3.609417136670968 3.6445584711110413 3.7775948223096445 3.6269688296878213 3.706333425945615 3.9037325359196138 3.6356733016454257 3.6709278713963025 3.8766393410359554 3.8225239117406637 3.8314321765100012 3.715294895303003 3.912900182995015 3.7240926157308536 3.994931013794065 3.6005703687441484 3.8314321765100012 3.858563995863041 3.6709278713963025 3.715294895303003 3.9858598763479023 3.6709278713963025 3.949307278152234 4.161356600048034 4.302320178347698 4.217469681706391 4.226944395924057 4.236244017697849 4.1800258668376475 4.031664040933904 4.189465240303201 4.2834243201376205 4.245736319763044 4.1800258668376475 4.050084518251851 4.077872904589594 4.330635659446139 4.292775448258381 4.105560618158931 4.245736319763044 4.628723044707949 4.61889126864975 4.531723093439896 4.512421692304587
0.530000 2.7662645407768167 2.750779898693886 3.0437937726389976 3.100882644135794 3.1583061641901065 3.1089889111804934 3.1089889111804934 2.8600359004679246 3.141827112759656 3.076310974966537 2.883634459153842 3.100882644135794 3.0195886289076617 2.828614621459107 3.2412984784516516 3.478913368272576 3.367721434473514 3.5569905434876103 3.5049083193135044 3.591903471894591 3.266470160233948 3.2832470730245484 3.308405008172237 3.4961777259428795 3.5482016839953343 3.5744279146298683 3.2330348235664155 3.5308219592547823 3.5656197122137576 3.5222306692969467 3.410242724324369 3.5569905434876103 3.4703791711716385 3.5049083193135044 3.478913368272576 3.258015913974275 3.487624461659719 3.3507481470859304 3.427352221294627 3.3421943989254994 3.4703791711716385 3.2915692445190046 3.410242724324369 3.3421943989254994 3.2079823900123703 3.6445584711110413 3.6181028403300237 3.9037325359196138 3.6445584711110413 3.6975542749607624 3.715294895303003 3.9675654368237803 3.7775948223096445 3.6975542749607624 3.7240926157308536 3.8225239117406637 3.8947514340034837 3.912900182995015 3.849452029292252 3.6356733016454257 3.6356733016454257 3.786631899160151 3.6975542749607624 3.8405254894299046 3.858563995863041 3.949307278152234 3.6886118167516244 3.6886118167516244 3.609417136670968 3.8405254894299046 3.6886118167516244 3.9583425389599913 3.6005703687441484 3.9218993832188556 3.786631899160151 3.7955034845365736 3.6269688296878213 3.9310854954678334 3.813449298647461 4.161356600048034 4.09638298767736 4.189465240303201 4.142722567221125 4.09638298767736 4.022557214122902 4.302320178347698 4.050084518251851 4.2550531631440744 4.34021505789757 4.35921385541505 4.236244017697849 4.114928663178128 4.09638298767736 4.378246740791886 4.059398514738147 4.236244017697849 4.45471686346053 4.445034863749972 4.5510575218429565 4.493153440002571
0.540000 2.712176951408701 2.704573622330376 3.199757902151695 2.9153413159340302 3.1089889111804934 3.051985486538066 3.0114377622100448 3.0195886289076617 3.150140654150466 3.150140654150466 2.95527993109547 3.1748251019000335 2.9792433916584864 2.9712963409361106 3.487624461659719 3.4703791711716385 3.359147890730457 3.427352221294627 3.4961777259428795 3.3761404886397117 3.3338139991916433 3.258015913974275 3.2330348235664155 3.2412984784516516 3.32528008209297 3.2412984784516516 3.583075966486862 3.5482016839953343 3.3847337923487957 3.393172123155076 3.2330348235664155 3.5308219592547823 3.5744279146298683 3.5222306692969467 3.258015913974275 3.5656197122137576 3.410242724324369 3.2832470730245484 3.3421943989254994 3.5482016839953343 3.258015913974275 3.359147890730457 3.41887543958404 3.266470160233948 3.3421943989254994 3.858563995863041 3.7240926157308536 3.9401027488501636 3.9310854954678334 3.804559352137678 3.6269688296878213 3.6269688296878213 3.8314321765100012 3.715294895303003 3.7955034845365736 3.804559352137678 3.609417136670968 3.9310854954678334 3.7955034845365736 3.6532816723590718 3.7240926157308536 3.786631899160151 3.768741640443454 3.6709278713963025 3.9675654368237803 3.9583425389599913 3.9675654368237803 3.8675087672497956 3.6269688296878213 3.6709278713963025 3.662185980192619 3.786631899160151 3.9310854954678334 3.9675654368237803 3.6975542749607624 3.8675087672497956 3.768741640443454 3.7418893017975585 3.8675087672497956 4.068540840102059 4.264562997420372 4.217469681706391 4.189465240303201 4.217469681706391 4.189465240303201 4.1987302626375635 4.142722567221125 4.04095991813958 4.2834243201376205 4.387682634199195 4.17077822183587 4.068540840102059 4.189465240303201 4.217469681706391 4.087032906984074 4.2550531631440744 4.4739184571649115 4.435548777559674 4.648220753516788 4.648220753516788
0.550000 2.6510662756753334 2.773949354294852 3.1913838645082113 3.092629880406265 2.963206958809479 3.0437937726389976 3.100882644135794 3.076310974966537 2.9312558679539493 3.1583061641901065 3.1583061641901065 3.0600322532138695 3.1172619647621516 2.963206958809479 3.3761404886397117 3.393172123155076 3.266470160233948 3.274772857790347 3.487624461659719 3.4616876158961567 3.41887543958404 3.4017851508814365 3.5482016839953343 3.5482016839953343 3.308405008172237 3.2330348235664155 3.5395914360977594 3.2079823900123703 3.3847337923487957 3.2163765290620767 3.3507481470859304 3.2330348235664155 3.316919059168708 3.5308219592547823 3.308405008172237 3.5308219592547823 3.2330348235664155 3.5134806146228708 3.5222306692969467 3.5569905434876103 3.3847337923487957 3.41887543958404 3.4961777259428795 3.316919059168708 3.2330348235664155 3.7508886629289946 3.786631899160151 3.7508886629289946 3.7775948223096445 3.8766393410359554 3.6269688296878213 3.9858598763479023 3.7330730527728044 3.813449298647461 3.858563995863041 3.8675087672497956 3.9401027488501636 3.9310854954678334 3.6005703687441484 3.6181028403300237 3.6532816723590718 3.662185980192619 3.9310854954678334 3.9218993832188556 3.6532816723590718 3.7508886629289946 3.949307278152234 3.706333425945615 3.8314321765100012 3.7508886629289946 3.7597233992346464 3.7418893017975585 3.9037325359196138 3.9401027488501636 3.8314321765100012 3.8947514340034837 3.7330730527728044 3.679851275526602 3.8947514340034837 4.022557214122902 4.050084518251851 4.226944395924057 4.031664040933904 4.004190501010748 4.105560618158931 4.27389700972598 4.161356600048034 4.004190501010748 4.133509829299363 4.087032906984074 4.27389700972598 4.1800258668376475 4.217469681706391 4.161356600048034 4.161356600048034 4.124123872267262 4.795377261468363 4.648220753516788 4.580026035009029 4.746190893645621
0.560000 2.6056692116350813 2.575612725121416 3.003450744285498 2.9153413159340302 3.183179005903807 3.1336813213896 2.9074745108151703 2.9712963409361106 3.0600322532138695 2.9873532967155483 3.1089889111804934 3.1666399026804894 2.8916208154516734 2.828614621459107 3.367721434473514 3.4360045872801006 3.2915692445190046 3.2163765290620767 3.478913368272576 3.591903471894591 3.224620615797176 3.2832470730245484 3.308405008172237 3.2163765290620767 3.591903471894591 3.393172123155076 3.2079823900123703 3.5222306692969467 3.5308219592547823 3.5744279146298683 3.300063394777207 3.274772857790347 3.5395914360977594 3.2915692445190046 3.3338139991916433 3.5395914360977594 3.3338139991916433 3.41887543958404 3.5656197122137576 3.410242724324369 3.2497327220614505 3.5656197122137576 3.427352221294627 3.316919059168708 3.274772857790347 3.8405254894299046 3.885602299887906 3.7330730527728044 3.7955034845365736 3.8766393410359554 3.9675654368237803 3.6709278713963025 3.7508886629289946 3.6975542749607624 3.6445584711110413 3.7240926157308536 3.679851275526602 3.9858598763479023 3.804559352137678 3.7955034845365736 3.6975542749607624 3.706333425945615 3.679851275526602 3.7240926157308536 3.885602299887906 3.768741640443454 3.609417136670968 3.7240926157308536 3.7775948223096445 3.7330730527728044 3.858563995863041 3.7418893017975585 3.8225239117406637 3.786631899160151 3.609417136670968 3.6269688296878213 3.8314321765100012 3.6975542749607624 3.9583425389599913 4.264562997420372 4.004190501010748 4.087032906984074 4.09638298767736 4.059398514738147 4.022557214122902 4.161356600048034 4.217469681706391 4.1800258668376475 4.013279506756297 4.050084518251851 4.35921385541505 4.031664040933904 4.050084518251851 4.059398514738147 4.1987302626375635 4.114928663178128 4.628723044707949 4.580026035009029 4.5510575218429565 4.4258837292217255
0.570000 2.712176951408701 2.742980616656126 3.003450744285498 2.8520909398927943 3.183179005903807 2.947211099811094 3.1253880083974157 3.0600322532138695 3.150140654150466 3.1172619647621516 3.051985486538066 3.068244346893695 2.9873532967155483 3.0600322532138695 3.2832470730245484 3.5134806146228708 3.5134806146228708 3.393172123155076 3.2497327220614505 3.5744279146298683 3.4445005425392914 3.4531725219753477 3.393172123155076 3.427352221294627 3.258015913974275 3.4703791711716385 3.5222306692969467 3.2915692445190046 3.583075966486862 3.5482016839953343 3.4531725219753477 3.258015913974275 3.5222306692969467 3.478913368272576 3.308405008172237 3.4360045872801006 3.393172123155076 3.478913368272576 3.224620615797176 3.308405008172237 3.4017851508814365 3.2497327220614505 3.5308219592547823 3.2079823900123703 3.3507481470859304 3.6269688296878213 3.9583425389599913 3.9583425389599913 3.7330730527728044 3.6886118167516244 3.9401027488501636 3.8314321765100012 3.9218993832188556 3.949307278152234 3.6356733016454257 3.768741640443454 3.7775948223096445 3.7418893017975585 3.9037325359196138 3.8947514340034837 3.6532816723590718 3.994931013794065 3.7418893017975585 3.8225239117406637 3.9218993832188556 3.976618659079132 3.6532816723590718 3.813449298647461 3.7240926157308536 3.8314321765100012 3.8947514340034837 3.6886118167516244 3.8405254894299046 3.994931013794065 3.8766393410359554 3.949307278152234 3.8314321765100012 3.8766393410359554 3.7418893017975585 4.031664040933904 4.013279506756297 4.245736319763044 4.161356600048034 4.031664040933904 4.368632905651625 4.068540840102059 4.1987302626375635 4.105560618158931 4.152126383386034 4.152126383386034 4.050084518251851 4.087032906984074 4.004190501010748 4.013279506756297 4.292775448258381 4.330635659446139 4.677432327650685 4.726533084856339 4.531723093439896 4.648220753516788
0.580000 2.6587397644483315 2.742980616656126 3.0600322532138695 3.1913838645082113 3.183179005903807 3.199757902151695 3.1913838645082113 2.875807928460546 3.0600322532138695 2.8443047815867 2.8916208154516734 3.1336813213896 2.95527993109547 3.0357668950244268 3.2330348235664155 3.583075966486862 3.2497327220614505 3.5656197122137576 3.274772857790347 3.258015913974275 3.5222306692969467 3.258015913974275 3.4616876158961567 3.5049083193135044 3.4703791711716385 3.5049083193135044 3.5569905434876103 3.3847337923487957 3.5569905434876103 3.2163765290620767 3.5222306692969467 3.2163765290620767 3.393172123155076 3.266470160233948 3.4360045872801006 3.5482016839953343 3.5482016839953343 3.308405008172237 3.5744279146298683 3.5134806146228708 3.5134806146228708 3.4961777259428795 3.2163765290620767 3.5049083193135044 3.316919059168708 3.9218993832188556 3.6975542749607624 3.885602299887906 3.768741640443454 3.706333425945615 3.8314321765100012 3.6532816723590718 3.6532816723590718 3.813449298647461 3.706333425945615 3.7508886629289946 3.912900182995015 3.9401027488501636 3.8314321765100012 3.662185980192619 3.9310854954678334 3.804559352137678 3.6445584711110413 3.679851275526602 3.885602299887906 3.9037325359196138 3.6181028403300237 3.6356733016454257 3.7330730527728044 3.9310854954678334 3.7955034845365736 3.7508886629289946 3.994931013794065 3.912900182995015 3.609417136670968 3.7240926157308536 3.8314321765100012 3.9037325359196138 3.6005703687441484 4.059398514738147 4.077872904589594 4.34021505789757 4.050084518251851 4.105560618158931 4.226944395924057 4.292775448258381 4.226944395924057 4.133509829299363 4.27389700972598 4.226944395924057 4.1987302626375635 4.004190501010748 4.17077822183587 4.04095991813958 4.35921385541505 4.013279506756297 4.4258837292217255 4.61889126864975 4.4739184571649115 4.541291684561032
0.590000 2.666281752772024 2.6968371342160555 3.076310974966537 2.883634459153842 3.1666399026804894 3.1748251019000335 2.89946749583966 2.95527993109547 3.1583061641901065 3.1089889111804934 3.0275955901797973 3.183179005903807 2.9153413159340302 3.1748251019000335 3.5308219592547823 3.5049083193135044 3.4445005425392914 3.4616876158961567 3.591903471894591 3.410242724324369 3.5395914360977594 3.32528008209297 3.32528008209297 3.4445005425392914 3.393172123155076 3.4360045872801006 3.4360045872801006 3.4703791711716385 3.274772857790347 3.5744279146298683 3.410242724324369 3.4616876158961567 3.5569905434876103 3.41887543958404 3.41887543958404 3.367721434473514 3.5222306692969467 3.367721434473514 3.5049083193135044 3.427352221294627 3.427352221294627 3.2079823900123703 3.2330348235664155 3.4445005425392914 3.427352221294627 3.885602299887906 3.6181028403300237 3.976618659079132 3.885602299887906 3.7240926157308536 3.858563995863041 3.8225239117406637 3.849452029292252 3.9310854954678334 3.813449298647461 3.6975542749607624 3.8675087672497956 3.6886118167516244 3.768741640443454 3.9583425389599913 3.6532816723590718 3.8675087672497956 3.6886118167516244 3.9218993832188556 3.8675087672497956 3.7597233992346464 3.6356733016454257 3.8314321765100012 3.976618659079132 3.849452029292252 3.6709278713963025 3.7508886629289946 3.9583425389599913 3.849452029292252 3.976618659079132 3.8675087672497956 3.768741640443454 3.768741640443454 3.6709278713963025 4.09638298767736 4.142722567221125 4.077872904589594 4.031664040933904 4.311688368423777 4.35921385541505 4.161356600048034 4.245736319763044 4.133509829299363 4.050084518251851 4.004190501010748 4.1987302626375635 4.34021505789757 4.208187333724751 4.17077822183587 4.302320178347698 4.35921385541505 4.5704248550692625 4.512421692304587 4.445034863749972 4.435548777559674
0.600000 2.5160009429783496 2.7662645407768167 3.141827112759656 3.0600322532138695 3.003450744285498 2.9074745108151703 3.1253880083974157 3.183179005903807 3.100882644135794 3.051985486538066 3.1748251019000335 3.0600322532138695 3.0114377622100448 3.1172619647621516 3.3338139991916433 3.410242724324369 3.4961777259428795 3.41887543958404 3.3847337923487957 3.41887543958404 3.393172123155076 3.4703791711716385 3.258015913974275 3.5395914360977594 3.5134806146228708 3.3338139991916433 3.2330348235664155 3.4017851508814365 3.308405008172237 3.4445005425392914 3.32528008209297 3.487624461659719 3.258015913974275 3.3507481470859304 3.300063394777207 3.3421943989254994 3.5395914360977594 3.308405008172237 3.224620615797176 3.2915692445190046 3.3847337923487957 3.266470160233948 3.478913368272576 3.266470160233948 3.393172123155076 3.9037325359196138 3.9858598763479023 3.8225239117406637 3.715294895303003 3.976618659079132 3.976618659079132 3.7418893017975585 3.949307278152234 3.7508886629289946 3.813449298647461 3.7955034845365736 3.679851275526602 3.7597233992346464 3.7597233992346464 3.662185980192619 3.9218993832188556 3.609417136670968 3.6005703687441484 3.7955034845365736 3.8675087672497956 3.9583425389599913 3.9218993832188556 3.6356733016454257 3.6269688296878213 3.6181028403300237 3.6709278713963025 3.849452029292252 3.7418893017975585 3.6532816723590718 3.7955034845365736 3.6356733016454257 3.662185980192619 3.6181028403300237 3.6005703687441484 4.087032906984074 4.004190501010748 4.068540840102059 4.059398514738147 4.077872904589594 4.292775448258381 4.34021505789757 4.302320178347698 4.142722567221125 4.068540840102059 4.236244017697849 4.077872904589594 4.17077822183587 4.34021505789757 4.004190501010748 4.189465240303201 4.1987302626375635 4.5704248550692625 4.7658803301983514 4.464219566817621 4.416414317370283
0.610000 2.5831807784910445 2.7275581271899076 2.9153413159340302 3.141827112759656 3.150140654150466 3.1253880083974157 3.199757902151695 3.1336813213896 3.092629880406265 2.883634459153842 3.183179005903807 3.1666399026804894 3.1089889111804934 3.1666399026804894 3.4703791711716385 3.5308219592547823 3.5656197122137576 3.316919059168708 3.2163765290620767 3.2832470730245484 3.2497327220614505 3.3421943989254994 3.4017851508814365 3.4616876158961567 3.274772857790347 3.41887543958404 3.2163765290620767 3.5569905434876103 3.2915692445190046 3.583075966486862 3.5744279146298683 3.4531725219753477 3.5482016839953343 3.5744279146298683 3.4616876158961567 3.5395914360977594 3.4616876158961567 3.308405008172237 3.5049083193135044 3.4703791711716385 3.2330348235664155 3.316919059168708 3.2497327220614505 3.3761404886397117 3.5656197122137576 3.912900182995015 3.994931013794065 3.7775948223096445 3.715294895303003 3.813449298647461 3.9037325359196138 3.6356733016454257 3.9218993832188556 3.7955034845365736 3.849452029292252 3.6886118167516244 3.9583425389599913 3.7955034845365736 3.7508886629289946 3.7775948223096445 3.6005703687441484 3.9583425389599913 3.7240926157308536 3.912900182995015 3.6709278713963025 3.6886118167516244 3.706333425945615 3.679851275526602 3.9401027488501636 3.7240926157308536 3.6975542749607624 3.994931013794065 3.7597233992346464 3.9583425389599913 3.679851275526602 3.786631899160151 3.6886118167516244 3.9858598763479023 3.994931013794065 4.105560618158931 4.302320178347698 4.059398514738147 4.330635659446139 4.013279506756297 4.27389700972598 4.152126383386034 4.217469681706391 4.09638298767736 4.189465240303201 4.031664040933904 4.004190501010748 4.133509829299363 4.133509829299363 4.013279506756297 4.124123872267262 4.013279506756297 4.4258837292217255 4.77564075582857 4.580026035009029 4.435548777559674
0.620000 2.479151457626161 2.5831807784910445 3.199757902151695 2.9312558679539493 2.8207111595260184 3.0275955901797973 3.150140654150466 3.1666399026804894 3.0195886289076617 3.1089889111804934 3.0600322532138695 3.051985486538066 3.1336813213896 2.875807928460546 3.393172123155076 3.487624461659719 3.5482016839953343 3.2163765290620767 3.3338139991916433 3.5308219592547823 3.478913368272576 3.5049083193135044 3.487624461659719 3.4961777259428795 3.5308219592547823 3.2832470730245484 3.316919059168708 3.2412984784516516 3.32528008209297 3.3421943989254994 3.5049083193135044 3.5744279146298683 3.5049083193135044 3.5049083193135044 3.427352221294627 3.316919059168708 3.478913368272576 3.2079823900123703 3.591903471894591 3.300063394777207 3.4445005425392914 3.32528008209297 3.5308219592547823 3.5222306692969467 3.4360045872801006 3.6005703687441484 3.9675654368237803 3.804559352137678 3.8675087672497956 3.7775948223096445 3.8947514340034837 3.7330730527728044 3.768741640443454 3.6709278713963025 3.9401027488501636 3.9037325359196138 3.6886118167516244 3.9583425389599913 3.885602299887906 3.6445584711110413 3.6886118167516244 3.8405254894299046 3.9037325359196138 3.6269688296878213 3.8225239117406637 3.9218993832188556 3.8225239117406637 3.609417136670968 3.9858598763479023 3.609417136670968 3.6532816723590718 3.7597233992346464 3.786631899160151 3.858563995863041 3.7508886629289946 3.786631899160151 3.7330730527728044 3.786631899160151 3.786631899160151 4.378246740791886 4.161356600048034 4.050084518251851 4.059398514738147 4.236244017697849 4.2550531631440744 4.226944395924057 4.105560618158931 4.152126383386034 4.387682634199195 4.27389700972598 4.2550531631440744 4.114928663178128 4.1987302626375635 4.031664040933904 4.004190501010748 4.105560618158931 4.512421692304587 4.61889126864975 4.5704248550692625 4.4258837292217255
0.630000 2.742980616656126 2.7275581271899076 2.867842256978591 2.9792433916584864 2.9953203443393015 3.1913838645082113 3.1172619647621516 2.875807928460546 3.084543418727391 3.0357668950244268 2.9953203443393015 2.867842256978591 3.0437937726389976 3.1336813213896 3.5744279146298683 3.4360045872801006 3.5656197122137576 3.2330348235664155 3.2915692445190046 3.5744279146298683 3.300063394777207 3.266470160233948 3.4616876158961567 3.5569905434876103 3.3338139991916433 3.2163765290620767 3.3421943989254994 3.308405008172237 3.2163765290620767 3.583075966486862 3.367721434473514 3.2497327220614505 3.4360045872801006 3.224620615797176 3.4531725219753477 3.393172123155076 3.4017851508814365 3.5395914360977594 3.5482016839953343 3.4017851508814365 3.3847337923487957 3.3761404886397117 3.3847337923487957 3.3421943989254994 3.367721434473514 3.804559352137678 3.7418893017975585 3.9675654368237803 3.6356733016454257 3.885602299887906 3.9218993832188556 3.912900182995015 3.6445584711110413 3.8675087672497956 3.7597233992346464 3.8314321765100012 3.8766393410359554 3.9218993832188556 3.885602299887906 3.768741640443454 3.715294895303003 3.609417136670968 3.8675087672497956 3.8225239117406637 3.912900182995015 3.7955034845365736 3.7240926157308536 3.6975542749607624 3.9037325359196138 3.662185980192619 3.706333425945615 3.609417136670968 3.6005703687441484 3.9401027488501636 3.9858598763479023 3.786631899160151 3.9310854954678334 3.7955034845365736 3.9401027488501636 4.013279506756297 4.013279506756297 4.050084518251851 4.161356600048034 4.311688368423777 4.292775448258381 4.105560618158931 4.217469681706391 4.292775448258381 4.264562997420372 4.2550531631440744 4.2550531631440744 4.031664040933904 4.087032906984074 4.245736319763044 4.09638298767736 4.114928663178128 4.638372653851022 4.416414317370283 4.512421692304587 4.4258837292217255
0.640000 2.750779898693886 2.773949354294852 2.8050827943071095 3.1913838645082113 2.939304120852559 2.875807928460546 3.1913838645082113 2.867842256978591 3.0357668950244268 2.9953203443393015 3.150140654150466 3.1913838645082113 3.199757902151695 3.1913838645082113 3.5308219592547823 3.583075966486862 3.4961777259428795 3.316919059168708 3.591903471894591 3.4445005425392914 3.274772857790347 3.308405008172237 3.367721434473514 3.3421943989254994 3.300063394777207 3.478913368272576 3.5134806146228708 3.224620615797176 3.224620615797176 3.487624461659719 3.2832470730245484 3.5049083193135044 3.5482016839953343 3.4703791711716385 3.4017851508814365 3.4616876158961567 3.4531725219753477 3.4531725219753477 3.3507481470859304 3.5482016839953343 3.4445005425392914 3.4445005425392914 3.41887543958404 3.591903471894591 3.393172123155076 3.8675087672497956 3.849452029292252 3.6005703687441484 3.813449298647461 3.7330730527728044 3.885602299887906 3.858563995863041 3.7330730527728044 3.804559352137678 3.6532816723590718 3.976618659079132 3.813449298647461 3.6269688296878213 3.6532816723590718 3.7775948223096445 3.9401027488501636 3.976618659079132 3.8675087672497956 3.768741640443454 3.6445584711110413 3.6445584711110413 3.679851275526602 3.804559352137678 3.858563995863041 3.8947514340034837 3.6445584711110413 3.7955034845365736 3.885602299887906 3.6709278713963025 3.715294895303003 3.6709278713963025 3.7240926157308536 3.858563995863041 3.715294895303003 4.208187333724751 4.292775448258381 4.378246740791886 4.142722567221125 4.031664040933904 4.17077822183587 4.321250461472404 4.087032906984074 4.013279506756297 4.031664040933904 4.059398514738147 4.013279506756297 4.27389700972598 4.004190501010748 4.077872904589594 4.068540840102059 4.330635659446139 4.716620349901103 4.61889126864975 4.4067662805426995 4.5510575218429565
0.650000 2.6739762636570186 2.689254230838056 2.963206958809479 3.0275955901797973 3.1748251019000335 2.9074745108151703 3.0600322532138695 3.076310974966537 3.051985486538066 2.9792433916584864 3.068244346893695 2.9953203443393015 3.1913838645082113 2.89946749583966 3.359147890730457 3.274772857790347 3.5656197122137576 3.5049083193135044 3.4445005425392914 3.591903471894591 3.5222306692969467 3.5656197122137576 3.393172123155076 3.258015913974275 3.5049083193135044 3.41887543958404 3.308405008172237 3.583075966486862 3.427352221294627 3.5569905434876103 3.4531725219753477 3.4703791711716385 3.2915692445190046 3.410242724324369 3.5656197122137576 3.4531725219753477 3.3421943989254994 3.308405008172237 3.308405008172237 3.4616876158961567 3.2163765290620767 3.2832470730245484 3.41887543958404 3.5569905434876103 3.583075966486862 3.849452029292252 3.715294895303003 3.7330730527728044 3.9218993832188556 3.8766393410359554 3.9037325359196138 3.9401027488501636 3.6269688296878213 3.9037325359196138 3.768741640443454 3.6709278713963025 3.6269688296878213 3.8405254894299046 3.9037325359196138 3.813449298647461 3.6975542749607624 3.9310854954678334 3.768741640443454 3.7240926157308536 3.6532816723590718 3.858563995863041 3.6181028403300237 3.6709278713963025 3.6886118167516244 3.912900182995015 3.679851275526602 3.7508886629289946 3.6356733016454257 3.8947514340034837 3.9858598763479023 3.609417136670968 3.8314321765100012 3.662185980192619 3.6975542749607624 4.013279506756297 4.022557214122902 4.2834243201376205 4.1800258668376475 4.022557214122902 4.04095991813958 4.1800258668376475 4.059398514738147 4.264562997420372 4.161356600048034 4.387682634199195 4.1987302626375635 4.330635659446139 4.087032906984074 4.17077822183587 4.330635659446139 4.208187333724751 4.416414317370283 4.416414317370283 4.435548777559674 4.493153440002571
0.660000 2.6283913418621196 2.5308411410140725 3.0195886289076617 3.199757902151695 3.141827112759656 3.076310974966537 3.0195886289076617 2.939304120852559 2.939304120852559 3.100882644135794 3.068244346893695 3.0114377622100448 3.150140654150466 3.1253880083974157 3.359147890730457 3.4703791711716385 3.5482016839953343 3.5656197122137576 3.5049083193135044 3.5569905434876103 3.308405008172237 3.3761404886397117 3.5656197122137576 3.3847337923487957 3.5222306692969467 3.258015913974275 3.4616876158961567 3.591903471894591 3.427352221294627 3.41887543958404 3.4017851508814365 3.5744279146298683 3.4445005425392914 3.5482016839953343 3.4360045872801006 3.5569905434876103 3.5569905434876103 3.5569905434876103 3.2330348235664155 3.4703791711716385 3.4616876158961567 3.4961777259428795 3.2497327220614505 3.3761404886397117 3.274772857790347 3.6886118167516244 3.7418893017975585 3.609417136670968 3.9037325359196138 3.6445584711110413 3.662185980192619 3.715294895303003 3.912900182995015 3.6975542749607624 3.8405254894299046 3.8766393410359554 3.994931013794065 3.8314321765100012 3.6445584711110413 3.858563995863041 3.8766393410359554 3.6445584711110413 3.7330730527728044 3.885602299887906 3.813449298647461 3.8314321765100012 3.6005703687441484 3.9858598763479023 3.7775948223096445 3.6709278713963025 3.662185980192619 3.9401027488501636 3.786631899160151 3.609417136670968 3.6886118167516244 3.679851275526602 3.9858598763479023 3.885602299887906 3.6269688296878213 4.264562997420372 4.264562997420372 4.050084518251851 4.068540840102059 4.226944395924057 4.245736319763044 4.321250461472404 4.292775448258381 4.013279506756297 4.022557214122902 4.321250461472404 4.013279506756297 4.161356600048034 4.09638298767736 4.013279506756297 4.2550531631440744 4.245736319763044 4.4067662805426995 4.416414317370283 4.416414317370283 4.628723044707949
0.670000 2.6283913418621196 2.7894955100188352 3.1336813213896 2.812965469114768 3.0357668950244268 2.939304120852559 3.1913838645082113 2.867842256978591 3.100882644135794 3.0195886289076617 3.084543418727391 3.0600322532138695 3.150140654150466 3.150140654150466 3.3507481470859304 3.2412984784516516 3.3761404886397117 3.41887543958404 3.5744279146298683 3.4616876158961567 3.5744279146298683 3.4531725219753477 3.487624461659719 3.3338139991916433 3.4703791711716385 3.2330348235664155 3.3338139991916433 3.4445005425392914 3.266470160233948 3.5482016839953343 3.2330348235664155 3.5395914360977594 3.4445005425392914 3.3507481470859304 3.5569905434876103 3.2079823900123703 3.3338139991916433 3.393172123155076 3.5744279146298683 3.3338139991916433 3.410242724324369 3.367721434473514 3.487624461659719 3.300063394777207 3.5308219592547823 3.6886118167516244 3.609417136670968 3.7508886629289946 3.7330730527728044 3.949307278152234 3.976618659079132 3.609417136670968 3.8766393410359554 3.7775948223096445 3.715294895303003 3.9583425389599913 3.7775948223096445 3.6975542749607624 3.706333425945615 3.706333425945615 3.6269688296878213 3.858563995863041 3.6445584711110413 3.8675087672497956 3.706333425945615 3.7597233992346464 3.813449298647461 3.8947514340034837 3.8675087672497956 3.994931013794065 3.768741640443454 3.662185980192619 3.768741640443454 3.7597233992346464 3.715294895303003 3.813449298647461 3.715294895303003 3.679851275526602 3.9401027488501636 4.34021505789757 4.077872904589594 4.1987302626375635 4.226944395924057 4.087032906984074 4.152126383386034 4.245736319763044 4.1987302626375635 4.397313599800975 4.17077822183587 4.208187333724751 4.114928663178128 4.022557214122902 4.059398514738147 4.031664040933904 4.2550531631440744 4.1987302626375635 4.416414317370283 4.755935679775094 4.795377261468363 4.716620349901103
0.680000 2.7662645407768167 2.6283913418621196 3.003450744285498 3.0114377622100448 3.1666399026804894 2.923368963259543 2.828614621459107 3.1666399026804894 2.939304120852559 3.141827112759656 3.084543418727391 3.1172619647621516 3.0114377622100448 3.1913838645082113 3.4531725219753477 3.2330348235664155 3.478913368272576 3.3847337923487957 3.258015913974275 3.2915692445190046 3.5744279146298683 3.266470160233948 3.5482016839953343 3.300063394777207 3.5395914360977594 3.393172123155076 3.3761404886397117 3.41887543958404 3.3507481470859304 3.308405008172237 3.5395914360977594 3.410242724324369 3.5395914360977594 3.266470160233948 3.359147890730457 3.4017851508814365 3.5308219592547823 3.224620615797176 3.393172123155076 3.427352221294627 3.3338139991916433 3.4616876158961567 3.4616876158961567 3.258015913974275 3.478913368272576 3.7775948223096445 3.7418893017975585 3.8675087672497956 3.7330730527728044 3.6005703687441484 3.786631899160151 3.7597233992346464 3.9310854954678334 3.6356733016454257 3.6269688296878213 3.804559352137678 3.9675654368237803 3.849452029292252 3.706333425945615 3.7597233992346464 3.8766393410359554 3.9675654368237803 3.768741640443454 3.7508886629289946 3.6181028403300237 3.6356733016454257 3.6532816723590718 3.9310854954678334 3.9583425389599913 3.6181028403300237 3.7330730527728044 3.6356733016454257 3.6886118167516244 3.6181028403300237 3.715294895303003 3.8766393410359554 3.706333425945615 3.912900182995015 3.8675087672497956 4.050084518251851 4.2550531631440744 4.031664040933904 4.031664040933904 4.161356600048034 4.368632905651625 4.133509829299363 4.133509829299363 4.133509829299363 4.124123872267262 4.1987302626375635 4.236244017697849 4.031664040933904 4.27389700972598 4.068540840102059 4.022557214122902 4.050084518251851 4.795377261468363 4.531723093439896 4.493153440002571 4.755935679775094
0.690000 2.6132795030938096 2.704573622330376 3.003450744285498 3.092629880406265 3.084543418727391 3.003450744285498 3.199757902151695 3.199757902151695 2.9873532967155483 3.0275955901797973 2.9953203443393015 2.8600359004679246 2.8600359004679246 3.1172619647621516 3.3847337923487957 3.5308219592547823 3.4017851508814365 3.308405008172237 3.2163765290620767 3.258015913974275 3.583075966486862 3.5395914360977594 3.410242724324369 3.32528008209297 3.308405008172237 3.4445005425392914 3.2832470730245484 3.3421943989254994 3.591903471894591 3.4360045872801006 3.300063394777207 3.4017851508814365 3.478913368272576 3.4961777259428795 3.5395914360977594 3.258015913974275 3.2330348235664155 3.5744279146298683 3.5569905434876103 3.4616876158961567 3.5569905434876103 3.4445005425392914 3.4961777259428795 3.266470160233948 3.5656197122137576 3.786631899160151 3.6005703687441484 3.8766393410359554 3.8405254894299046 3.9858598763479023 3.9401027488501636 3.849452029292252 3.6269688296878213 3.7240926157308536 3.9675654368237803 3.6975542749607624 3.8314321765100012 3.609417136670968 3.9218993832188556 3.6445584711110413 3.786631899160151 3.6886118167516244 3.715294895303003 3.662185980192619 3.994931013794065 3.804559352137678 3.9037325359196138 3.679851275526602 3.6356733016454257 3.6532816723590718 3.768741640443454 3.8314321765100012 3.8225239117406637 3.8947514340034837 3.6445584711110413 3.8675087672497956 3.7597233992346464 3.7508886629289946 3.8766393410359554 4.292775448258381 4.330635659446139 4.311688368423777 4.2550531631440744 4.022557214122902 4.208187333724751 4.236244017697849 4.142722567221125 4.133509829299363 4.004190501010748 4.133509829299363 4.013279506756297 4.152126383386034 4.022557214122902 4.17077822183587 4.1987302626375635 4.378246740791886 4.580026035009029 4.531723093439896 4.521973899542435 4.61889126864975
0.700000 2.7662645407768167 2.7817903811287406 3.1253880083974157 3.199757902151695 3.1172619647621516 3.0600322532138695 3.003450744285498 3.141827112759656 3.003450744285498 3.1583061641901065 2.9953203443393015 2.95527993109547 2.95527993109547 2.963206958809479 3.3847337923487957 3.308405008172237 3.300063394777207 3.41887543958404 3.308405008172237 3.4360045872801006 3.300063394777207 3.3847337923487957 3.367721434473514 3.478913368272576 3.300063394777207 3.5222306692969467 3.4616876158961567 3.4616876158961567 3.300063394777207 3.393172123155076 3.5222306692969467 3.3421943989254994 3.316919059168708 3.41887543958404 3.5744279146298683 3.591903471894591 3.2330348235664155 3.410242724324369 3.41887543958404 3.4616876158961567 3.5222306692969467 3.5049083193135044 3.5308219592547823 3.32528008209297 3.3338139991916433 3.7955034845365736 3.7508886629289946 3.9401027488501636 3.7240926157308536 3.6269688296878213 3.976618659079132 3.6005703687441484 3.9401027488501636 3.8766393410359554 3.7240926157308536 3.9310854954678334 3.858563995863041 3.885602299887906 3.994931013794065 3.949307278152234 3.6975542749607624 3.8947514340034837 3.6445584711110413 3.976618659079132 3.7597233992346464 3.6445584711110413 3.804559352137678 3.8766393410359554 3.6005703687441484 3.6181028403300237 3.8314321765100012 3.8766393410359554 3.804559352137678 3.804559352137678 3.9037325359196138 3.6181028403300237 3.8225239117406637 3.912900182995015 3.706333425945615 4.226944395924057 4.161356600048034 4.059398514738147 4.245736319763044 4.087032906984074 4.152126383386034 4.077872904589594 4.050084518251851 4.245736319763044 4.004190501010748 4.27389700972598 4.35921385541505 4.013279506756297 4.050084518251851 4.124123872267262 4.2550531631440744 4.226944395924057 4.541291684561032 4.755935679775094 4.667750740597353 4.512421692304587
0.710000 2.4278408820789363 2.7973573730146533 3.1666399026804894 2.828614621459107 3.1336813213896 3.051985486538066 3.076310974966537 3.1666399026804894 3.0275955901797973 2.8916208154516734 2.812965469114768 3.0357668950244268 3.1253880083974157 3.092629880406265 3.32528008209297 3.487624461659719 3.274772857790347 3.4703791711716385 3.487624461659719 3.3761404886397117 3.359147890730457 3.5656197122137576 3.5222306692969467 3.4017851508814365 3.5395914360977594 3.4360045872801006 3.410242724324369 3.5569905434876103 3.5569905434876103 3.2330348235664155 3.591903471894591 3.2330348235664155 3.393172123155076 3.410242724324369 3.3421943989254994 3.5222306692969467 3.5222306692969467 3.4445005425392914 3.2497327220614505 3.4360045872801006 3.3421943989254994 3.5569905434876103 3.410242724324369 3.4616876158961567 3.478913368272576 3.679851275526602 3.8225239117406637 3.6181028403300237 3.804559352137678 3.7330730527728044 3.8947514340034837 3.6181028403300237 3.9401027488501636 3.9218993832188556 3.9675654368237803 3.715294895303003 3.715294895303003 3.8314321765100012 3.813449298647461 3.912900182995015 3.7955034845365736 3.786631899160151 3.7418893017975585 3.9858598763479023 3.7330730527728044 3.949307278152234 3.715294895303003 3.7240926157308536 3.8675087672497956 3.6445584711110413 3.7240926157308536 3.885602299887906 3.7508886629289946 3.6269688296878213 3.8675087672497956 3.6269688296878213 3.7330730527728044 3.8675087672497956 3.679851275526602 4.189465240303201 4.1800258668376475 4.34021505789757 4.087032906984074 4.34021505789757 4.105560618158931 4.105560618158931 4.013279506756297 4.311688368423777 4.292775448258381 4.161356600048034 4.208187333724751 4.050084518251851 4.34961720950167 4.031664040933904 4.2834243201376205 4.004190501010748 4.45471686346053 4.416414317370283 4.445034863749972 4.648220753516788
0.720000 2.7817903811287406 2.6056692116350813 2.8600359004679246 3.1089889111804934 3.1583061641901065 2.8363805576478125 3.084543418727391 3.150140654150466 3.199757902151695 2.9153413159340302 3.150140654150466 3.141827112759656 3.1748251019000335 3.0195886289076617 3.4017851508814365 3.5134806146228708 3.478913368272576 3.5049083193135044 3.4961777259428795 3.5222306692969467 3.2832470730245484 3.3338139991916433 3.5308219592547823 3.3761404886397117 3.5744279146298683 3.3847337923487957 3.591903471894591 3.4703791711716385 3.4961777259428795 3.2832470730245484 3.4616876158961567 3.4017851508814365 3.2163765290620767 3.308405008172237 3.5308219592547823 3.3421943989254994 3.2832470730245484 3.5656197122137576 3.4531725219753477 3.4017851508814365 3.5656197122137576 3.478913368272576 3.266470160233948 3.3338139991916433 3.2915692445190046 3.6005703687441484 3.7597233992346464 3.6886118167516244 3.706333425945615 3.6532816723590718 3.768741640443454 3.7775948223096445 3.6445584711110413 3.6445584711110413 3.949307278152234 3.662185980192619 3.804559352137678 3.7955034845365736 3.7240926157308536 3.7508886629289946 3.858563995863041 3.6181028403300237 3.6886118167516244 3.849452029292252 3.994931013794065 3.9858598763479023 3.804559352137678 3.813449298647461 3.8675087672497956 3.7240926157308536 3.8314321765100012 3.6356733016454257 3.609417136670968 3.6269688296878213 3.8405254894299046 3.8675087672497956 3.8947514340034837 3.6181028403300237 3.976618659079132 4.031664040933904 4.2834243201376205 4.050084518251851 4.302320178347698 4.387682634199195 4.059398514738147 4.04095991813958 4.013279506756297 4.114928663178128 4.031664040933904 4.124123872267262 4.152126383386034 4.189465240303201 4.124123872267262 4.068540840102059 4.068540840102059 4.087032906984074 4.4067662805426995 4.493153440002571 4.445034863749972 4.4067662805426995
0.730000 2.758444374347024 2.6132795030938096 3.1913838645082113 3.141827112759656 2.9873532967155483 2.9953203443393015 2.9792433916584864 2.963206958809479 2.89946749583966 2.9712963409361106 3.199757902151695 3.199757902151695 2.9712963409361106 3.1583061641901065 3.583075966486862 3.2412984784516516 3.3761404886397117 3.5569905434876103 3.266470160233948 3.427352221294627 3.591903471894591 3.4360045872801006 3.3421943989254994 3.5569905434876103 3.5656197122137576 3.3507481470859304 3.5222306692969467 3.5482016839953343 3.4961777259428795 3.5569905434876103 3.2330348235664155 3.266470160233948 3.5134806146228708 3.274772857790347 3.583075966486862 3.5049083193135044 3.4445005425392914 3.308405008172237 3.5569905434876103 3.274772857790347 3.3507481470859304 3.2832470730245484 3.4360045872801006 3.5569905434876103 3.2163765290620767 3.662185980192619 3.6445584711110413 3.9858598763479023 3.9401027488501636 3.786631899160151 3.786631899160151 3.715294895303003 3.6532816723590718 3.9310854954678334 3.7508886629289946 3.768741640443454 3.6181028403300237 3.885602299887906 3.706333425945615 3.849452029292252 3.849452029292252 3.768741640443454 3.849452029292252 3.6269688296878213 3.949307278152234 3.8405254894299046 3.8405254894299046 3.9583425389599913 3.8766393410359554 3.6709278713963025 3.6532816723590718 3.6532816723590718 3.858563995863041 3.7597233992346464 3.858563995863041 3.8947514340034837 3.7240926157308536 3.9583425389599913 3.6269688296878213 4.226944395924057 4.050084518251851 4.311688368423777 4.161356600048034 4.050084518251851 4.208187333724751 4.004190501010748 4.142722567221125 4.004190501010748 4.105560618158931 4.302320178347698 4.059398514738147 4.087032906984074 4.152126383386034 4.330635659446139 4.09638298767736 4.013279506756297 4.4739184571649115 4.445034863749972 4.60925774129937 4.435548777559674
0.740000 2.7817903811287406 2.560647071112147 2.95527993109547 2.9312558679539493 3.1748251019000335 3.100882644135794 3.100882644135794 3.0437937726389976 3.1583061641901065 3.1913838645082113 3.0275955901797973 3.1172619647621516 3.0600322532138695 3.0275955901797973 3.4017851508814365 3.5744279146298683 3.5134806146228708 3.5222306692969467 3.258015913974275 3.5308219592547823 3.2330348235664155 3.274772857790347 3.308405008172237 3.4445005425392914 3.4703791711716385 3.367721434473514 3.300063394777207 3.4445005425392914 3.2497327220614505 3.32528008209297 3.32528008209297 3.300063394777207 3.487624461659719 3.393172123155076 3.3338139991916433 3.4531725219753477 3.274772857790347 3.487624461659719 3.2163765290620767 3.5744279146298683 3.359147890730457 3.316919059168708 3.4616876158961567 3.583075966486862 3.5656197122137576 3.9583425389599913 3.9037325359196138 3.9218993832188556 3.6181028403300237 3.9310854954678334 3.8675087672497956 3.7330730527728044 3.6532816723590718 3.9583425389599913 3.976618659079132 3.6181028403300237 3.706333425945615 3.885602299887906 3.9401027488501636 3.9401027488501636 3.662185980192619 3.715294895303003 3.976618659079132 3.804559352137678 3.9675654368237803 3.6356733016454257 3.6975542749607624 3.7508886629289946 3.6356733016454257 3.885602299887906 3.813449298647461 3.6005703687441484 3.6445584711110413 3.9401027488501636 3.8675087672497956 3.6005703687441484 3.715294895303003 3.8675087672497956 3.6269688296878213 4.397313599800975 4.34961720950167 4.077872904589594 4.152126383386034 4.1800258668376475 4.27389700972598 4.208187333724751 4.059398514738147 4.226944395924057 4.004190501010748 4.004190501010748 4.27389700972598 4.226944395924057 4.031664040933904 4.133509829299363 4.2834243201376205 4.105560618158931 4.531723093439896 4.78560126157025 4.435548777559674 4.5510575218429565
0.750000 2.6056692116350813 2.666281752772024 3.141827112759656 3.0357668950244268 3.084543418727391 3.068244346893695 3.1748251019000335 3.076310974966537 3.084543418727391 3.092629880406265 3.1748251019000335 3.0114377622100448 3.150140654150466 2.947211099811094 3.5482016839953343 3.367721434473514 3.3421943989254994 3.32528008209297 3.274772857790347 3.3421943989254994 3.5395914360977594 3.5049083193135044 3.583075966486862 3.393172123155076 3.2412984784516516 3.308405008172237 3.316919059168708 3.4531725219753477 3.316919059168708 3.487624461659719 3.478913368272576 3.4961777259428795 3.4961777259428795 3.3507481470859304 3.3421943989254994 3.4445005425392914 3.5744279146298683 3.4360045872801006 3.5134806146228708 3.2915692445190046 3.367721434473514 3.367721434473514 3.2163765290620767 3.5395914360977594 3.4703791711716385 3.9401027488501636 3.6886118167516244 3.976618659079132 3.7508886629289946 3.609417136670968 3.6181028403300237 3.9401027488501636 3.662185980192619 3.8314321765100012 3.6269688296878213 3.813449298647461 3.8947514340034837 3.8766393410359554 3.679851275526602 3.885602299887906 3.8405254894299046 3.6709278713963025 3.858563995863041 3.949307278152234 3.7240926157308536 3.9310854954678334 3.6886118167516244 3.912900182995015 3.6269688296878213 3.6356733016454257 3.706333425945615 3.8947514340034837 3.679851275526602 3.768741640443454 3.8766393410359554 3.885602299887906 3.786631899160151 3.8225239117406637 3.885602299887906 4.105560618158931 4.124123872267262 4.264562997420372 4.1987302626375635 4.105560618158931 4.152126383386034 4.208187333724751 4.050084518251851 4.050084518251851 4.133509829299363 4.189465240303201 4.311688368423777 4.09638298767736 4.087032906984074 4.114928663178128 4.2834243201376205 4.2550531631440744 4.416414317370283 4.502689204348403 4.638372653851022 4.445034863749972
0.760000 2.6587397644483315 2.7973573730146533 3.1666399026804894 2.9153413159340302 3.1583061641901065 3.1913838645082113 2.8520909398927943 2.939304120852559 3.1666399026804894 2.9873532967155483 3.1172619647621516 3.0437937726389976 3.1666399026804894 2.9074745108151703 3.3507481470859304 3.3338139991916433 3.478913368272576 3.410242724324369 3.5308219592547823 3.2915692445190046 3.591903471894591 3.393172123155076 3.3507481470859304 3.2163765290620767 3.5395914360977594 3.5395914360977594 3.4017851508814365 3.4961777259428795 3.4616876158961567 3.410242724324369 3.5656197122137576 3.5049083193135044 3.5395914360977594 3.583075966486862 3.4616876158961567 3.359147890730457 3.359147890730457 3.2832470730245484 3.591903471894591 3.258015913974275 3.5482016839953343 3.5308219592547823 3.4017851508814365 3.4360045872801006 3.4616876158961567 3.786631899160151 3.7330730527728044 3.8675087672497956 3.6709278713963025 3.6005703687441484 3.8225239117406637 3.994931013794065 3.9401027488501636 3.9218993832188556 3.849452029292252 3.6975542749607624 3.6181028403300237 3.6005703687441484 3.768741640443454 3.768741640443454 3.912900182995015 3.949307278152234 3.9858598763479023 3.768741640443454 3.813449298647461 3.662185980192619 3.6005703687441484 3.7330730527728044 3.9037325359196138 3.9218993832188556 3.949307278152234 3.8405254894299046 3.662185980192619 3.6269688296878213 3.9583425389599913 3.609417136670968 3.7330730527728044 3.715294895303003 3.8314321765100012 4.161356600048034 4.004190501010748 4.059398514738147 4.378246740791886 4.142722567221125 4.236244017697849 4.161356600048034 4.114928663178128 4.105560618158931 4.330635659446139 4.330635659446139 4.050084518251851 4.292775448258381 4.059398514738147 4.1800258668376475 4.077872904589594 4.245736319763044 4.4067662805426995 4.4258837292217255 4.464219566817621 4.580026035009029
0.770000 2.719934394004002 2.712176951408701 3.183179005903807 2.95527993109547 2.9312558679539493 3.1666399026804894 2.8363805576478125 3.076310974966537 2.883634459153842 2.9712963409361106 3.1172619647621516 3.051985486538066 3.0600322532138695 3.199757902151695 3.5049083193135044 3.410242724324369 3.359147890730457 3.367721434473514 3.410242724324369 3.4360045872801006 3.5482016839953343 3.4360045872801006 3.4703791711716385 3.427352221294627 3.5222306692969467 3.32528008209297 3.3338139991916433 3.367721434473514 3.3507481470859304 3.3761404886397117 3.2832470730245484 3.3761404886397117 3.316919059168708 3.4531725219753477 3.4445005425392914 3.583075966486862 3.359147890730457 3.4017851508814365 3.3338139991916433 3.258015913974275 3.2163765290620767 3.4703791711716385 3.2832470730245484 3.274772857790347 3.4360045872801006 3.6709278713963025 3.7775948223096445 3.715294895303003 3.849452029292252 3.9583425389599913 3.6532816723590718 3.8675087672497956 3.679851275526602 3.9218993832188556 3.813449298647461 3.706333425945615 3.7330730527728044 3.6356733016454257 3.8675087672497956 3.9583425389599913 3.6356733016454257 3.976618659079132 3.9218993832188556 3.8766393410359554 3.6709278713963025 3.6886118167516244 3.679851275526602 3.949307278152234 3.7775948223096445 3.6269688296878213 3.7775948223096445 3.6005703687441484 3.9037325359196138 3.786631899160151 3.6356733016454257 3.7508886629289946 3.6886118167516244 3.768741640443454 3.6445584711110413 4.09638298767736 4.142722567221125 4.152126383386034 4.2834243201376205 4.124123872267262 4.236244017697849 4.152126383386034 4.302320178347698 4.133509829299363 4.17077822183587 4.068540840102059 4.004190501010748 4.292775448258381 4.264562997420372 4.152126383386034 4.068540840102059 4.142722567221125 4.4258837292217255 4.589824969666061 4.687312877728655 4.560642437348045
0.780000 2.7662645407768167 2.750779898693886 2.9953203443393015 3.1913838645082113 3.0600322532138695 2.95527993109547 3.199757902151695 3.092629880406265 2.9953203443393015 2.95527993109547 3.1666399026804894 3.183179005903807 3.1666399026804894 2.95527993109547 3.2497327220614505 3.3847337923487957 3.487624461659719 3.308405008172237 3.5482016839953343 3.4360045872801006 3.367721434473514 3.5222306692969467 3.478913368272576 3.583075966486862 3.487624461659719 3.2497327220614505 3.410242724324369 3.487624461659719 3.274772857790347 3.5482016839953343 3.3421943989254994 3.316919059168708 3.478913368272576 3.266470160233948 3.3847337923487957 3.308405008172237 3.5222306692969467 3.5308219592547823 3.5222306692969467 3.3421943989254994 3.4360045872801006 3.367721434473514 3.300063394777207 3.583075966486862 3.2412984784516516 3.7508886629289946 3.849452029292252 3.8947514340034837 3.8766393410359554 3.679851275526602 3.609417136670968 3.813449298647461 3.6709278713963025 3.8766393410359554 3.6181028403300237 3.849452029292252 3.9310854954678334 3.7330730527728044 3.8947514340034837 3.6269688296878213 3.609417136670968 3.8405254894299046 3.609417136670968 3.715294895303003 3.609417136670968 3.9401027488501636 3.7597233992346464 3.715294895303003 3.6005703687441484 3.6709278713963025 3.6445584711110413 3.662185980192619 3.6709278713963025 3.706333425945615 3.949307278152234 3.912900182995015 3.9858598763479023 3.768741640443454 3.6269688296878213 4.133509829299363 4.217469681706391 4.226944395924057 4.368632905651625 4.050084518251851 4.2834243201376205 4.236244017697849 4.311688368423777 4.2834243201376205 4.2550531631440744 4.087032906984074 4.27389700972598 4.321250461472404 4.34961720950167 4.27389700972598 4.013279506756297 4.226944395924057 4.4258837292217255 4.531723093439896 4.755935679775094 4.435548777559674
0.790000 2.7894955100188352 2.681538720054648 3.1336813213896 3.1748251019000335 3.051985486538066 3.1172619647621516 3.051985486538066 3.051985486538066 2.875807928460546 3.1913838645082113 2.9953203443393015 2.8520909398927943 2.9873532967155483 2.875807928460546 3.591903471894591 3.4360045872801006 3.274772857790347 3.359147890730457 3.427352221294627 3.3761404886397117 3.367721434473514 3.367721434473514 3.591903471894591 3.5308219592547823 3.5482016839953343 3.4531725219753477 3.258015913974275 3.478913368272576 3.5569905434876103 3.4961777259428795 3.4531725219753477 3.41887543958404 3.4445005425392914 3.3507481470859304 3.367721434473514 3.5569905434876103 3.591903471894591 3.3507481470859304 3.4703791711716385 3.410242724324369 3.591903471894591 3.308405008172237 3.5744279146298683 3.41887543958404 3.393172123155076 3.662185980192619 3.813449298647461 3.9037325359196138 3.6356733016454257 3.9037325359196138 3.8314321765100012 3.858563995863041 3.7597233992346464 3.8405254894299046 3.679851275526602 3.7240926157308536 3.7240926157308536 3.813449298647461 3.8947514340034837 3.7508886629289946 3.6356733016454257 3.7418893017975585 3.804559352137678 3.6005703687441484 3.9858598763479023 3.6532816723590718 3.849452029292252 3.7955034845365736 3.679851275526602 3.8947514340034837 3.6975542749607624 3.6975542749607624 3.6269688296878213 3.8225239117406637 3.706333425945615 3.9401027488501636 3.9310854954678334 3.6181028403300237 3.8675087672497956 4.311688368423777 4.236244017697849 4.09638298767736 4.330635659446139 4.189465240303201 4.208187333724751 4.133509829299363 4.1987302626375635 4.387682634199195 4.068540840102059 4.013279506756297 4.087032906984074 4.321250461472404 4.236244017697849 4.321250461472404 4.330635659446139 4.397313599800975 4.4258837292217255 4.580026035009029 4.512421692304587 4.4739184571649115
0.800000 2.7353365011881885 2.643544776344315 3.100882644135794 3.092629880406265 3.0275955901797973 3.199757902151695 2.9712963409361106 3.199757902151695 3.0195886289076617 3.1089889111804934 3.1666399026804894 3.1583061641901065 2.947211099811094 2.875807928460546 3.41887543958404 3.4616876158961567 3.32528008209297 3.3761404886397117 3.2832470730245484 3.583075966486862 3.266470160233948 3.308405008172237 3.5744279146298683 3.274772857790347 3.4616876158961567 3.5395914360977594 3.3507481470859304 3.4616876158961567 3.258015913974275 3.393172123155076 3.5395914360977594 3.410242724324369 3.5134806146228708 3.5744279146298683 3.4445005425392914 3.3847337923487957 3.359147890730457 3.308405008172237 3.5222306692969467 3.5569905434876103 3.5395914360977594 3.41887543958404 3.427352221294627 3.5049083193135044 3.3507481470859304 3.6181028403300237 3.6709278713963025 3.885602299887906 3.6356733016454257 3.858563995863041 3.7508886629289946 3.9675654368237803 3.706333425945615 3.949307278152234 3.6356733016454257 3.9310854954678334 3.6005703687441484 3.849452029292252 3.768741640443454 3.6356733016454257 3.6886118167516244 3.9675654368237803 3.8314321765100012 3.6975542749607624 3.6005703687441484 3.6445584711110413 3.7240926157308536 3.7240926157308536 3.6975542749607624 3.976618659079132 3.949307278152234 3.7597233992346464 3.8405254894299046 3.9401027488501636 3.6975542749607624 3.786631899160151 3.609417136670968 3.6886118167516244 3.706333425945615 4.245736319763044 4.09638298767736 4.189465240303201 4.2834243201376205 4.124123872267262 4.368632905651625 4.068540840102059 4.34961720950167 4.022557214122902 4.34021505789757 4.022557214122902 4.013279506756297 4.09638298767736 4.068540840102059 4.142722567221125 4.189465240303201 4.189465240303201 4.716620349901103 4.502689204348403 4.667750740597353 4.560642437348045
0.810000 2.689254230838056 2.719934394004002 3.0275955901797973 3.084543418727391 3.1748251019000335 2.812965469114768 3.084543418727391 3.1089889111804934 3.150140654150466 2.9312558679539493 3.1583061641901065 2.9792433916584864 3.0195886289076617 3.003450744285498 3.308405008172237 3.5744279146298683 3.3507481470859304 3.300063394777207 3.5744279146298683 3.5482016839953343 3.5569905434876103 3.3507481470859304 3.2412984784516516 3.367721434473514 3.41887543958404 3.5134806146228708 3.5049083193135044 3.3507481470859304 3.4616876158961567 3.2497327220614505 3.478913368272576 3.5656197122137576 3.5049083193135044 3.5222306692969467 3.3761404886397117 3.3421943989254994 3.2412984784516516 3.4360045872801006 3.5049083193135044 3.274772857790347 3.300063394777207 3.583075966486862 3.224620615797176 3.274772857790347 3.4531725219753477 3.949307278152234 3.6005703687441484 3.679851275526602 3.813449298647461 3.6532816723590718 3.858563995863041 3.7597233992346464 3.662185980192619 3.6269688296878213 3.9037325359196138 3.849452029292252 3.858563995863041 3.7330730527728044 3.715294895303003 3.9310854954678334 3.786631899160151 3.6975542749607624 3.9583425389599913 3.813449298647461 3.6005703687441484 3.6356733016454257 3.6445584711110413 3.715294895303003 3.949307278152234 3.6005703687441484 3.912900182995015 3.885602299887906 3.7508886629289946 3.8675087672497956 3.9218993832188556 3.706333425945615 3.706333425945615 3.6709278713963025 3.8314321765100012 4.077872904589594 4.245736319763044 4.031664040933904 4.152126383386034 4.004190501010748 4.17077822183587 4.245736319763044 4.04095991813958 4.311688368423777 4.152126383386034 4.161356600048034 4.133509829299363 4.236244017697849 4.087032906984074 4.397313599800975 4.292775448258381 4.378246740791886 4.435548777559674 4.4739184571649115 4.4067662805426995 4.483437720084692
0.820000 2.7817903811287406 2.773949354294852 3.1336813213896 3.076310974966537 3.141827112759656 3.141827112759656 2.963206958809479 3.1913838645082113 3.0357668950244268 3.141827112759656 2.8916208154516734 3.1666399026804894 3.076310974966537 3.1748251019000335 3.5049083193135044 3.5395914360977594 3.3507481470859304 3.316919059168708 3.5134806146228708 3.41887543958404 3.4703791711716385 3.5308219592547823 3.5308219592547823 3.308405008172237 3.2330348235664155 3.410242724324369 3.2330348235664155 3.2915692445190046 3.32528008209297 3.393172123155076 3.2832470730245484 3.4017851508814365 3.3338139991916433 3.266470160233948 3.4445005425392914 3.3421943989254994 3.591903471894591 3.487624461659719 3.4017851508814365 3.3338139991916433 3.5482016839953343 3.41887543958404 3.583075966486862 3.5569905434876103 3.32528008209297 3.8225239117406637 3.786631899160151 3.6356733016454257 3.7240926157308536 3.9037325359196138 3.6356733016454257 3.8314321765100012 3.9310854954678334 3.6181028403300237 3.804559352137678 3.768741640443454 3.949307278152234 3.715294895303003 3.8314321765100012 3.8675087672497956 3.8405254894299046 3.9037325359196138 3.7418893017975585 3.609417136670968 3.6269688296878213 3.6975542749607624 3.7597233992346464 3.6709278713963025 3.6445584711110413 3.994931013794065 3.8314321765100012 3.9401027488501636 3.976618659079132 3.786631899160151 3.706333425945615 3.8675087672497956 3.8947514340034837 3.7955034845365736 3.6975542749607624 4.031664040933904 4.031664040933904 4.321250461472404 4.245736319763044 4.245736319763044 4.226944395924057 4.292775448258381 4.1800258668376475 4.236244017697849 4.226944395924057 4.105560618158931 4.050084518251851 4.004190501010748 4.378246740791886 4.236244017697849 4.105560618158931 4.142722567221125 4.521973899542435 4.638372653851022 4.493153440002571 4.502689204348403
0.830000 2.750779898693886 2.5831807784910445 2.95527993109547 3.1583061641901065 2.867842256978591 3.1089889111804934 2.8207111595260184 3.076310974966537 3.1336813213896 3.1583061641901065 3.1748251019000335 3.084543418727391 3.1172619647621516 3.0437937726389976 3.5569905434876103 3.4616876158961567 3.3338139991916433 3.359147890730457 3.3847337923487957 3.487624461659719 3.4703791711716385 3.5395914360977594 3.583075966486862 3.5134806146228708 3.4017851508814365 3.5222306692969467 3.4531725219753477 3.4360045872801006 3.2832470730245484 3.427352221294627 3.300063394777207 3.5134806146228708 3.5308219592547823 3.308405008172237 3.5744279146298683 3.5656197122137576 3.5569905434876103 3.427352221294627 3.487624461659719 3.308405008172237 3.4445005425392914 3.4360045872801006 3.4360045872801006 3.274772857790347 3.300063394777207 3.9310854954678334 3.8947514340034837 3.9218993832188556 3.8405254894299046 3.7955034845365736 3.786631899160151 3.7330730527728044 3.7508886629289946 3.7955034845365736 3.6886118167516244 3.6181028403300237 3.715294895303003 3.6445584711110413 3.8766393410359554 3.6886118167516244 3.813449298647461 3.976618659079132 3.6886118167516244 3.6975542749607624 3.6532816723590718 3.679851275526602 3.6532816723590718 3.912900182995015 3.9675654368237803 3.7240926157308536 3.7240926157308536 3.7597233992346464 3.949307278152234 3.858563995863041 3.7508886629289946 3.804559352137678 3.715294895303003 3.7775948223096445 3.706333425945615 4.050084518251851 4.387682634199195 4.068540840102059 4.161356600048034 4.068540840102059 4.2834243201376205 4.264562997420372 4.077872904589594 4.124123872267262 4.114928663178128 4.161356600048034 4.161356600048034 4.050084518251851 4.114928663178128 4.189465240303201 4.050084518251851 4.189465240303201 4.706907035824327 4.687312877728655 4.493153440002571 4.45471686346053
0.840000 2.5831807784910445 2.6587397644483315 2.939304120852559 3.183179005903807 2.947211099811094 2.947211099811094 2.867842256978591 3.092629880406265 3.1336813213896 2.867842256978591 3.150140654150466 3.0437937726389976 2.8443047815867 3.150140654150466 3.5395914360977594 3.4531725219753477 3.4616876158961567 3.5395914360977594 3.5744279146298683 3.367721434473514 3.591903471894591 3.478913368272576 3.591903471894591 3.5569905434876103 3.5656197122137576 3.4703791711716385 3.4616876158961567 3.591903471894591 3.2079823900123703 3.5395914360977594 3.3847337923487957 3.5482016839953343 3.32528008209297 3.5482016839953343 3.4360045872801006 3.5049083193135044 3.316919059168708 3.5744279146298683 3.5308219592547823 3.5569905434876103 3.3847337923487957 3.427352221294627 3.427352221294627 3.3761404886397117 3.4616876158961567 3.6269688296878213 3.949307278152234 3.8947514340034837 3.679851275526602 3.8947514340034837 3.8675087672497956 3.9858598763479023 3.706333425945615 3.662185980192619 3.6445584711110413 3.786631899160151 3.804559352137678 3.7240926157308536 3.9858598763479023 3.912900182995015 3.7330730527728044 3.786631899160151 3.804559352137678 3.7330730527728044 3.8405254894299046 3.768741640443454 3.679851275526602 3.8947514340034837 3.6005703687441484 3.6181028403300237 3.8405254894299046 3.813449298647461 3.6886118167516244 3.679851275526602 3.768741640443454 3.6886118167516244 3.976618659079132 3.7240926157308536 3.9037325359196138 4.124123872267262 4.1800258668376475 4.031664040933904 4.330635659446139 4.04095991813958 4.077872904589594 4.022557214122902 4.264562997420372 4.068540840102059 4.105560618158931 4.133509829299363 4.087032906984074 4.077872904589594 4.04095991813958 4.321250461472404 4.152126383386034 4.264562997420372 4.531723093439896 4.483437720084692 4.726533084856339 4.736262166944972
0.850000 2.712176951408701 2.7973573730146533 3.100882644135794 3.003450744285498 3.1913838645082113 3.150140654150466 2.8207111595260184 3.0437937726389976 3.092629880406265 3.1913838645082113 3.1913838645082113 2.9953203443393015 3.1172619647621516 3.1913838645082113 3.5395914360977594 3.4961777259428795 3.5134806146228708 3.393172123155076 3.3421943989254994 3.5049083193135044 3.4360045872801006 3.3507481470859304 3.41887543958404 3.5222306692969467 3.5482016839953343 3.5569905434876103 3.5222306692969467 3.427352221294627 3.487624461659719 3.32528008209297 3.32528008209297 3.5134806146228708 3.4360045872801006 3.393172123155076 3.5744279146298683 3.427352221294627 3.5482016839953343 3.4531725219753477 3.2330348235664155 3.2330348235664155 3.2915692445190046 3.300063394777207 3.367721434473514 3.316919059168708 3.410242724324369 3.6005703687441484 3.8405254894299046 3.6709278713963025 3.8225239117406637 3.9037325359196138 3.949307278152234 3.706333425945615 3.949307278152234 3.662185980192619 3.715294895303003 3.662185980192619 3.8314321765100012 3.768741640443454 3.858563995863041 3.6445584711110413 3.6532816723590718 3.8947514340034837 3.662185980192619 3.8225239117406637 3.6445584711110413 3.8405254894299046 3.679851275526602 3.7775948223096445 3.662185980192619 3.8225239117406637 3.9675654368237803 3.858563995863041 3.8947514340034837 3.8225239117406637 3.679851275526602 3.8314321765100012 3.706333425945615 3.8314321765100012 3.7418893017975585 4.077872904589594 4.189465240303201 4.031664040933904 4.1987302626375635 4.2834243201376205 4.226944395924057 4.031664040933904 4.105560618158931 4.302320178347698 4.330635659446139 4.050084518251851 4.34961720950167 4.022557214122902 4.208187333724751 4.217469681706391 4.368632905651625 4.292775448258381 4.493153440002571 4.483437720084692 4.667750740597353 4.5510575218429565
0.860000 2.712176951408701 2.5383456825436705 3.183179005903807 3.141827112759656 3.1253880083974157 3.051985486538066 2.8443047815867 3.1666399026804894 3.003450744285498 3.0357668950244268 3.1666399026804894 3.092629880406265 3.1583061641901065 2.867842256978591 3.224620615797176 3.4616876158961567 3.5656197122137576 3.4445005425392914 3.5134806146228708 3.2915692445190046 3.274772857790347 3.4531725219753477 3.367721434473514 3.316919059168708 3.367721434473514 3.4445005425392914 3.4703791711716385 3.2412984784516516 3.2330348235664155 3.583075966486862 3.2079823900123703 3.258015913974275 3.274772857790347 3.2079823900123703 3.487624461659719 3.5222306692969467 3.316919059168708 3.4703791711716385 3.5482016839953343 3.3421943989254994 3.3761404886397117 3.478913368272576 3.359147890730457 3.367721434473514 3.4017851508814365 3.7597233992346464 3.7597233992346464 3.912900182995015 3.813449298647461 3.8225239117406637 3.768741640443454 3.8314321765100012 3.994931013794065 3.8675087672497956 3.6709278713963025 3.7597233992346464 3.7240926157308536 3.706333425945615 3.885602299887906 3.768741640443454 3.679851275526602 3.768741640443454 3.768741640443454 3.9218993832188556 3.8225239117406637 3.6975542749607624 3.8405254894299046 3.662185980192619 3.9401027488501636 3.662185980192619 3.6181028403300237 3.858563995863041 3.7418893017975585 3.813449298647461 3.9583425389599913 3.7955034845365736 3.786631899160151 3.804559352137678 3.6269688296878213 4.114928663178128 4.245736319763044 4.068540840102059 4.34961720950167 4.114928663178128 4.09638298767736 4.022557214122902 4.330635659446139 4.114928663178128 4.2550531631440744 4.077872904589594 4.27389700972598 4.208187333724751 4.152126383386034 4.059398514738147 4.226944395924057 4.004190501010748 4.531723093439896 4.580026035009029 4.464219566817621 4.45471686346053
0.870000 2.4061036973939647 2.758444374347024 3.1583061641901065 2.9873532967155483 3.076310974966537 2.9712963409361106 3.141827112759656 2.939304120852559 2.963206958809479 3.0114377622100448 2.9873532967155483 3.003450744285498 3.141827112759656 3.199757902151695 3.4616876158961567 3.2079823900123703 3.2079823900123703 3.266470160233948 3.591903471894591 3.5308219592547823 3.5049083193135044 3.2163765290620767 3.591903471894591 3.2330348235664155 3.5395914360977594 3.2832470730245484 3.4017851508814365 3.274772857790347 3.3761404886397117 3.591903471894591 3.5222306692969467 3.5656197122137576 3.5049083193135044 3.3338139991916433 3.583075966486862 3.5134806146228708 3.5656197122137576 3.427352221294627 3.5569905434876103 3.478913368272576 3.410242724324369 3.427352221294627 3.266470160233948 3.41887543958404 3.5482016839953343 3.6269688296878213 3.7418893017975585 3.7418893017975585 3.849452029292252 3.9858598763479023 3.9401027488501636 3.6269688296878213 3.768741640443454 3.7508886629289946 3.679851275526602 3.885602299887906 3.8225239117406637 3.8405254894299046 3.6532816723590718 3.912900182995015 3.885602299887906 3.8314321765100012 3.6181028403300237 3.9401027488501636 3.9583425389599913 3.912900182995015 3.6975542749607624 3.8947514340034837 3.679851275526602 3.9675654368237803 3.6269688296878213 3.912900182995015 3.679851275526602 3.6269688296878213 3.7418893017975585 3.7955034845365736 3.8405254894299046 3.9037325359196138 3.706333425945615 4.050084518251851 4.004190501010748 4.34021505789757 4.133509829299363 4.2550531631440744 4.124123872267262 4.059398514738147 4.387682634199195 4.34961720950167 4.189465240303201 4.161356600048034 4.004190501010748 4.1800258668376475 4.387682634199195 4.368632905651625 4.161356600048034 4.114928663178128 4.77564075582857 4.4739184571649115 4.795377261468363 4.716620349901103
0.880000 2.6207599630340725 2.643544776344315 2.89946749583966 3.1089889111804934 2.9712963409361106 3.1172619647621516 3.1253880083974157 3.1253880083974157 2.9074745108151703 3.199757902151695 3.150140654150466 2.8363805576478125 3.1253880083974157 3.084543418727391 3.591903471894591 3.5222306692969467 3.2497327220614505 3.4961777259428795 3.5656197122137576 3.5134806146228708 3.393172123155076 3.316919059168708 3.4531725219753477 3.3507481470859304 3.5656197122137576 3.266470160233948 3.274772857790347 3.4360045872801006 3.427352221294627 3.258015913974275 3.5222306692969467 3.4017851508814365 3.4703791711716385 3.3507481470859304 3.359147890730457 3.4616876158961567 3.3847337923487957 3.393172123155076 3.5222306692969467 3.3507481470859304 3.2915692445190046 3.5049083193135044 3.2497327220614505 3.591903471894591 3.5308219592547823 3.786631899160151 3.8225239117406637 3.6532816723590718 3.994931013794065 3.6975542749607624 3.7597233992346464 3.6709278713963025 3.6181028403300237 3.786631899160151 3.9675654368237803 3.9037325359196138 3.6532816723590718 3.9218993832188556 3.912900182995015 3.768741640443454 3.6975542749607624 3.6005703687441484 3.7418893017975585 3.976618659079132 3.7955034845365736 3.8314321765100012 3.706333425945615 3.8675087672497956 3.804559352137678 3.9310854954678334 3.6532816723590718 3.7240926157308536 3.6445584711110413 3.6356733016454257 3.6269688296878213 3.662185980192619 3.976618659079132 3.9583425389599913 3.679851275526602 4.34021505789757 4.031664040933904 4.068540840102059 4.34021505789757 4.04095991813958 4.133509829299363 4.2550531631440744 4.124123872267262 4.105560618158931 4.004190501010748 4.34021505789757 4.09638298767736 4.022557214122902 4.09638298767736 4.022557214122902 4.124123872267262 4.133509829299363 4.60925774129937 4.589824969666061 4.502689204348403 4.648220753516788
0.890000 2.6283913418621196 2.773949354294852 2.8916208154516734 3.100882644135794 3.141827112759656 2.9792433916584864 2.9153413159340302 3.1172619647621516 3.1253880083974157 3.141827112759656 3.1336813213896 3.0275955901797973 3.1748251019000335 3.092629880406265 3.5222306692969467 3.583075966486862 3.5308219592547823 3.2330348235664155 3.3847337923487957 3.4616876158961567 3.5656197122137576 3.5656197122137576 3.4445005425392914 3.3421943989254994 3.3421943989254994 3.4017851508814365 3.591903471894591 3.4531725219753477 3.258015913974275 3.393172123155076 3.5134806146228708 3.5744279146298683 3.583075966486862 3.427352221294627 3.266470160233948 3.274772857790347 3.258015913974275 3.41887543958404 3.5222306692969467 3.487624461659719 3.32528008209297 3.3847337923487957 3.5569905434876103 3.583075966486862 3.3761404886397117 3.813449298647461 3.679851275526602 3.6356733016454257 3.8405254894299046 3.768741640443454 3.7240926157308536 3.912900182995015 3.8314321765100012 3.679851275526602 3.994931013794065 3.6709278713963025 3.6445584711110413 3.786631899160151 3.8314321765100012 3.7330730527728044 3.6181028403300237 3.7418893017975585 3.949307278152234 3.9037325359196138 3.849452029292252 3.6269688296878213 3.9583425389599913 3.949307278152234 3.706333425945615 3.7955034845365736 3.662185980192619 3.949307278152234 3.9583425389599913 3.609417136670968 3.715294895303003 3.9675654368237803 3.706333425945615 3.6269688296878213 3.7418893017975585 4.35921385541505 4.2834243201376205 4.245736319763044 4.114928663178128 4.152126383386034 4.133509829299363 4.04095991813958 4.087032906984074 4.17077822183587 4.059398514738147 4.217469681706391 4.004190501010748 4.292775448258381 4.004190501010748 4.133509829299363 4.264562997420372 4.114928663178128 4.657886382739784 4.667750740597353 4.502689204348403 4.638372653851022
0.900000 2.681538720054648 2.742980616656126 3.1666399026804894 3.092629880406265 2.8443047815867 3.1583061641901065 3.1336813213896 3.1583061641901065 3.0195886289076617 2.883634459153842 3.1666399026804894 3.1583061641901065 2.9312558679539493 3.1913838645082113 3.224620615797176 3.5049083193135044 3.2497327220614505 3.41887543958404 3.487624461659719 3.224620615797176 3.359147890730457 3.300063394777207 3.41887543958404 3.4703791711716385 3.410242724324369 3.3847337923487957 3.3507481470859304 3.3421943989254994 3.4703791711716385 3.487624461659719 3.2330348235664155 3.5656197122137576 3.583075966486862 3.487624461659719 3.41887543958404 3.5308219592547823 3.5656197122137576 3.5482016839953343 3.41887543958404 3.266470160233948 3.359147890730457 3.5482016839953343 3.4360045872801006 3.316919059168708 3.4703791711716385 3.6269688296878213 3.6886118167516244 3.6269688296878213 3.6975542749607624 3.858563995863041 3.976618659079132 3.679851275526602 3.976618659079132 3.7775948223096445 3.679851275526602 3.7597233992346464 3.9037325359196138 3.6269688296878213 3.662185980192619 3.7508886629289946 3.9858598763479023 3.6356733016454257 3.9583425389599913 3.679851275526602 3.8405254894299046 3.7775948223096445 3.9583425389599913 3.786631899160151 3.679851275526602 3.679851275526602 3.6532816723590718 3.7418893017975585 3.6445584711110413 3.9858598763479023 3.715294895303003 3.804559352137678 3.9218993832188556 3.7418893017975585 3.9583425389599913 4.105560618158931 4.35921385541505 4.077872904589594 4.077872904589594 4.208187333724751 4.133509829299363 4.013279506756297 4.059398514738147 4.236244017697849 4.1800258668376475 4.04095991813958 4.04095991813958 4.004190501010748 4.330635659446139 4.2834243201376205 4.013279506756297 4.17077822183587 4.5704248550692625 4.531723093439896 4.5510575218429565 4.483437720084692
0.910000 2.5308411410140725 2.773949354294852 3.1748251019000335 3.003450744285498 3.1666399026804894 3.1583061641901065 3.068244346893695 3.199757902151695 3.0600322532138695 3.068244346893695 3.1748251019000335 3.1253880083974157 2.9792433916584864 2.828614621459107 3.274772857790347 3.2497327220614505 3.5569905434876103 3.5395914360977594 3.2497327220614505 3.224620615797176 3.4017851508814365 3.591903471894591 3.41887543958404 3.5049083193135044 3.5744279146298683 3.266470160233948 3.2915692445190046 3.367721434473514 3.359147890730457 3.274772857790347 3.583075966486862 3.2832470730245484 3.5222306692969467 3.5744279146298683 3.41887543958404 3.4703791711716385 3.5656197122137576 3.3421943989254994 3.591903471894591 3.3338139991916433 3.5222306692969467 3.2079823900123703 3.300063394777207 3.4703791711716385 3.5222306692969467 3.813449298647461 3.9310854954678334 3.7418893017975585 3.706333425945615 3.7240926157308536 3.7775948223096445 3.9310854954678334 3.6005703687441484 3.858563995863041 3.804559352137678 3.6356733016454257 3.662185980192619 3.804559352137678 3.6181028403300237 3.8675087672497956 3.706333425945615 3.6356733016454257 3.679851275526602 3.609417136670968 3.8947514340034837 3.813449298647461 3.6269688296878213 3.8947514340034837 3.6532816723590718 3.706333425945615 3.679851275526602 3.786631899160151 3.7330730527728044 3.7775948223096445 3.7955034845365736 3.9858598763479023 3.6532816723590718 3.6005703687441484 3.7508886629289946 4.013279506756297 4.105560618158931 4.368632905651625 4.04095991813958 4.04095991813958 4.161356600048034 4.321250461472404 4.068540840102059 4.1987302626375635 4.27389700972598 4.1987302626375635 4.34961720950167 4.050084518251851 4.114928663178128 4.34021505789757 4.105560618158931 4.133509829299363 4.541291684561032 4.4067662805426995 4.5994423537970714 4.416414317370283
0.920000 2.6968371342160555 2.681538720054648 3.0357668950244268 3.141827112759656 2.947211099811094 2.8363805576478125 3.1253880083974157 3.1089889111804934 3.141827112759656 2.9873532967155483 3.183179005903807 3.1089889111804934 2.9953203443393015 3.199757902151695 3.2915692445190046 3.410242724324369 3.3338139991916433 3.5656197122137576 3.3338139991916433 3.274772857790347 3.4616876158961567 3.5569905434876103 3.410242724324369 3.3761404886397117 3.274772857790347 3.4616876158961567 3.2832470730245484 3.3421943989254994 3.5134806146228708 3.5395914360977594 3.5395914360977594 3.359147890730457 3.359147890730457 3.4445005425392914 3.5134806146228708 3.300063394777207 3.5308219592547823 3.583075966486862 3.4531725219753477 3.4616876158961567 3.4531725219753477 3.224620615797176 3.4531725219753477 3.5222306692969467 3.487624461659719 3.7240926157308536 3.7775948223096445 3.7508886629289946 3.849452029292252 3.6269688296878213 3.9037325359196138 3.6975542749607624 3.6886118167516244 3.912900182995015 3.8766393410359554 3.8675087672497956 3.9583425389599913 3.9675654368237803 3.6709278713963025 3.6181028403300237 3.8675087672497956 3.849452029292252 3.706333425945615 3.8766393410359554 3.813449298647461 3.6445584711110413 3.609417136670968 3.9401027488501636 3.7508886629289946 3.679851275526602 3.9401027488501636 3.6005703687441484 3.9675654368237803 3.7240926157308536 3.6886118167516244 3.715294895303003 3.662185980192619 3.609417136670968 3.8675087672497956 4.161356600048034 4.077872904589594 4.217469681706391 4.114928663178128 4.368632905651625 4.27389700972598 4.387682634199195 4.133509829299363 4.09638298767736 4.013279506756297 4.059398514738147 4.217469681706391 4.022557214122902 4.004190501010748 4.1987302626375635 4.161356600048034 4.1800258668376475 4.5510575218429565 4.445034863749972 4.5704248550692625 4.4258837292217255
0.930000 2.758444374347024 2.704573622330376 3.150140654150466 2.9792433916584864 3.1583061641901065 2.95527993109547 3.1336813213896 3.1172619647621516 3.092629880406265 3.100882644135794 3.1336813213896 3.1253880083974157 3.141827112759656 3.1253880083974157 3.4017851508814365 3.224620615797176 3.3761404886397117 3.308405008172237 3.3847337923487957 3.367721434473514 3.4360045872801006 3.4445005425392914 3.4445005425392914 3.3338139991916433 3.4017851508814365 3.487624461659719 3.2832470730245484 3.5222306692969467 3.2832470730245484 3.5744279146298683 3.3421943989254994 3.5049083193135044 3.4703791711716385 3.5482016839953343 3.3338139991916433 3.5656197122137576 3.41887543958404 3.2832470730245484 3.4703791711716385 3.5656197122137576 3.4703791711716385 3.410242724324369 3.4360045872801006 3.5744279146298683 3.5482016839953343 3.9037325359196138 3.662185980192619 3.8225239117406637 3.7955034845365736 3.6445584711110413 3.912900182995015 3.6356733016454257 3.9218993832188556 3.8766393410359554 3.885602299887906 3.679851275526602 3.8947514340034837 3.6445584711110413 3.706333425945615 3.7330730527728044 3.9310854954678334 3.7955034845365736 3.6356733016454257 3.679851275526602 3.768741640443454 3.9675654368237803 3.768741640443454 3.994931013794065 3.8766393410359554 3.813449298647461 3.6886118167516244 3.7508886629289946 3.7508886629289946 3.7597233992346464 3.715294895303003 3.679851275526602 3.8766393410359554 3.8314321765100012 3.786631899160151 4.292775448258381 4.105560618158931 4.09638298767736 4.142722567221125 4.208187333724751 4.050084518251851 4.050084518251851 4.264562997420372 4.050084518251851 4.09638298767736 4.226944395924057 4.17077822183587 4.124123872267262 4.378246740791886 4.378246740791886 4.330635659446139 4.077872904589594 4.560642437348045 4.502689204348403 4.464219566817621 4.7658803301983514
0.940000 2.7973573730146533 2.7662645407768167 2.9312558679539493 3.1172619647621516 2.8916208154516734 3.003450744285498 3.1583061641901065 3.1583061641901065 3.0275955901797973 2.9153413159340302 3.183179005903807 2.923368963259543 3.092629880406265 3.100882644135794 3.427352221294627 3.4616876158961567 3.4360045872801006 3.316919059168708 3.3507481470859304 3.478913368272576 3.2915692445190046 3.5308219592547823 3.2412984784516516 3.300063394777207 3.427352221294627 3.266470160233948 3.3421943989254994 3.4961777259428795 3.2412984784516516 3.32528008209297 3.367721434473514 3.410242724324369 3.2497327220614505 3.5395914360977594 3.41887543958404 3.308405008172237 3.5049083193135044 3.3507481470859304 3.41887543958404 3.5308219592547823 3.5049083193135044 3.367721434473514 3.5134806146228708 3.224620615797176 3.5744279146298683 3.8766393410359554 3.6886118167516244 3.994931013794065 3.9675654368237803 3.912900182995015 3.813449298647461 3.7418893017975585 3.7240926157308536 3.786631899160151 3.8675087672497956 3.994931013794065 3.8675087672497956 3.6005703687441484 3.679851275526602 3.715294895303003 3.912900182995015 3.7330730527728044 3.662185980192619 3.8766393410359554 3.7240926157308536 3.858563995863041 3.976618659079132 3.6356733016454257 3.7508886629289946 3.858563995863041 3.7418893017975585 3.8314321765100012 3.6356733016454257 3.8314321765100012 3.8675087672497956 3.976618659079132 3.768741640443454 3.715294895303003 3.9310854954678334 4.17077822183587 4.077872904589594 4.013279506756297 4.124123872267262 4.152126383386034 4.302320178347698 4.022557214122902 4.208187333724751 4.059398514738147 4.022557214122902 4.114928663178128 4.022557214122902 4.1800258668376475 4.142722567221125 4.2834243201376205 4.050084518251851 4.142722567221125 4.4739184571649115 4.580026035009029 4.60925774129937 4.502689204348403
0.950000 2.471731876352579 2.719934394004002 2.9873532967155483 2.875807928460546 2.9074745108151703 3.1666399026804894 3.084543418727391 2.875807928460546 3.076310974966537 2.8600359004679246 3.076310974966537 3.1336813213896 2.947211099811094 2.828614621459107 3.5482016839953343 3.4961777259428795 3.5569905434876103 3.5482016839953343 3.274772857790347 3.2079823900123703 3.4961777259428795 3.3338139991916433 3.5222306692969467 3.4017851508814365 3.274772857790347 3.367721434473514 3.266470160233948 3.367721434473514 3.427352221294627 3.274772857790347 3.5482016839953343 3.410242724324369 3.2330348235664155 3.393172123155076 3.266470160233948 3.4531725219753477 3.2497327220614505 3.3847337923487957 3.2412984784516516 3.32528008209297 3.5395914360977594 3.3338139991916433 3.3421943989254994 3.410242724324369 3.4017851508814365 3.7775948223096445 3.849452029292252 3.858563995863041 3.786631899160151 3.994931013794065 3.715294895303003 3.7330730527728044 3.6356733016454257 3.6975542749607624 3.679851275526602 3.679851275526602 3.8405254894299046 3.9310854954678334 3.706333425945615 3.7597233992346464 3.706333425945615 3.715294895303003 3.6709278713963025 3.8225239117406637 3.8766393410359554 3.6269688296878213 3.8947514340034837 3.8314321765100012 3.7330730527728044 3.8405254894299046 3.9218993832188556 3.804559352137678 3.885602299887906 3.6975542749607624 3.6269688296878213 3.804559352137678 3.7418893017975585 3.8225239117406637 3.849452029292252 4.004190501010748 4.387682634199195 4.004190501010748 4.077872904589594 4.105560618158931 4.09638298767736 4.236244017697849 4.133509829299363 4.013279506756297 4.34961720950167 4.368632905651625 4.022557214122902 4.35921385541505 4.208187333724751 4.302320178347698 4.031664040933904 4.133509829299363 4.746190893645621 4.746190893645621 4.416414317370283 4.697010359996532
0.960000 2.6739762636570186 2.6587397644483315 3.100882644135794 3.0600322532138695 2.8443047815867 2.9953203443393015 3.100882644135794 2.9873532967155483 3.1336813213896 2.867842256978591 3.1583061641901065 3.0114377622100448 3.068244346893695 2.9792433916584864 3.4961777259428795 3.2330348235664155 3.359147890730457 3.5395914360977594 3.487624461659719 3.3761404886397117 3.274772857790347 3.393172123155076 3.4360045872801006 3.41887543958404 3.427352221294627 3.41887543958404 3.4531725219753477 3.5569905434876103 3.478913368272576 3.2330348235664155 3.5569905434876103 3.3847337923487957 3.427352221294627 3.410242724324369 3.2330348235664155 3.5049083193135044 3.4616876158961567 3.5656197122137576 3.2915692445190046 3.583075966486862 3.5395914360977594 3.5222306692969467 3.5482016839953343 3.308405008172237 3.5134806146228708 3.7418893017975585 3.7330730527728044 3.8675087672497956 3.6181028403300237 3.6181028403300237 3.768741640443454 3.9218993832188556 3.6886118167516244 3.662185980192619 3.609417136670968 3.7240926157308536 3.6532816723590718 3.6975542749607624 3.9401027488501636 3.706333425945615 3.6269688296878213 3.6005703687441484 3.6269688296878213 3.804559352137678 3.706333425945615 3.994931013794065 3.7597233992346464 3.8314321765100012 3.6709278713963025 3.706333425945615 3.7330730527728044 3.6005703687441484 3.7775948223096445 3.949307278152234 3.6005703687441484 3.8225239117406637 3.885602299887906 3.9675654368237803 3.7418893017975585 4.050084518251851 4.050084518251851 4.27389700972598 4.387682634199195 4.004190501010748 4.031664040933904 4.050084518251851 4.050084518251851 4.189465240303201 4.27389700972598 4.27389700972598 4.226944395924057 4.059398514738147 4.022557214122902 4.1800258668376475 4.013279506756297 4.1800258668376475 4.4739184571649115 4.435548777559674 4.657886382739784 4.4067662805426995
0.970000 2.758444374347024 2.7817903811287406 2.883634459153842 3.0437937726389976 2.9953203443393015 2.9953203443393015 2.939304120852559 2.8520909398927943 2.9873532967155483 3.199757902151695 3.199757902151695 3.0600322532138695 3.183179005903807 3.1583061641901065 3.32528008209297 3.393172123155076 3.367721434473514 3.266470160233948 3.2163765290620767 3.5656197122137576 3.300063394777207 3.2915692445190046 3.367721434473514 3.427352221294627 3.5134806146228708 3.32528008209297 3.3507481470859304 3.393172123155076 3.32528008209297 3.393172123155076 3.308405008172237 3.3507481470859304 3.3761404886397117 3.5222306692969467 3.4445005425392914 3.4616876158961567 3.266470160233948 3.5134806146228708 3.4531725219753477 3.4616876158961567 3.2915692445190046 3.308405008172237 3.393172123155076 3.4703791711716385 3.4360045872801006 3.8675087672497956 3.849452029292252 3.8766393410359554 3.786631899160151 3.7955034845365736 3.715294895303003 3.6975542749607624 3.6356733016454257 3.6269688296878213 3.7775948223096445 3.6445584711110413 3.7775948223096445 3.715294895303003 3.6181028403300237 3.8405254894299046 3.679851275526602 3.813449298647461 3.8675087672497956 3.715294895303003 3.8947514340034837 3.849452029292252 3.976618659079132 3.6269688296878213 3.6975542749607624 3.885602299887906 3.786631899160151 3.9310854954678334 3.662185980192619 3.885602299887906 3.7597233992346464 3.9583425389599913 3.6532816723590718 3.849452029292252 3.662185980192619 4.133509829299363 4.022557214122902 4.031664040933904 4.059398514738147 4.004190501010748 4.17077822183587 4.077872904589594 4.1800258668376475 4.105560618158931 4.087032906984074 4.17077822183587 4.105560618158931 4.292775448258381 4.1800258668376475 4.068540840102059 4.387682634199195 4.059398514738147 4.45471686346053 4.580026035009029 4.4739184571649115 4.77564075582857
0.980000 2.598209301621978 2.681538720054648 3.084543418727391 3.1089889111804934 2.9953203443393015 2.828614621459107 3.1583061641901065 2.8916208154516734 3.0275955901797973 3.0600322532138695 3.1336813213896 3.1583061641901065 2.923368963259543 3.183179005903807 3.5744279146298683 3.5482016839953343 3.316919059168708 3.316919059168708 3.2832470730245484 3.4017851508814365 3.5049083193135044 3.41887543958404 3.2832470730245484 3.224620615797176 3.393172123155076 3.478913368272576 3.308405008172237 3.5656197122137576 3.583075966486862 3.308405008172237 3.4616876158961567 3.2832470730245484 3.266470160233948 3.5134806146228708 3.224620615797176 3.5569905434876103 3.4703791711716385 3.583075966486862 3.3507481470859304 3.5134806146228708 3.4017851508814365 3.316919059168708 3.316919059168708 3.5134806146228708 3.316919059168708 3.8405254894299046 3.994931013794065 3.6445584711110413 3.9858598763479023 3.715294895303003 3.8766393410359554 3.706333425945615 3.6181028403300237 3.7597233992346464 3.609417136670968 3.8675087672497956 3.6445584711110413 3.849452029292252 3.8766393410359554 3.768741640443454 3.976618659079132 3.6181028403300237 3.706333425945615 3.813449298647461 3.6269688296878213 3.9218993832188556 3.7955034845365736 3.6886118167516244 3.858563995863041 3.6975542749607624 3.9401027488501636 3.679851275526602 3.609417136670968 3.9218993832188556 3.9583425389599913 3.6532816723590718 3.804559352137678 3.7240926157308536 3.9310854954678334 4.114928663178128 4.059398514738147 4.292775448258381 4.330635659446139 4.17077822183587 4.114928663178128 4.077872904589594 4.27389700972598 4.050084518251851 4.004190501010748 4.068540840102059 4.013279506756297 4.114928663178128 4.226944395924057 4.050084518251851 4.208187333724751 4.264562997420372 4.755935679775094 4.648220753516788 4.445034863749972 4.4067662805426995
0.990000 2.479151457626161 2.7353365011881885 3.1666399026804894 2.8916208154516734 2.8600359004679246 3.0357668950244268 2.9792433916584864 2.939304120852559 3.068244346893695 3.150140654150466 2.9873532967155483 3.051985486538066 2.9873532967155483 2.9712963409361106 3.4961777259428795 3.4445005425392914 3.359147890730457 3.4531725219753477 3.308405008172237 3.5134806146228708 3.591903471894591 3.487624461659719 3.5308219592547823 3.3507481470859304 3.224620615797176 3.4445005425392914 3.2079823900123703 3.4616876158961567 3.3338139991916433 3.41887543958404 3.427352221294627 3.316919059168708 3.367721434473514 3.5222306692969467 3.3507481470859304 3.2330348235664155 3.5308219592547823 3.5134806146228708 3.5049083193135044 3.367721434473514 3.4445005425392914 3.5049083193135044 3.359147890730457 3.5656197122137576 3.359147890730457 3.7955034845365736 3.9218993832188556 3.7775948223096445 3.976618659079132 3.706333425945615 3.9218993832188556 3.9675654368237803 3.8405254894299046 3.6709278713963025 3.6181028403300237 3.7240926157308536 3.9583425389599913 3.6005703687441484 3.6445584711110413 3.8675087672497956 3.6181028403300237 3.8947514340034837 3.7240926157308536 3.715294895303003 3.7955034845365736 3.9401027488501636 3.6975542749607624 3.9037325359196138 3.9218993832188556 3.7240926157308536 3.8947514340034837 3.7597233992346464 3.9310854954678334 3.7418893017975585 3.9310854954678334 3.9675654368237803 3.6445584711110413 3.8766393410359554 3.885602299887906 4.077872904589594 4.236244017697849 4.387682634199195 4.077872904589594 4.387682634199195 4.022557214122902 4.022557214122902 4.09638298767736 4.133509829299363 4.17077822183587 4.35921385541505 4.09638298767736 4.152126383386034 4.378246740791886 4.161356600048034 4.087032906984074 4.04095991813958 4.4067662805426995 4.435548777559674 4.541291684561032 4.435548777559674
1.000000 2.5160009429783496 2.712176951408701 3.1913838645082113 3.1089889111804934 2.8207111595260184 2.9873532967155483 2.8363805576478125 3.150140654150466 3.1253880083974157 3.141827112759656 2.9953203443393015 2.8600359004679246 3.1913838645082113 3.003450744285498 3.5395914360977594 3.2330348235664155 3.4961777259428795 3.2163765290620767 3.487624461659719 3.427352221294627 3.410242724324369 3.4616876158961567 3.478913368272576 3.5134806146228708 3.266470160233948 3.3507481470859304 3.2079823900123703 3.5395914360977594 3.410242724324369 3.41887543958404 3.3338139991916433 3.5395914360977594 3.478913368272576 3.258015913974275 3.316919059168708 3.5569905434876103 3.300063394777207 3.5134806146228708 3.2330348235664155 3.2915692445190046 3.478913368272576 3.32528008209297 3.5049083193135044 3.5222306692969467 3.5308219592547823 3.679851275526602 3.8314321765100012 3.8766393410359554 3.9037325359196138 3.6975542749607624 3.9218993832188556 3.858563995863041 3.706333425945615 3.7330730527728044 3.6356733016454257 3.9037325359196138 3.7508886629289946 3.7955034845365736 3.6709278713963025 3.6709278713963025 3.8314321765100012 3.9037325359196138 3.9218993832188556 3.609417136670968 3.976618659079132 3.6886118167516244 3.7508886629289946 3.6975542749607624 3.662185980192619 3.7775948223096445 3.7330730527728044 3.7775948223096445 3.885602299887906 3.6005703687441484 3.706333425945615 3.6181028403300237 3.885602299887906 3.8405254894299046 3.804559352137678 4.013279506756297 4.208187333724751 4.124123872267262 4.105560618158931 4.04095991813958 4.133509829299363 4.04095991813958 4.022557214122902 4.161356600048034 4.087032906984074 4.27389700972598 4.124123872267262 4.1987302626375635 4.311688368423777 4.133509829299363 4.013279506756297 4.09638298767736 4.512421692304587 4.716620349901103 4.4258837292217255 4.60925774129937
1.010000 2.719934394004002 2.7353365011881885 3.0195886289076617 3.0275955901797973 3.092629880406265 3.183179005903807 3.199757902151695 2.867842256978591 3.1748251019000335 3.100882644135794 3.051985486538066 3.0195886289076617 3.199757902151695 3.0275955901797973 3.2915692445190046 3.2330348235664155 3.2915692445190046 3.2832470730245484 3.5744279146298683 3.478913368272576 3.3761404886397117 3.427352221294627 3.4531725219753477 3.410242724324369 3.274772857790347 3.2079823900123703 3.393172123155076 3.5482016839953343 3.359147890730457 3.4616876158961567 3.4616876158961567 3.316919059168708 3.4360045872801006 3.4360045872801006 3.5482016839953343 3.5569905434876103 3.41887543958404 3.4703791711716385 3.308405008172237 3.2915692445190046 3.5222306692969467 3.5744279146298683 3.3847337923487957 3.41887543958404 3.3507481470859304 3.8766393410359554 3.8225239117406637 3.9218993832188556 3.8947514340034837 3.6445584711110413 3.6975542749607624 3.9037325359196138 3.976618659079132 3.6975542749607624 3.7955034845365736 3.7418893017975585 3.706333425945615 3.7597233992346464 3.6356733016454257 3.858563995863041 3.858563995863041 3.6975542749607624 3.6709278713963025 3.9858598763479023 3.8225239117406637 3.6269688296878213 3.6532816723590718 3.6532816723590718 3.8405254894299046 3.6532816723590718 3.6709278713963025 3.7418893017975585 3.8314321765100012 3.849452029292252 3.912900182995015 3.976618659079132 3.679851275526602 3.912900182995015 3.715294895303003 4.04095991813958 4.189465240303201 4.34021505789757 4.330635659446139 4.022557214122902 4.068540840102059 4.1800258668376475 4.208187333724751 4.068540840102059 4.226944395924057 4.059398514738147 4.050084518251851 4.264562997420372 4.152126383386034 4.226944395924057 4.397313599800975 4.1800258668376475 4.580026035009029 4.5704248550692625 4.445034863749972 4.5510575218429565
1.020000 2.7817903811287406 2.7817903811287406 3.0275955901797973 2.8916208154516734 3.1583061641901065 3.0437937726389976 2.923368963259543 3.1666399026804894 3.150140654150466 3.0114377622100448 3.1336813213896 3.003450744285498 3.1913838645082113 3.100882644135794 3.4360045872801006 3.3847337923487957 3.410242724324369 3.5656197122137576 3.3761404886397117 3.4017851508814365 3.4531725219753477 3.4445005425392914 3.2832470730245484 3.5744279146298683 3.5308219592547823 3.427352221294627 3.367721434473514 3.583075966486862 3.2412984784516516 3.393172123155076 3.316919059168708 3.5656197122137576 3.4961777259428795 3.4961777259428795 3.5049083193135044 3.3338139991916433 3.583075966486862 3.4961777259428795 3.5569905434876103 3.583075966486862 3.300063394777207 3.583075966486862 3.2412984784516516 3.5049083193135044 3.487624461659719 3.8766393410359554 3.768741640443454 3.7775948223096445 3.813449298647461 3.662185980192619 3.6975542749607624 3.9037325359196138 3.976618659079132 3.912900182995015 3.6005703687441484 3.679851275526602 3.9583425389599913 3.8225239117406637 3.9218993832188556 3.679851275526602 3.6445584711110413 3.9675654368237803 3.976618659079132 3.7330730527728044 3.8947514340034837 3.609417136670968 3.715294895303003 3.9583425389599913 3.7418893017975585 3.786631899160151 3.6532816723590718 3.949307278152234 3.6709278713963025 3.885602299887906 3.804559352137678 3.9037325359196138 3.715294895303003 3.8225239117406637 3.7775948223096445 4.004190501010748 4.152126383386034 4.292775448258381 4.17077822183587 4.226944395924057 4.226944395924057 4.2834243201376205 4.152126383386034 4.264562997420372 4.09638298767736 4.068540840102059 4.397313599800975 4.142722567221125 4.077872904589594 4.04095991813958 4.208187333724751 4.004190501010748 4.493153440002571 4.638372653851022 4.716620349901103 4.4739184571649115
1.030000 2.7894955100188352 2.7662645407768167 3.1583061641901065 2.9312558679539493 3.0437937726389976 2.8600359004679246 3.092629880406265 2.828614621459107 3.183179005903807 3.183179005903807 3.141827112759656 3.076310974966537 2.9074745108151703 2.8207111595260184 3.2412984784516516 3.583075966486862 3.316919059168708 3.5222306692969467 3.4703791711716385 3.4616876158961567 3.316919059168708 3.5222306692969467 3.410242724324369 3.258015913974275 3.2497327220614505 3.300063394777207 3.5049083193135044 3.4616876158961567 3.5134806146228708 3.4703791711716385 3.5395914360977594 3.5656197122137576 3.41887543958404 3.359147890730457 3.4703791711716385 3.3421943989254994 3.5482016839953343 3.5222306692969467 3.591903471894591 3.3761404886397117 3.308405008172237 3.2412984784516516 3.4360045872801006 3.4961777259428795 3.5134806146228708 3.6709278713963025 3.9401027488501636 3.7330730527728044 3.706333425945615 3.6445584711110413 3.7597233992346464 3.9583425389599913 3.8314321765100012 3.8314321765100012 3.715294895303003 3.9675654368237803 3.662185980192619 3.7508886629289946 3.715294895303003 3.6005703687441484 3.7240926157308536 3.7775948223096445 3.8947514340034837 3.6005703687441484 3.804559352137678 3.813449298647461 3.6445584711110413 3.7508886629289946 3.804559352137678 3.949307278152234 3.6532816723590718 3.8225239117406637 3.786631899160151 3.6269688296878213 3.912900182995015 3.6445584711110413 3.6181028403300237 3.858563995863041 3.7508886629289946 4.311688368423777 4.387682634199195 4.302320178347698 4.152126383386034 4.161356600048034 4.09638298767736 4.264562997420372 4.124123872267262 4.050084518251851 4.292775448258381 4.105560618158931 4.013279506756297 4.378246740791886 4.189465240303201 4.050084518251851 4.2834243201376205 4.142722567221125 4.4067662805426995 4.61889126864975 4.541291684561032 4.638372653851022
1.040000 2.5086647413104144 2.5086647413104144 3.1336813213896 2.883634459153842 2.9953203443393015 3.1913838645082113 3.003450744285498 2.8520909398927943 3.1913838645082113 3.1666399026804894 3.150140654150466 2.9712963409361106 2.875807928460546 3.1748251019000335 3.591903471894591 3.5049083193135044 3.5222306692969467 3.308405008172237 3.4531725219753477 3.5308219592547823 3.359147890730457 3.4703791711716385 3.5222306692969467 3.224620615797176 3.5308219592547823 3.359147890730457 3.583075966486862 3.487624461659719 3.4703791711716385 3.5482016839953343 3.308405008172237 3.258015913974275 3.3421943989254994 3.4961777259428795 3.2163765290620767 3.5569905434876103 3.2832470730245484 3.4703791711716385 3.5744279146298683 3.41887543958404 3.5395914360977594 3.2412984784516516 3.4445005425392914 3.583075966486862 3.4616876158961567 3.706333425945615 3.7955034845365736 3.7418893017975585 3.6269688296878213 3.8766393410359554 3.8314321765100012 3.7240926157308536 3.7597233992346464 3.8947514340034837 3.9310854954678334 3.715294895303003 3.9218993832188556 3.9583425389599913 3.9583425389599913 3.768741640443454 3.786631899160151 3.8766393410359554 3.7240926157308536 3.7775948223096445 3.8675087672497956 3.858563995863041 3.6269688296878213 3.7775948223096445 3.7240926157308536 3.7330730527728044 3.6886118167516244 3.7775948223096445 3.8225239117406637 3.849452029292252 3.7508886629289946 3.8675087672497956 3.994931013794065 3.7240926157308536 3.976618659079132 4.302320178347698 4.022557214122902 4.059398514738147 4.189465240303201 4.022557214122902 4.2834243201376205 4.022557214122902 4.161356600048034 4.302320178347698 4.050084518251851 4.189465240303201 4.068540840102059 4.17077822183587 4.1800258668376475 4.050084518251851 4.35921385541505 4.124123872267262 4.416414317370283 4.4258837292217255 4.483437720084692 4.502689204348403
1.050000 2.5831807784910445 2.666281752772024 3.1748251019000335 2.883634459153842 3.0357668950244268 2.9712963409361106 2.939304120852559 2.9873532967155483 2.8363805576478125 3.084543418727391 2.9153413159340302 2.963206958809479 2.89946749583966 2.947211099811094 3.3847337923487957 3.2832470730245484 3.4445005425392914 3.5395914360977594 3.410242724324369 3.4703791711716385 3.2412984784516516 3.583075966486862 3.4961777259428795 3.4703791711716385 3.2330348235664155 3.3847337923487957 3.32528008209297 3.4531725219753477 3.591903471894591 3.4360045872801006 3.3421943989254994 3.3421943989254994 3.316919059168708 3.3761404886397117 3.5656197122137576 3.32528008209297 3.478913368272576 3.2163765290620767 3.4616876158961567 3.4703791711716385 3.274772857790347 3.478913368272576 3.3421943989254994 3.4360045872801006 3.487624461659719 3.6532816723590718 3.885602299887906 3.6005703687441484 3.7240926157308536 3.8314321765100012 3.8766393410359554 3.7418893017975585 3.7955034845365736 3.786631899160151 3.9858598763479023 3.9218993832188556 3.8405254894299046 3.994931013794065 3.6356733016454257 3.8314321765100012 3.804559352137678 3.9401027488501636 3.7330730527728044 3.994931013794065 3.6886118167516244 3.768741640443454 3.994931013794065 3.6181028403300237 3.849452029292252 3.849452029292252 3.9218993832188556 3.9037325359196138 3.8225239117406637 3.8225239117406637 3.804559352137678 3.8405254894299046 3.8675087672497956 3.662185980192619 3.768741640443454 4.04095991813958 4.2834243201376205 4.114928663178128 4.236244017697849 4.031664040933904 4.050084518251851 4.022557214122902 4.152126383386034 4.04095991813958 4.077872904589594 4.059398514738147 4.004190501010748 4.387682634199195 4.114928663178128 4.004190501010748 4.004190501010748 4.105560618158931 4.45471686346053 4.502689204348403 4.493153440002571 4.560642437348045
1.060000 2.750779898693886 2.6283913418621196 3.183179005903807 3.183179005903807 2.9873532967155483 3.0357668950244268 2.9792433916584864 2.875807928460546 2.812965469114768 2.867842256978591 3.1748251019000335 3.076310974966537 3.100882644135794 3.1748251019000335 3.4961777259428795 3.4531725219753477 3.478913368272576 3.274772857790347 3.410242724324369 3.316919059168708 3.2412984784516516 3.5569905434876103 3.487624461659719 3.5222306692969467 3.266470160233948 3.5134806146228708 3.224620615797176 3.5308219592547823 3.5482016839953343 3.5134806146228708 3.308405008172237 3.2832470730245484 3.300063394777207 3.5482016839953343 3.266470160233948 3.4961777259428795 3.5569905434876103 3.4445005425392914 3.583075966486862 3.32528008209297 3.478913368272576 3.5744279146298683 3.3507481470859304 3.5744279146298683 3.316919059168708 3.949307278152234 3.9401027488501636 3.9583425389599913 3.7508886629289946 3.849452029292252 3.7955034845365736 3.912900182995015 3.6269688296878213 3.9675654368237803 3.9858598763479023 3.706333425945615 3.7775948223096445 3.662185980192619 3.609417136670968 3.8314321765100012 3.858563995863041 3.768741640443454 3.679851275526602 3.706333425945615 3.885602299887906 3.6709278713963025 3.7418893017975585 3.768741640443454 3.8314321765100012 3.609417136670968 3.804559352137678 3.6005703687441484 3.6532816723590718 3.9675654368237803 3.9401027488501636 3.7330730527728044 3.9218993832188556 3.786631899160151 3.6886118167516244 4.031664040933904 4.124123872267262 4.087032906984074 4.031664040933904 4.189465240303201 4.1800258668376475 4.050084518251851 4.226944395924057 4.031664040933904 4.2550531631440744 4.013279506756297 4.031664040933904 4.124123872267262 4.059398514738147 4.17077822183587 4.189465240303201 4.311688368423777 4.45471686346053 4.580026035009029 4.464219566817621 4.628723044707949
1.070000 2.666281752772024 2.5234842737170373 3.0114377622100448 3.100882644135794 3.1666399026804894 2.9153413159340302 3.003450744285498 2.8916208154516734 3.1583061641901065 3.0195886289076617 3.183179005903807 2.95527993109547 2.9792433916584864 3.1748251019000335 3.478913368272576 3.2412984784516516 3.224620615797176 3.5222306692969467 3.367721434473514 3.316919059168708 3.5049083193135044 3.2497327220614505 3.4531725219753477 3.410242724324369 3.583075966486862 3.583075966486862 3.4017851508814365 3.2915692445190046 3.5134806146228708 3.5569905434876103 3.32528008209297 3.5222306692969467 3.4445005425392914 3.5395914360977594 3.5569905434876103 3.591903471894591 3.5482016839953343 3.5134806146228708 3.5744279146298683 3.583075966486862 3.5656197122137576 3.478913368272576 3.410242724324369 3.5656197122137576 3.2915692445190046 3.6181028403300237 3.7240926157308536 3.609417136670968 3.609417136670968 3.7775948223096445 3.6886118167516244 3.6886118167516244 3.662185980192619 3.7240926157308536 3.885602299887906 3.804559352137678 3.715294895303003 3.8766393410359554 3.9583425389599913 3.9858598763479023 3.768741640443454 3.7240926157308536 3.6005703687441484 3.7330730527728044 3.912900182995015 3.7775948223096445 3.994931013794065 3.715294895303003 3.6269688296878213 3.7240926157308536 3.6709278713963025 3.9675654368237803 3.8405254894299046 3.7240926157308536 3.6532816723590718 3.7508886629289946 3.768741640443454 3.9583425389599913 3.858563995863041 4.114928663178128 4.013279506756297 4.077872904589594 4.378246740791886 4.34961720950167 4.114928663178128 4.27389700972598 4.013279506756297 4.387682634199195 4.031664040933904 4.059398514738147 4.152126383386034 4.1800258668376475 4.264562997420372 4.1987302626375635 4.161356600048034 4.1800258668376475 4.464219566817621 4.483437720084692 4.628723044707949 4.531723093439896
1.080000 2.6587397644483315 2.6056692116350813 3.0195886289076617 3.1089889111804934 3.100882644135794 3.1583061641901065 3.183179005903807 3.092629880406265 3.199757902151695 3.1336813213896 2.9712963409361106 2.875807928460546 3.199757902151695 3.1253880083974157 3.5482016839953343 3.2330348235664155 3.3421943989254994 3.2330348235664155 3.2412984784516516 3.300063394777207 3.308405008172237 3.4531725219753477 3.2163765290620767 3.258015913974275 3.591903471894591 3.2832470730245484 3.316919059168708 3.266470160233948 3.5744279146298683 3.4531725219753477 3.5049083193135044 3.4531725219753477 3.3847337923487957 3.367721434473514 3.4017851508814365 3.3761404886397117 3.5656197122137576 3.224620615797176 3.3761404886397117 3.3421943989254994 3.583075966486862 3.316919059168708 3.591903471894591 3.5569905434876103 3.3338139991916433 3.6975542749607624 3.9675654368237803 3.7775948223096445 3.6886118167516244 3.7775948223096445 3.6269688296878213 3.7240926157308536 3.7775948223096445 3.8766393410359554 3.6975542749607624 3.9401027488501636 3.6709278713963025 3.7597233992346464 3.885602299887906 3.6886118167516244 3.6269688296878213 3.786631899160151 3.849452029292252 3.6356733016454257 3.994931013794065 3.7775948223096445 3.7418893017975585 3.6975542749607624 3.662185980192619 3.7955034845365736 3.679851275526602 3.706333425945615 3.6005703687441484 3.6181028403300237 3.976618659079132 3.8766393410359554 3.9401027488501636 3.706333425945615 3.768741640443454 4.236244017697849 4.077872904589594 4.022557214122902 4.087032906984074 4.27389700972598 4.27389700972598 4.35921385541505 4.236244017697849 4.311688368423777 4.34021505789757 4.031664040933904 4.2550531631440744 4.1800258668376475 4.022557214122902 4.1987302626375635 4.264562997420372 4.17077822183587 4.531723093439896 4.541291684561032 4.45471686346053 4.435548777559674
1.090000 2.7973573730146533 2.7662645407768167 2.8443047815867 3.183179005903807 3.1253880083974157 2.883634459153842 2.812965469114768 3.183179005903807 2.8443047815867 3.199757902151695 3.0357668950244268 3.084543418727391 3.1172619647621516 3.092629880406265 3.359147890730457 3.4703791711716385 3.591903471894591 3.41887543958404 3.5395914360977594 3.2163765290620767 3.266470160233948 3.5656197122137576 3.5134806146228708 3.5222306692969467 3.224620615797176 3.4616876158961567 3.5569905434876103 3.3507481470859304 3.5656197122137576 3.5395914360977594 3.4531725219753477 3.367721434473514 3.2832470730245484 3.266470160233948 3.274772857790347 3.3761404886397117 3.2330348235664155 3.427352221294627 3.2412984784516516 3.487624461659719 3.478913368272576 3.478913368272576 3.4445005425392914 3.427352221294627 3.5134806146228708 3.9401027488501636 3.6532816723590718 3.912900182995015 3.7240926157308536 3.6005703687441484 3.9583425389599913 3.7955034845365736 3.9310854954678334 3.6356733016454257 3.9858598763479023 3.768741640443454 3.949307278152234 3.6356733016454257 3.7955034845365736 3.9675654368237803 3.8675087672497956 3.9037325359196138 3.6532816723590718 3.7508886629289946 3.679851275526602 3.6356733016454257 3.8314321765100012 3.679851275526602 3.7597233992346464 3.7597233992346464 3.7240926157308536 3.8947514340034837 3.6886118167516244 3.9218993832188556 3.786631899160151 3.9037325359196138 3.9310854954678334 3.6532816723590718 3.994931013794065 4.34961720950167 4.013279506756297 4.142722567221125 4.152126383386034 4.087032906984074 4.013279506756297 4.09638298767736 4.330635659446139 4.022557214122902 4.105560618158931 4.124123872267262 4.133509829299363 4.068540840102059 4.378246740791886 4.022557214122902 4.077872904589594 4.34961720950167 4.45471686346053 4.416414317370283 4.60925774129937 4.638372653851022
1.100000 2.7353365011881885 2.7275581271899076 3.141827112759656 3.0437937726389976 3.068244346893695 3.183179005903807 2.9074745108151703 3.068244346893695 3.0600322532138695 3.068244346893695 3.1253880083974157 3.092629880406265 3.1253880083974157 3.003450744285498 3.487624461659719 3.5744279146298683 3.3847337923487957 3.2915692445190046 3.266470160233948 3.5569905434876103 3.2915692445190046 3.2497327220614505 3.3507481470859304 3.583075966486862 3.266470160233948 3.2079823900123703 3.4703791711716385 3.367721434473514 3.359147890730457 3.487624461659719 3.2832470730245484 3.4531725219753477 3.4616876158961567 3.5744279146298683 3.427352221294627 3.41887543958404 3.274772857790347 3.4531725219753477 3.258015913974275 3.3421943989254994 3.591903471894591 3.427352221294627 3.487624461659719 3.393172123155076 3.5569905434876103 3.9037325359196138 3.8314321765100012 3.6532816723590718 3.8225239117406637 3.6181028403300237 3.7240926157308536 3.6709278713963025 3.976618659079132 3.7775948223096445 3.804559352137678 3.8675087672497956 3.8766393410359554 3.6532816723590718 3.786631899160151 3.885602299887906 3.7955034845365736 3.8405254894299046 3.7508886629289946 3.7955034845365736 3.885602299887906 3.804559352137678 3.912900182995015 3.7240926157308536 3.6532816723590718 3.9218993832188556 3.6181028403300237 3.609417136670968 3.8225239117406637 3.6975542749607624 3.706333425945615 3.9037325359196138 3.662185980192619 3.6005703687441484 3.7418893017975585 4.004190501010748 4.050084518251851 4.27389700972598 4.105560618158931 4.050084518251851 4.022557214122902 4.27389700972598 4.34021505789757 4.059398514738147 4.04095991813958 4.17077822183587 4.031664040933904 4.264562997420372 4.068540840102059 4.397313599800975 4.330635659446139 4.2550531631440744 4.580026035009029 4.4258837292217255 4.416414317370283 4.746190893645621
1.110000 2.6207599630340725 2.7275581271899076 3.092629880406265 3.068244346893695 3.0437937726389976 3.1913838645082113 3.003450744285498 3.084543418727391 2.867842256978591 2.9873532967155483 3.0600322532138695 3.076310974966537 3.051985486538066 3.0195886289076617 3.4961777259428795 3.3421943989254994 3.359147890730457 3.478913368272576 3.4531725219753477 3.5569905434876103 3.478913368272576 3.4703791711716385 3.3847337923487957 3.4017851508814365 3.4360045872801006 3.4360045872801006 3.224620615797176 3.4616876158961567 3.5656197122137576 3.4360045872801006 3.478913368272576 3.5395914360977594 3.5049083193135044 3.4445005425392914 3.4360045872801006 3.3761404886397117 3.4531725219753477 3.4616876158961567 3.316919059168708 3.4703791711716385 3.4961777259428795 3.300063394777207 3.5222306692969467 3.3847337923487957 3.5569905434876103 3.858563995863041 3.6445584711110413 3.849452029292252 3.8405254894299046 3.6445584711110413 3.662185980192619 3.662185980192619 3.6181028403300237 3.9310854954678334 3.6356733016454257 3.609417136670968 3.7508886629289946 3.7418893017975585 3.804559352137678 3.715294895303003 3.7330730527728044 3.706333425945615 3.609417136670968 3.6269688296878213 3.813449298647461 3.7240926157308536 3.8405254894299046 3.715294895303003 3.8405254894299046 3.858563995863041 3.976618659079132 3.858563995863041 3.9037325359196138 3.6886118167516244 3.768741640443454 3.9218993832188556 3.813449298647461 3.8314321765100012 3.662185980192619 4.059398514738147 4.04095991813958 4.208187333724751 4.077872904589594 4.068540840102059 4.35921385541505 4.189465240303201 4.133509829299363 4.059398514738147 4.311688368423777 4.321250461472404 4.04095991813958 4.34021505789757 4.236244017697849 4.321250461472404 4.077872904589594 4.1987302626375635 4.4739184571649115 4.5704248550692625 4.736262166944972 4.61889126864975
1.120000 2.7894955100188352 2.5160009429783496 3.1583061641901065 3.1913838645082113 2.89946749583966 3.1089889111804934 3.1913838645082113 3.092629880406265 3.1666399026804894 3.051985486538066 3.1089889111804934 3.051985486538066 2.923368963259543 3.0357668950244268 3.583075966486862 3.308405008172237 3.32528008209297 3.2163765290620767 3.224620615797176 3.591903471894591 3.5482016839953343 3.5308219592547823 3.5395914360977594 3.5656197122137576 3.583075966486862 3.2497327220614505 3.266470160233948 3.32528008209297 3.2832470730245484 3.308405008172237 3.427352221294627 3.4531725219753477 3.2412984784516516 3.2330348235664155 3.393172123155076 3.2497327220614505 3.266470160233948 3.4703791711716385 3.4616876158961567 3.427352221294627 3.5222306692969467 3.583075966486862 3.3507481470859304 3.4017851508814365 3.3761404886397117 3.7240926157308536 3.9310854954678334 3.9037325359196138 3.9218993832188556 3.6005703687441484 3.6975542749607624 3.786631899160151 3.9037325359196138 3.8947514340034837 3.786631899160151 3.7508886629289946 3.7240926157308536 3.7597233992346464 3.6709278713963025 3.786631899160151 3.9675654368237803 3.949307278152234 3.768741640443454 3.912900182995015 3.9583425389599913 3.9583425389599913 3.9401027488501636 3.912900182995015 3.858563995863041 3.8766393410359554 3.6532816723590718 3.8766393410359554 3.9310854954678334 3.976618659079132 3.8314321765100012 3.9037325359196138 3.662185980192619 3.6181028403300237 3.6005703687441484 4.1800258668376475 4.226944395924057 4.04095991813958 4.04095991813958 4.34961720950167 4.1800258668376475 4.330635659446139 4.013279506756297 4.068540840102059 4.217469681706391 4.133509829299363 4.059398514738147 4.124123872267262 4.2834243201376205 4.189465240303201 4.013279506756297 4.245736319763044 4.464219566817621 4.726533084856339 4.61889126864975 4.435548777559674
1.130000 2.742980616656126 2.7353365011881885 2.947211099811094 2.8050827943071095 3.1913838645082113 3.1748251019000335 3.141827112759656 3.084543418727391 2.8443047815867 3.0600322532138695 3.092629880406265 2.939304120852559 3.068244346893695 3.1253880083974157 3.5744279146298683 3.591903471894591 3.4961777259428795 3.2412984784516516 3.4017851508814365 3.5744279146298683 3.4360045872801006 3.4703791711716385 3.300063394777207 3.3338139991916433 3.583075966486862 3.5134806146228708 3.583075966486862 3.4360045872801006 3.5049083193135044 3.4445005425392914 3.3761404886397117 3.5569905434876103 3.4531725219753477 3.591903471894591 3.4531725219753477 3.2163765290620767 3.2412984784516516 3.266470160233948 3.4703791711716385 3.591903471894591 3.3338139991916433 3.274772857790347 3.4961777259428795 3.3421943989254994 3.274772857790347 3.976618659079132 3.6975542749607624 3.9401027488501636 3.9310854954678334 3.9858598763479023 3.8225239117406637 3.786631899160151 3.6181028403300237 3.976618659079132 3.912900182995015 3.7955034845365736 3.858563995863041 3.976618659079132 3.7418893017975585 3.813449298647461 3.786631899160151 3.813449298647461 3.609417136670968 3.662185980192619 3.6356733016454257 3.706333425945615 3.706333425945615 3.6005703687441484 3.7597233992346464 3.8225239117406637 3.706333425945615 3.912900182995015 3.7508886629289946 3.6886118167516244 3.706333425945615 3.768741640443454 3.8405254894299046 3.6356733016454257 3.786631899160151 4.004190501010748 4.161356600048034 4.217469681706391 4.04095991813958 4.105560618158931 4.321250461472404 4.397313599800975 4.311688368423777 4.133509829299363 4.059398514738147 4.330635659446139 4.27389700972598 4.105560618158931 4.208187333724751 4.311688368423777 4.059398514738147 4.35921385541505 4.541291684561032 4.435548777559674 4.445034863749972 4.628723044707949
1.140000 2.6739762636570186 2.689254230838056 3.1089889111804934 2.9792433916584864 3.076310974966537 2.939304120852559 2.883634459153842 3.199757902151695 2.9712963409361106 2.875807928460546 2.9074745108151703 3.150140654150466 2.8363805576478125 2.963206958809479 3.4360045872801006 3.591903471894591 3.2497327220614505 3.32528008209297 3.410242724324369 3.258015913974275 3.5482016839953343 3.316919059168708 3.591903471894591 3.4017851508814365 3.300063394777207 3.5308219592547823 3.41887543958404 3.5134806146228708 3.2330348235664155 3.4360045872801006 3.410242724324369 3.5049083193135044 3.224620615797176 3.393172123155076 3.41887543958404 3.5308219592547823 3.5395914360977594 3.5049083193135044 3.5134806146228708 3.5482016839953343 3.41887543958404 3.4703791711716385 3.4703791711716385 3.4961777259428795 3.410242724324369 3.7775948223096445 3.9583425389599913 3.7597233992346464 3.6445584711110413 3.715294895303003 3.8675087672497956 3.7955034845365736 3.8675087672497956 3.715294895303003 3.7508886629289946 3.8314321765100012 3.7240926157308536 3.662185980192619 3.976618659079132 3.813449298647461 3.804559352137678 3.6532816723590718 3.912900182995015 3.6356733016454257 3.7508886629289946 3.994931013794065 3.885602299887906 3.6181028403300237 3.912900182995015 3.6005703687441484 3.662185980192619 3.7240926157308536 3.6005703687441484 3.9401027488501636 3.813449298647461 3.994931013794065 3.6886118167516244 3.9310854954678334 3.813449298647461 4.34961720950167 4.013279506756297 4.35921385541505 4.068540840102059 4.059398514738147 4.050084518251851 4.35921385541505 4.068540840102059 4.387682634199195 4.311688368423777 4.142722567221125 4.022557214122902 4.022557214122902 4.217469681706391 4.124123872267262 4.378246740791886 4.068540840102059 4.5704248550692625 4.4258837292217255 4.45471686346053 4.521973899542435
1.150000 2.553248929158992 2.6510662756753334 3.0437937726389976 2.9953203443393015 3.1089889111804934 3.1253880083974157 3.1172619647621516 2.9074745108151703 3.0275955901797973 2.9873532967155483 3.1913838645082113 3.1583061641901065 2.9792433916584864 3.100882644135794 3.4616876158961567 3.367721434473514 3.266470160233948 3.4360045872801006 3.5134806146228708 3.5308219592547823 3.3421943989254994 3.4531725219753477 3.583075966486862 3.5395914360977594 3.427352221294627 3.274772857790347 3.316919059168708 3.359147890730457 3.2412984784516516 3.3421943989254994 3.5049083193135044 3.3847337923487957 3.5395914360977594 3.487624461659719 3.3338139991916433 3.4961777259428795 3.583075966486862 3.308405008172237 3.3507481470859304 3.410242724324369 3.3761404886397117 3.5744279146298683 3.487624461659719 3.4445005425392914 3.2497327220614505 3.912900182995015 3.849452029292252 3.6269688296878213 3.7775948223096445 3.662185980192619 3.662185980192619 3.9401027488501636 3.6181028403300237 3.768741640443454 3.786631899160151 3.7508886629289946 3.786631899160151 3.885602299887906 3.786631899160151 3.9218993832188556 3.9675654368237803 3.7418893017975585 3.949307278152234 3.849452029292252 3.6886118167516244 3.849452029292252 3.9583425389599913 3.679851275526602 3.7418893017975585 3.8675087672497956 3.9858598763479023 3.7955034845365736 3.609417136670968 3.7418893017975585 3.6005703687441484 3.7955034845365736 3.7240926157308536 3.9310854954678334 3.6181028403300237 4.031664040933904 4.387682634199195 4.04095991813958 4.1987302626375635 4.245736319763044 4.330635659446139 4.34961720950167 4.031664040933904 4.2550531631440744 4.087032906984074 4.004190501010748 4.04095991813958 4.17077822183587 4.04095991813958 4.133509829299363 4.004190501010748 4.087032906984074 4.795377261468363 4.4067662805426995 4.512421692304587 4.657886382739784
1.160000 2.6739762636570186 2.7353365011881885 2.9712963409361106 2.8363805576478125 3.1666399026804894 3.1583061641901065 3.0195886289076617 2.8443047815867 2.89946749583966 3.183179005903807 3.1666399026804894 2.828614621459107 3.1748251019000335 3.1583061641901065 3.5308219592547823 3.4360045872801006 3.367721434473514 3.2412984784516516 3.487624461659719 3.367721434473514 3.3507481470859304 3.308405008172237 3.224620615797176 3.3338139991916433 3.4445005425392914 3.427352221294627 3.591903471894591 3.4616876158961567 3.5308219592547823 3.487624461659719 3.487624461659719 3.5049083193135044 3.583075966486862 3.4017851508814365 3.5049083193135044 3.2832470730245484 3.2163765290620767 3.591903471894591 3.2915692445190046 3.4360045872801006 3.583075966486862 3.224620615797176 3.316919059168708 3.2832470730245484 3.4445005425392914 3.768741640443454 3.9310854954678334 3.8947514340034837 3.715294895303003 3.786631899160151 3.9401027488501636 3.6975542749607624 3.6181028403300237 3.715294895303003 3.6532816723590718 3.679851275526602 3.813449298647461 3.804559352137678 3.7955034845365736 3.8314321765100012 3.8225239117406637 3.9858598763479023 3.609417136670968 3.8766393410359554 3.7330730527728044 3.8314321765100012 3.9858598763479023 3.679851275526602 3.8405254894299046 3.7330730527728044 3.8405254894299046 3.8675087672497956 3.9675654368237803 3.8675087672497956 3.804559352137678 3.849452029292252 3.8405254894299046 3.609417136670968 3.6532816723590718 4.077872904589594 4.245736319763044 4.142722567221125 4.2550531631440744 4.031664040933904 4.368632905651625 4.087032906984074 4.077872904589594 4.264562997420372 4.2550531631440744 4.105560618158931 4.397313599800975 4.1987302626375635 4.2550531631440744 4.35921385541505 4.022557214122902 4.1800258668376475 4.493153440002571 4.746190893645621 4.5994423537970714 4.521973899542435
1.170000 2.7817903811287406 2.750779898693886 3.0275955901797973 3.1172619647621516 2.9153413159340302 2.9312558679539493 2.8520909398927943 3.0114377622100448 3.141827112759656 2.8363805576478125 3.0275955901797973 3.1583061641901065 2.9792433916584864 2.95527993109547 3.2915692445190046 3.478913368272576 3.2330348235664155 3.3507481470859304 3.2497327220614505 3.5744279146298683 3.3338139991916433 3.2832470730245484 3.487624461659719 3.3761404886397117 3.4531725219753477 3.5482016839953343 3.5049083193135044 3.5134806146228708 3.258015913974275 3.5308219592547823 3.478913368272576 3.583075966486862 3.478913368272576 3.5134806146228708 3.3847337923487957 3.4017851508814365 3.393172123155076 3.5222306692969467 3.4616876158961567 3.4531725219753477 3.359147890730457 3.2163765290620767 3.410242724324369 3.367721434473514 3.3847337923487957 3.679851275526602 3.885602299887906 3.6886118167516244 3.6181028403300237 3.768741640443454 3.8766393410359554 3.6005703687441484 3.8314321765100012 3.8225239117406637 3.6181028403300237 3.8405254894299046 3.6269688296878213 3.786631899160151 3.8947514340034837 3.706333425945615 3.8675087672497956 3.6445584711110413 3.949307278152234 3.912900182995015 3.6975542749607624 3.858563995863041 3.706333425945615 3.662185980192619 3.994931013794065 3.7508886629289946 3.912900182995015 3.715294895303003 3.768741640443454 3.9858598763479023 3.6269688296878213 3.8314321765100012 3.804559352137678 3.9310854954678334 3.6709278713963025 4.077872904589594 4.2834243201376205 4.124123872267262 4.114928663178128 4.004190501010748 4.04095991813958 4.189465240303201 4.09638298767736 4.04095991813958 4.068540840102059 4.208187333724751 4.050084518251851 4.04095991813958 4.09638298767736 4.27389700972598 4.236244017697849 4.09638298767736 4.61889126864975 4.464219566817621 4.45471686346053 4.483437720084692
1.180000 2.6207599630340725 2.742980616656126 3.1666399026804894 3.100882644135794 3.199757902151695 2.95527993109547 3.100882644135794 3.0195886289076617 2.923368963259543 2.9792433916584864 3.183179005903807 2.8916208154516734 3.183179005903807 2.9792433916584864 3.41887543958404 3.3847337923487957 3.32528008209297 3.2163765290620767 3.2412984784516516 3.5395914360977594 3.359147890730457 3.4616876158961567 3.4360045872801006 3.266470160233948 3.4360045872801006 3.3338139991916433 3.5395914360977594 3.4445005425392914 3.478913368272576 3.3338139991916433 3.32528008209297 3.2412984784516516 3.359147890730457 3.478913368272576 3.5482016839953343 3.5744279146298683 3.583075966486862 3.5308219592547823 3.478913368272576 3.2412984784516516 3.5308219592547823 3.5308219592547823 3.5308219592547823 3.410242724324369 3.478913368272576 3.858563995863041 3.804559352137678 3.6005703687441484 3.813449298647461 3.6356733016454257 3.706333425945615 3.8405254894299046 3.9310854954678334 3.9310854954678334 3.8766393410359554 3.786631899160151 3.715294895303003 3.8225239117406637 3.6975542749607624 3.6269688296878213 3.6532816723590718 3.813449298647461 3.949307278152234 3.849452029292252 3.6532816723590718 3.6975542749607624 3.7597233992346464 3.7240926157308536 3.679851275526602 3.976618659079132 3.912900182995015 3.8405254894299046 3.7418893017975585 3.8766393410359554 3.804559352137678 3.662185980192619 3.9037325359196138 3.8947514340034837 3.6356733016454257 4.050084518251851 4.189465240303201 4.311688368423777 4.217469681706391 4.161356600048034 4.013279506756297 4.022557214122902 4.124123872267262 4.059398514738147 4.133509829299363 4.1800258668376475 4.022557214122902 4.087032906984074 4.124123872267262 4.27389700972598 4.311688368423777 4.022557214122902 4.61889126864975 4.648220753516788 4.706907035824327 4.502689204348403
1.190000 2.7662645407768167 2.6207599630340725 3.199757902151695 2.939304120852559 3.1336813213896 2.963206958809479 3.100882644135794 3.141827112759656 3.199757902151695 3.1336813213896 2.8363805576478125 3.1253880083974157 3.0195886289076617 2.828614621459107 3.4616876158961567 3.32528008209297 3.32528008209297 3.4531725219753477 3.5049083193135044 3.2330348235664155 3.5569905434876103 3.316919059168708 3.591903471894591 3.583075966486862 3.4360045872801006 3.5308219592547823 3.4360045872801006 3.2079823900123703 3.274772857790347 3.2079823900123703 3.2915692445190046 3.427352221294627 3.4531725219753477 3.5656197122137576 3.410242724324369 3.224620615797176 3.5222306692969467 3.266470160233948 3.427352221294627 3.5308219592547823 3.5656197122137576 3.3338139991916433 3.5134806146228708 3.4445005425392914 3.487624461659719 3.6975542749607624 3.8766393410359554 3.8675087672497956 3.6181028403300237 3.804559352137678 3.9037325359196138 3.6005703687441484 3.662185980192619 3.6005703687441484 3.9037325359196138 3.9675654368237803 3.7330730527728044 3.9037325359196138 3.8675087672497956 3.6005703687441484 3.804559352137678 3.976618659079132 3.912900182995015 3.7418893017975585 3.9858598763479023 3.9218993832188556 3.768741640443454 3.804559352137678 3.9401027488501636 3.6975542749607624 3.8314321765100012 3.9037325359196138 3.804559352137678 3.715294895303003 3.9675654368237803 3.9675654368237803 3.813449298647461 3.8314321765100012 3.994931013794065 4.245736319763044 4.34961720950167 4.189465240303201 4.09638298767736 4.208187333724751 4.17077822183587 4.368632905651625 4.09638298767736 4.050084518251851 4.302320178347698 4.031664040933904 4.330635659446139 4.004190501010748 4.17077822183587 4.050084518251851 4.031664040933904 4.34961720950167 4.512421692304587 4.60925774129937 4.502689204348403 4.512421692304587
1.200000 2.758444374347024 2.7894955100188352 3.1666399026804894 3.1172619647621516 3.0275955901797973 3.051985486538066 3.0114377622100448 3.1253880083974157 2.947211099811094 3.1336813213896 3.100882644135794 3.1172619647621516 3.1253880083974157 3.1336813213896 3.5049083193135044 3.266470160233948 3.5569905434876103 3.427352221294627 3.5222306692969467 3.3847337923487957 3.4360045872801006 3.367721434473514 3.427352221294627 3.427352221294627 3.2079823900123703 3.487624461659719 3.3507481470859304 3.478913368272576 3.5308219592547823 3.41887543958404 3.487624461659719 3.5656197122137576 3.300063394777207 3.3338139991916433 3.4360045872801006 3.316919059168708 3.4017851508814365 3.4531725219753477 3.2832470730245484 3.5482016839953343 3.5656197122137576 3.266470160233948 3.5656197122137576 3.3507481470859304 3.224620615797176 3.8675087672497956 3.6181028403300237 3.9037325359196138 3.976618659079132 3.662185980192619 3.9858598763479023 3.912900182995015 3.7418893017975585 3.9583425389599913 3.8766393410359554 3.9037325359196138 3.9310854954678334 3.8766393410359554 3.706333425945615 3.7955034845365736 3.662185980192619 3.6356733016454257 3.849452029292252 3.949307278152234 3.8766393410359554 3.8675087672497956 3.706333425945615 3.7597233992346464 3.9218993832188556 3.6269688296878213 3.9401027488501636 3.7775948223096445 3.662185980192619 3.786631899160151 3.6709278713963025 3.7775948223096445 3.849452029292252 3.885602299887906 3.6709278713963025 4.1800258668376475 4.226944395924057 4.1800258668376475 4.077872904589594 4.059398514738147 4.27389700972598 4.208187333724751 4.292775448258381 4.2550531631440744 4.387682634199195 4.087032906984074 4.189465240303201 4.133509829299363 4.013279506756297 4.189465240303201 4.022557214122902 4.368632905651625 4.493153440002571 4.502689204348403 4.464219566817621 4.628723044707949
1.210000 2.7894955100188352 2.7662645407768167 3.1913838645082113 3.183179005903807 3.1253880083974157 2.89946749583966 3.0600322532138695 3.1583061641901065 3.0275955901797973 3.1666399026804894 3.1089889111804934 3.1748251019000335 3.1748251019000335 3.1583061641901065 3.5134806146228708 3.5308219592547823 3.478913368272576 3.316919059168708 3.3338139991916433 3.2832470730245484 3.5308219592547823 3.41887543958404 3.2832470730245484 3.2163765290620767 3.4445005425392914 3.410242724324369 3.2497327220614505 3.583075966486862 3.5308219592547823 3.3507481470859304 3.308405008172237 3.591903471894591 3.2163765290620767 3.393172123155076 3.266470160233948 3.359147890730457 3.300063394777207 3.359147890730457 3.4531725219753477 3.316919059168708 3.3761404886397117 3.393172123155076 3.300063394777207 3.266470160233948 3.258015913974275 3.6356733016454257 3.9310854954678334 3.849452029292252 3.6975542749607624 3.609417136670968 3.849452029292252 3.609417136670968 3.679851275526602 3.6269688296878213 3.8766393410359554 3.706333425945615 3.8314321765100012 3.715294895303003 3.706333425945615 3.976618659079132 3.8225239117406637 3.885602299887906 3.6181028403300237 3.662185980192619 3.6445584711110413 3.7955034845365736 3.7955034845365736 3.706333425945615 3.6709278713963025 3.7775948223096445 3.6886118167516244 3.6886118167516244 3.7330730527728044 3.6709278713963025 3.662185980192619 3.6356733016454257 3.6709278713963025 3.786631899160151 3.8225239117406637 4.245736319763044 4.059398514738147 4.04095991813958 4.161356600048034 4.004190501010748 4.397313599800975 4.302320178347698 4.022557214122902 4.236244017697849 4.077872904589594 4.1800258668376475 4.264562997420372 4.077872904589594 4.124123872267262 4.27389700972598 4.022557214122902 4.004190501010748 4.560642437348045 4.45471686346053 4.531723093439896 4.4739184571649115
1.220000 2.643544776344315 2.7817903811287406 2.9953203443393015 2.9953203443393015 3.1748251019000335 3.051985486538066 3.068244346893695 3.1913838645082113 2.9873532967155483 2.8207111595260184 3.141827112759656 3.100882644135794 3.0357668950244268 3.092629880406265 3.266470160233948 3.5744279146298683 3.4360045872801006 3.410242724324369 3.3761404886397117 3.2412984784516516 3.5049083193135044 3.4360045872801006 3.5308219592547823 3.410242724324369 3.427352221294627 3.308405008172237 3.487624461659719 3.4360045872801006 3.274772857790347 3.5134806146228708 3.274772857790347 3.5482016839953343 3.410242724324369 3.3421943989254994 3.4360045872801006 3.393172123155076 3.478913368272576 3.3761404886397117 3.4531725219753477 3.427352221294627 3.487624461659719 3.3507481470859304 3.5395914360977594 3.4445005425392914 3.4703791711716385 3.706333425945615 3.768741640443454 3.6445584711110413 3.7240926157308536 3.609417136670968 3.609417136670968 3.7508886629289946 3.706333425945615 3.8675087672497956 3.6886118167516244 3.9583425389599913 3.7240926157308536 3.949307278152234 3.994931013794065 3.7955034845365736 3.8225239117406637 3.706333425945615 3.6356733016454257 3.8405254894299046 3.7418893017975585 3.9310854954678334 3.768741640443454 3.858563995863041 3.9583425389599913 3.9218993832188556 3.679851275526602 3.8314321765100012 3.8675087672497956 3.679851275526602 3.8766393410359554 3.7330730527728044 3.858563995863041 3.6269688296878213 3.9401027488501636 4.114928663178128 4.068540840102059 4.208187333724751 4.077872904589594 4.208187333724751 4.142722567221125 4.245736319763044 4.27389700972598 4.022557214122902 4.1987302626375635 4.35921385541505 4.114928663178128 4.27389700972598 4.321250461472404 4.133509829299363 4.114928663178128 4.077872904589594 4.531723093439896 4.4739184571649115 4.416414317370283 4.657886382739784
1.230000 2.666281752772024 2.4864462730175894 3.0357668950244268 3.076310974966537 3.1748251019000335 3.100882644135794 3.1913838645082113 3.150140654150466 3.150140654150466 2.9873532967155483 2.8363805576478125 3.068244346893695 2.939304120852559 2.8600359004679246 3.2915692445190046 3.5656197122137576 3.5222306692969467 3.5308219592547823 3.2330348235664155 3.367721434473514 3.427352221294627 3.41887543958404 3.487624461659719 3.410242724324369 3.3338139991916433 3.2497327220614505 3.487624461659719 3.316919059168708 3.393172123155076 3.3338139991916433 3.2915692445190046 3.2832470730245484 3.478913368272576 3.2832470730245484 3.5308219592547823 3.5482016839953343 3.478913368272576 3.5222306692969467 3.487624461659719 3.5482016839953343 3.367721434473514 3.5134806146228708 3.359147890730457 3.5482016839953343 3.5744279146298683 3.7240926157308536 3.813449298647461 3.679851275526602 3.9310854954678334 3.6005703687441484 3.6975542749607624 3.768741640443454 3.6005703687441484 3.9401027488501636 3.6975542749607624 3.6269688296878213 3.912900182995015 3.8314321765100012 3.679851275526602 3.949307278152234 3.8405254894299046 3.9583425389599913 3.8947514340034837 3.976618659079132 3.6975542749607624 3.849452029292252 3.7955034845365736 3.9675654368237803 3.6356733016454257 3.8766393410359554 3.8314321765100012 3.8225239117406637 3.949307278152234 3.768741640443454 3.6886118167516244 3.706333425945615 3.6886118167516244 3.7418893017975585 3.9583425389599913 4.1987302626375635 4.031664040933904 4.152126383386034 4.2834243201376205 4.09638298767736 4.321250461472404 4.217469681706391 4.217469681706391 4.2834243201376205 4.397313599800975 4.077872904589594 4.35921385541505 4.161356600048034 4.04095991813958 4.302320178347698 4.226944395924057 4.059398514738147 4.4258837292217255 4.5510575218429565 4.61889126864975 4.687312877728655
1.240000 2.7353365011881885 2.773949354294852 3.051985486538066 2.939304120852559 2.9792433916584864 3.0357668950244268 3.141827112759656 3.084543418727391 3.0437937726389976 3.1336813213896 3.1583061641901065 3.051985486538066 3.068244346893695 3.1089889111804934 3.5308219592547823 3.2832470730245484 3.4445005425392914 3.274772857790347 3.258015913974275 3.583075966486862 3.4703791711716385 3.478913368272576 3.410242724324369 3.274772857790347 3.478913368272576 3.258015913974275 3.41887543958404 3.41887543958404 3.4445005425392914 3.5049083193135044 3.2832470730245484 3.2497327220614505 3.5569905434876103 3.5134806146228708 3.5656197122137576 3.410242724324369 3.4017851508814365 3.427352221294627 3.410242724324369 3.5222306692969467 3.274772857790347 3.316919059168708 3.5482016839953343 3.367721434473514 3.3421943989254994 3.8225239117406637 3.662185980192619 3.768741640443454 3.6532816723590718 3.6005703687441484 3.6181028403300237 3.9401027488501636 3.609417136670968 3.6181028403300237 3.8225239117406637 3.9675654368237803 3.7508886629289946 3.768741640443454 3.9037325359196138 3.9037325359196138 3.662185980192619 3.7330730527728044 3.706333425945615 3.6005703687441484 3.786631899160151 3.6356733016454257 3.6709278713963025 3.6005703687441484 3.9675654368237803 3.912900182995015 3.8314321765100012 3.6356733016454257 3.912900182995015 3.768741640443454 3.7330730527728044 3.9858598763479023 3.6532816723590718 3.804559352137678 3.6181028403300237 4.114928663178128 4.133509829299363 4.17077822183587 4.133509829299363 4.004190501010748 4.152126383386034 4.321250461472404 4.27389700972598 4.04095991813958 4.077872904589594 4.04095991813958 4.142722567221125 4.004190501010748 4.022557214122902 4.2550531631440744 4.226944395924057 4.013279506756297 4.4258837292217255 4.502689204348403 4.541291684561032 4.512421692304587
1.250000 2.758444374347024 2.750779898693886 2.8443047815867 3.1748251019000335 2.9792433916584864 3.1583061641901065 2.9153413159340302 3.0195886289076617 2.883634459153842 3.0600322532138695 3.1913838645082113 2.947211099811094 2.9873532967155483 2.9953203443393015 3.41887543958404 3.5049083193135044 3.367721434473514 3.3421943989254994 3.316919059168708 3.2832470730245484 3.359147890730457 3.2330348235664155 3.258015913974275 3.5656197122137576 3.3847337923487957 3.487624461659719 3.4616876158961567 3.2915692445190046 3.3421943989254994 3.410242724324369 3.2915692445190046 3.487624461659719 3.2163765290620767 3.393172123155076 3.4360045872801006 3.274772857790347 3.4961777259428795 3.266470160233948 3.2330348235664155 3.4360045872801006 3.367721434473514 3.393172123155076 3.3847337923487957 3.308405008172237 3.5744279146298683 3.804559352137678 3.768741640443454 3.885602299887906 3.9675654368237803 3.6445584711110413 3.8947514340034837 3.8766393410359554 3.9858598763479023 3.7955034845365736 3.9310854954678334 3.6005703687441484 3.6975542749607624 3.6269688296878213 3.976618659079132 3.7330730527728044 3.7330730527728044 3.885602299887906 3.9218993832188556 3.9858598763479023 3.9675654368237803 3.7775948223096445 3.662185980192619 3.715294895303003 3.679851275526602 3.8225239117406637 3.976618659079132 3.8405254894299046 3.9401027488501636 3.7597233992346464 3.715294895303003 3.994931013794065 3.8675087672497956 3.7775948223096445 3.786631899160151 4.04095991813958 4.114928663178128 4.031664040933904 4.2834243201376205 4.013279506756297 4.133509829299363 4.142722567221125 4.368632905651625 4.124123872267262 4.189465240303201 4.2834243201376205 4.226944395924057 4.226944395924057 4.302320178347698 4.04095991813958 4.17077822183587 4.124123872267262 4.416414317370283 4.5994423537970714 4.648220753516788 4.4739184571649115
1.260000 2.681538720054648 2.7275581271899076 2.9712963409361106 3.199757902151695 3.1913838645082113 2.963206958809479 3.076310974966537 2.9312558679539493 2.9953203443393015 2.963206958809479 3.1913838645082113 2.8443047815867 3.0437937726389976 3.141827112759656 3.3761404886397117 3.367721434473514 3.2330348235664155 3.5395914360977594 3.258015913974275 3.5569905434876103 3.5134806146228708 3.5395914360977594 3.316919059168708 3.3421943989254994 3.4961777259428795 3.5569905434876103 3.487624461659719 3.5482016839953343 3.4616876158961567 3.5569905434876103 3.2497327220614505 3.4445005425392914 3.2832470730245484 3.2163765290620767 3.5395914360977594 3.478913368272576 3.5482016839953343 3.5395914360977594 3.41887543958404 3.4445005425392914 3.2163765290620767 3.5134806146228708 3.2497327220614505 3.4616876158961567 3.4703791711716385 3.6975542749607624 3.8405254894299046 3.9583425389599913 3.8405254894299046 3.786631899160151 3.6886118167516244 3.7597233992346464 3.6709278713963025 3.7330730527728044 3.8405254894299046 3.849452029292252 3.885602299887906 3.8314321765100012 3.7508886629289946 3.8405254894299046 3.662185980192619 3.8225239117406637 3.9675654368237803 3.6356733016454257 3.858563995863041 3.662185980192619 3.813449298647461 3.6886118167516244 3.7330730527728044 3.8766393410359554 3.9401027488501636 3.8405254894299046 3.7330730527728044 3.768741640443454 3.8225239117406637 3.679851275526602 3.715294895303003 3.768741640443454 3.7330730527728044 4.226944395924057 4.387682634199195 4.27389700972598 4.2834243201376205 4.133509829299363 4.264562997420372 4.105560618158931 4.077872904589594 4.311688368423777 4.105560618158931 4.077872904589594 4.321250461472404 4.27389700972598 4.013279506756297 4.087032906984074 4.031664040933904 4.004190501010748 4.726533084856339 4.687312877728655 4.512421692304587 4.560642437348045
1.270000 2.7973573730146533 2.7662645407768167 2.9312558679539493 2.8600359004679246 3.1748251019000335 2.8443047815867 2.963206958809479 3.199757902151695 2.939304120852559 3.1089889111804934 2.828614621459107 3.068244346893695 2.9873532967155483 2.9153413159340302 3.5744279146298683 3.367721434473514 3.393172123155076 3.308405008172237 3.4961777259428795 3.3847337923487957 3.5308219592547823 3.5744279146298683 3.3761404886397117 3.487624461659719 3.359147890730457 3.591903471894591 3.487624461659719 3.5482016839953343 3.5482016839953343 3.316919059168708 3.5395914360977594 3.591903471894591 3.3847337923487957 3.266470160233948 3.274772857790347 3.427352221294627 3.2832470730245484 3.41887543958404 3.410242724324369 3.4961777259428795 3.2915692445190046 3.4360045872801006 3.5744279146298683 3.487624461659719 3.5744279146298683 3.6975542749607624 3.885602299887906 3.786631899160151 3.786631899160151 3.7955034845365736 3.6445584711110413 3.6005703687441484 3.9401027488501636 3.6532816723590718 3.768741640443454 3.6445584711110413 3.715294895303003 3.6181028403300237 3.7955034845365736 3.8947514340034837 3.8225239117406637 3.885602299887906 3.8766393410359554 3.6269688296878213 3.6181028403300237 3.885602299887906 3.7330730527728044 3.715294895303003 3.8947514340034837 3.849452029292252 3.9858598763479023 3.912900182995015 3.949307278152234 3.768741640443454 3.6269688296878213 3.715294895303003 3.6005703687441484 3.7240926157308536 3.786631899160151 4.004190501010748 4.378246740791886 4.321250461472404 4.17077822183587 4.368632905651625 4.013279506756297 4.087032906984074 4.152126383386034 4.311688368423777 4.031664040933904 4.09638298767736 4.105560618158931 4.077872904589594 4.077872904589594 4.124123872267262 4.022557214122902 4.35921385541505 4.435548777559674 4.445034863749972 4.445034863749972 4.512421692304587
1.280000 2.704573622330376 2.7973573730146533 3.100882644135794 3.0275955901797973 2.9074745108151703 3.0275955901797973 3.1583061641901065 2.9953203443393015 3.076310974966537 2.8600359004679246 2.8520909398927943 3.076310974966537 2.923368963259543 3.1172619647621516 3.308405008172237 3.2079823900123703 3.478913368272576 3.32528008209297 3.487624461659719 3.410242724324369 3.5395914360977594 3.2832470730245484 3.3507481470859304 3.3761404886397117 3.4017851508814365 3.316919059168708 3.5395914360977594 3.5134806146228708 3.4017851508814365 3.2330348235664155 3.3761404886397117 3.274772857790347 3.32528008209297 3.2915692445190046 3.591903471894591 3.4531725219753477 3.5569905434876103 3.5134806146228708 3.367721434473514 3.5222306692969467 3.2163765290620767 3.5744279146298683 3.5222306692969467 3.3847337923487957 3.367721434473514 3.6269688296878213 3.768741640443454 3.786631899160151 3.7955034845365736 3.7955034845365736 3.679851275526602 3.7597233992346464 3.7240926157308536 3.6181028403300237 3.6445584711110413 3.7240926157308536 3.786631899160151 3.9037325359196138 3.7330730527728044 3.8405254894299046 3.8405254894299046 3.849452029292252 3.706333425945615 3.7775948223096445 3.858563995863041 3.6532816723590718 3.6975542749607624 3.786631899160151 3.976618659079132 3.786631899160151 3.7418893017975585 3.8947514340034837 3.6356733016454257 3.8947514340034837 3.6975542749607624 3.9037325359196138 3.7775948223096445 3.706333425945615 3.813449298647461 4.161356600048034 4.2834243201376205 4.189465240303201 4.226944395924057 4.059398514738147 4.022557214122902 4.04095991813958 4.133509829299363 4.013279506756297 4.208187333724751 4.236244017697849 4.321250461472404 4.264562997420372 4.04095991813958 4.09638298767736 4.031664040933904 4.133509829299363 4.512421692304587 4.483437720084692 4.4067662805426995 4.445034863749972
1.290000 2.560647071112147 2.7275581271899076 3.0195886289076617 3.1913838645082113 3.1913838645082113 3.1253880083974157 3.0195886289076617 3.0437937726389976 3.1583061641901065 2.9712963409361106 3.1172619647621516 2.9792433916584864 3.076310974966537 3.1089889111804934 3.300063394777207 3.5569905434876103 3.5308219592547823 3.41887543958404 3.393172123155076 3.2163765290620767 3.266470160233948 3.308405008172237 3.2497327220614505 3.4360045872801006 3.3421943989254994 3.359147890730457 3.41887543958404 3.5395914360977594 3.393172123155076 3.308405008172237 3.393172123155076 3.583075966486862 3.5482016839953343 3.427352221294627 3.427352221294627 3.4616876158961567 3.5222306692969467 3.3847337923487957 3.3507481470859304 3.5482016839953343 3.5482016839953343 3.5049083193135044 3.3338139991916433 3.5569905434876103 3.5482016839953343 3.7508886629289946 3.976618659079132 3.885602299887906 3.7330730527728044 3.9583425389599913 3.9218993832188556 3.6975542749607624 3.9401027488501636 3.9037325359196138 3.8675087672497956 3.715294895303003 3.8766393410359554 3.949307278152234 3.949307278152234 3.6356733016454257 3.679851275526602 3.9218993832188556 3.7955034845365736 3.662185980192619 3.706333425945615 3.9675654368237803 3.6886118167516244 3.9583425389599913 3.6356733016454257 3.6886118167516244 3.706333425945615 3.8405254894299046 3.7240926157308536 3.885602299887906 3.8675087672497956 3.786631899160151 3.8225239117406637 3.662185980192619 3.7418893017975585 4.264562997420372 4.124123872267262 4.004190501010748 4.189465240303201 4.264562997420372 4.133509829299363 4.04095991813958 4.068540840102059 4.321250461472404 4.368632905651625 4.059398514738147 4.105560618158931 4.087032906984074 4.09638298767736 4.35921385541505 4.378246740791886 4.302320178347698 4.706907035824327 4.628723044707949 4.697010359996532 4.560642437348045
1.300000 2.6968371342160555 2.7817903811287406 3.068244346893695 2.9712963409361106 3.092629880406265 2.9953203443393015 3.1913838645082113 3.003450744285498 2.867842256978591 3.183179005903807 3.1172619647621516 3.1172619647621516 3.1748251019000335 3.1913838645082113 3.300063394777207 3.583075966486862 3.2497327220614505 3.258015913974275 3.487624461659719 3.591903471894591 3.393172123155076 3.5569905434876103 3.4703791711716385 3.427352221294627 3.300063394777207 3.41887543958404 3.5049083193135044 3.266470160233948 3.5134806146228708 3.359147890730457 3.367721434473514 3.4616876158961567 3.308405008172237 3.393172123155076 3.2915692445190046 3.4703791711716385 3.4616876158961567 3.4961777259428795 3.4445005425392914 3.316919059168708 3.410242724324369 3.308405008172237 3.4616876158961567 3.410242724324369 3.359147890730457 3.6975542749607624 3.6269688296878213 3.7330730527728044 3.8314321765100012 3.8225239117406637 3.6269688296878213 3.7508886629289946 3.7418893017975585 3.6709278713963025 3.849452029292252 3.6356733016454257 3.6181028403300237 3.6886118167516244 3.6532816723590718 3.9401027488501636 3.6269688296878213 3.662185980192619 3.9675654368237803 3.6445584711110413 3.7240926157308536 3.6709278713963025 3.8225239117406637 3.7508886629289946 3.7240926157308536 3.6886118167516244 3.885602299887906 3.8225239117406637 3.9218993832188556 3.813449298647461 3.849452029292252 3.8675087672497956 3.768741640443454 3.6356733016454257 3.804559352137678 4.105560618158931 4.105560618158931 4.087032906984074 4.031664040933904 4.04095991813958 4.059398514738147 4.208187333724751 4.059398514738147 4.2550531631440744 4.226944395924057 4.17077822183587 4.059398514738147 4.302320178347698 4.09638298767736 4.087032906984074 4.013279506756297 4.387682634199195 4.7658803301983514 4.657886382739784 4.795377261468363 4.657886382739784
1.310000 2.742980616656126 2.7973573730146533 2.883634459153842 3.068244346893695 3.1089889111804934 3.1253880083974157 3.1583061641901065 3.1172619647621516 3.068244346893695 2.923368963259543 3.0357668950244268 2.947211099811094 2.9873532967155483 2.947211099811094 3.41887543958404 3.427352221294627 3.316919059168708 3.4360045872801006 3.5395914360977594 3.5049083193135044 3.3847337923487957 3.5482016839953343 3.5222306692969467 3.4445005425392914 3.5049083193135044 3.5134806146228708 3.4616876158961567 3.367721434473514 3.5395914360977594 3.3761404886397117 3.41887543958404 3.5744279146298683 3.2497327220614505 3.4703791711716385 3.2079823900123703 3.487624461659719 3.4703791711716385 3.2412984784516516 3.3507481470859304 3.359147890730457 3.5222306692969467 3.5134806146228708 3.5222306692969467 3.41887543958404 3.4017851508814365 3.9310854954678334 3.6975542749607624 3.7597233992346464 3.6356733016454257 3.994931013794065 3.7418893017975585 3.6975542749607624 3.609417136670968 3.8225239117406637 3.6532816723590718 3.7508886629289946 3.706333425945615 3.994931013794065 3.6975542749607624 3.804559352137678 3.8766393410359554 3.976618659079132 3.6356733016454257 3.6356733016454257 3.8766393410359554 3.786631899160151 3.976618659079132 3.6975542749607624 3.8947514340034837 3.8675087672497956 3.6975542749607624 3.9583425389599913 3.7775948223096445 3.8405254894299046 3.858563995863041 3.7240926157308536 3.849452029292252 3.6886118167516244 3.679851275526602 4.031664040933904 4.226944395924057 4.397313599800975 4.114928663178128 4.321250461472404 4.161356600048034 4.050084518251851 4.133509829299363 4.1800258668376475 4.321250461472404 4.27389700972598 4.189465240303201 4.378246740791886 4.068540840102059 4.142722567221125 4.004190501010748 4.050084518251851 4.464219566817621 4.5704248550692625 4.4739184571649115 4.445034863749972
1.320000 2.719934394004002 2.666281752772024 3.100882644135794 3.1172619647621516 3.150140654150466 2.8916208154516734 3.183179005903807 3.1172619647621516 3.003450744285498 3.141827112759656 2.8207111595260184 2.9953203443393015 2.9312558679539493 3.1172619647621516 3.2915692445190046 3.2163765290620767 3.5049083193135044 3.5395914360977594 3.316919059168708 3.5134806146228708 3.5656197122137576 3.5744279146298683 3.591903471894591 3.583075966486862 3.5049083193135044 3.359147890730457 3.4703791711716385 3.3338139991916433 3.4017851508814365 3.2412984784516516 3.5744279146298683 3.32528008209297 3.5744279146298683 3.359147890730457 3.487624461659719 3.2832470730245484 3.5308219592547823 3.5308219592547823 3.3507481470859304 3.2330348235664155 3.583075966486862 3.5569905434876103 3.5482016839953343 3.2832470730245484 3.393172123155076 3.804559352137678 3.7418893017975585 3.994931013794065 3.662185980192619 3.7418893017975585 3.6975542749607624 3.804559352137678 3.715294895303003 3.6445584711110413 3.9218993832188556 3.7508886629289946 3.858563995863041 3.912900182995015 3.706333425945615 3.804559352137678 3.8947514340034837 3.7775948223096445 3.662185980192619 3.9401027488501636 3.7597233992346464 3.994931013794065 3.706333425945615 3.9401027488501636 3.7508886629289946 3.6532816723590718 3.786631899160151 3.804559352137678 3.9310854954678334 3.679851275526602 3.7955034845365736 3.7418893017975585 3.9858598763479023 3.949307278152234 3.6709278713963025 4.114928663178128 4.236244017697849 4.114928663178128 4.17077822183587 4.031664040933904 4.059398514738147 4.1800258668376475 4.031664040933904 4.09638298767736 4.077872904589594 4.022557214122902 4.022557214122902 4.217469681706391 4.09638298767736 4.059398514738147 4.004190501010748 4.368632905651625 4.706907035824327 4.638372653851022 4.5510575218429565 4.4258837292217255
1.330000 2.6510662756753334 2.6739762636570186 2.963206958809479 3.141827112759656 2.947211099811094 2.947211099811094 3.084543418727391 3.076310974966537 3.003450744285498 3.1253880083974157 3.1253880083974157 3.051985486538066 3.068244346893695 3.0114377622100448 3.5308219592547823 3.410242724324369 3.41887543958404 3.4961777259428795 3.5744279146298683 3.2330348235664155 3.5222306692969467 3.3507481470859304 3.5308219592547823 3.5134806146228708 3.5744279146298683 3.583075966486862 3.393172123155076 3.5395914360977594 3.5569905434876103 3.4445005425392914 3.5308219592547823 3.266470160233948 3.3507481470859304 3.583075966486862 3.3338139991916433 3.5569905434876103 3.5395914360977594 3.367721434473514 3.41887543958404 3.316919059168708 3.583075966486862 3.4445005425392914 3.4616876158961567 3.4531725219753477 3.2832470730245484 3.6181028403300237 3.7775948223096445 3.9583425389599913 3.7955034845365736 3.8675087672497956 3.885602299887906 3.7955034845365736 3.609417136670968 3.976618659079132 3.786631899160151 3.9037325359196138 3.6709278713963025 3.609417136670968 3.6005703687441484 3.8766393410359554 3.8947514340034837 3.8405254894299046 3.7955034845365736 3.949307278152234 3.7955034845365736 3.6532816723590718 3.7955034845365736 3.885602299887906 3.679851275526602 3.994931013794065 3.9675654368237803 3.609417136670968 3.9401027488501636 3.6975542749607624 3.849452029292252 3.6709278713963025 3.6269688296878213 3.8766393410359554 3.6181028403300237 4.226944395924057 4.217469681706391 4.114928663178128 4.397313599800975 4.077872904589594 4.161356600048034 4.292775448258381 4.226944395924057 4.004190501010748 4.292775448258381 4.236244017697849 4.1800258668376475 4.217469681706391 4.17077822183587 4.2550531631440744 4.105560618158931 4.208187333724751 4.657886382739784 4.4067662805426995 4.435548777559674 4.795377261468363
1.340000 2.750779898693886 2.689254230838056 2.9712963409361106 2.939304120852559 3.100882644135794 3.1748251019000335 2.8916208154516734 3.0114377622100448 2.875807928460546 3.100882644135794 3.1583061641901065 3.068244346893695 3.0195886289076617 3.068244346893695 3.3338139991916433 3.3847337923487957 3.4703791711716385 3.5744279146298683 3.410242724324369 3.393172123155076 3.583075966486862 3.2412984784516516 3.274772857790347 3.2330348235664155 3.4445005425392914 3.4445005425392914 3.4531725219753477 3.4360045872801006 3.274772857790347 3.591903471894591 3.4616876158961567 3.3507481470859304 3.5482016839953343 3.41887543958404 3.5308219592547823 3.5482016839953343 3.5134806146228708 3.5134806146228708 3.41887543958404 3.583075966486862 3.4616876158961567 3.478913368272576 3.591903471894591 3.308405008172237 3.32528008209297 3.706333425945615 3.7775948223096445 3.6181028403300237 3.9218993832188556 3.715294895303003 3.7330730527728044 3.7955034845365736 3.7597233992346464 3.858563995863041 3.804559352137678 3.885602299887906 3.7508886629289946 3.679851275526602 3.9037325359196138 3.6975542749607624 3.8314321765100012 3.8405254894299046 3.7775948223096445 3.8225239117406637 3.7775948223096445 3.813449298647461 3.6975542749607624 3.6886118167516244 3.9218993832188556 3.715294895303003 3.849452029292252 3.6269688296878213 3.9037325359196138 3.8405254894299046 3.8947514340034837 3.849452029292252 3.976618659079132 3.7775948223096445 3.9858598763479023 4.059398514738147 4.189465240303201 4.142722567221125 4.142722567221125 4.1987302626375635 4.133509829299363 4.35921385541505 4.245736319763044 4.09638298767736 4.077872904589594 4.077872904589594 4.321250461472404 4.161356600048034 4.208187333724751 4.087032906984074 4.34021505789757 4.105560618158931 4.61889126864975 4.61889126864975 4.746190893645621 4.435548777559674
1.350000 2.7894955100188352 2.773949354294852 3.199757902151695 3.003450744285498 2.8363805576478125 3.0275955901797973 3.1253880083974157 3.076310974966537 3.1666399026804894 3.051985486538066 2.9153413159340302 2.939304120852559 2.9873532967155483 3.092629880406265 3.4017851508814365 3.5308219592547823 3.300063394777207 3.4360045872801006 3.4531725219753477 3.591903471894591 3.4961777259428795 3.2832470730245484 3.2330348235664155 3.3761404886397117 3.2832470730245484 3.4703791711716385 3.5744279146298683 3.224620615797176 3.4360045872801006 3.5656197122137576 3.478913368272576 3.41887543958404 3.4961777259428795 3.4360045872801006 3.274772857790347 3.478913368272576 3.410242724324369 3.5134806146228708 3.3761404886397117 3.5308219592547823 3.478913368272576 3.2832470730245484 3.427352221294627 3.274772857790347 3.316919059168708 3.6975542749607624 3.8405254894299046 3.6269688296878213 3.8405254894299046 3.949307278152234 3.6445584711110413 3.679851275526602 3.6709278713963025 3.6975542749607624 3.7775948223096445 3.7418893017975585 3.6709278713963025 3.6005703687441484 3.7597233992346464 3.662185980192619 3.7508886629289946 3.9583425389599913 3.7775948223096445 3.609417136670968 3.9675654368237803 3.6181028403300237 3.8675087672497956 3.7418893017975585 3.6356733016454257 3.8314321765100012 3.7955034845365736 3.8314321765100012 3.8766393410359554 3.7508886629289946 3.7240926157308536 3.813449298647461 3.662185980192619 3.994931013794065 3.813449298647461 4.311688368423777 4.114928663178128 4.161356600048034 4.133509829299363 4.022557214122902 4.34021505789757 4.022557214122902 4.189465240303201 4.142722567221125 4.17077822183587 4.068540840102059 4.142722567221125 4.142722567221125 4.368632905651625 4.161356600048034 4.35921385541505 4.217469681706391 4.4258837292217255 4.61889126864975 4.4739184571649115 4.493153440002571
1.360000 2.5831807784910445 2.553248929158992 2.9312558679539493 3.1089889111804934 2.9873532967155483 3.1583061641901065 2.883634459153842 3.0114377622100448 2.95527993109547 3.1583061641901065 3.1253880083974157 3.150140654150466 3.0437937726389976 2.9312558679539493 3.5744279146298683 3.5308219592547823 3.5049083193135044 3.3421943989254994 3.2832470730245484 3.5482016839953343 3.393172123155076 3.5482016839953343 3.4703791711716385 3.2915692445190046 3.32528008209297 3.2330348235664155 3.266470160233948 3.410242724324369 3.5395914360977594 3.5482016839953343 3.478913368272576 3.308405008172237 3.41887543958404 3.359147890730457 3.266470160233948 3.487624461659719 3.2832470730245484 3.3761404886397117 3.5222306692969467 3.367721434473514 3.2497327220614505 3.3507481470859304 3.4531725219753477 3.308405008172237 3.5744279146298683 3.912900182995015 3.9583425389599913 3.7508886629289946 3.8405254894299046 3.6005703687441484 3.6005703687441484 3.6709278713963025 3.6445584711110413 3.6532816723590718 3.768741640443454 3.6445584711110413 3.858563995863041 3.7955034845365736 3.885602299887906 3.885602299887906 3.706333425945615 3.6181028403300237 3.7775948223096445 3.6356733016454257 3.6532816723590718 3.7240926157308536 3.8405254894299046 3.768741640443454 3.786631899160151 3.6532816723590718 3.813449298647461 3.6975542749607624 3.7240926157308536 3.9218993832188556 3.6005703687441484 3.849452029292252 3.6356733016454257 3.7597233992346464 3.8947514340034837 4.189465240303201 4.068540840102059 4.264562997420372 4.022557214122902 4.031664040933904 4.208187333724751 4.217469681706391 4.27389700972598 4.114928663178128 4.050084518251851 4.124123872267262 4.245736319763044 4.17077822183587 4.152126383386034 4.022557214122902 4.161356600048034 4.04095991813958 4.483437720084692 4.580026035009029 4.4067662805426995 4.657886382739784
1.370000 2.7817903811287406 2.7662645407768167 3.1913838645082113 3.141827112759656 3.1336813213896 2.8050827943071095 2.9792433916584864 3.0275955901797973 3.1666399026804894 3.1089889111804934 3.0195886289076617 3.1913838645082113 3.0275955901797973 3.183179005903807 3.4531725219753477 3.367721434473514 3.4445005425392914 3.427352221294627 3.3507481470859304 3.4616876158961567 3.5656197122137576 3.3507481470859304 3.2832470730245484 3.266470160233948 3.5744279146298683 3.367721434473514 3.5049083193135044 3.5744279146298683 3.2079823900123703 3.427352221294627 3.591903471894591 3.410242724324369 3.2915692445190046 3.5049083193135044 3.5482016839953343 3.3338139991916433 3.5049083193135044 3.5656197122137576 3.5482016839953343 3.3507481470859304 3.4017851508814365 3.4360045872801006 3.2497327220614505 3.3338139991916433 3.41887543958404 3.885602299887906 3.6181028403300237 3.6445584711110413 3.7597233992346464 3.7955034845365736 3.679851275526602 3.9675654368237803 3.9675654368237803 3.7240926157308536 3.6532816723590718 3.804559352137678 3.7330730527728044 3.976618659079132 3.8225239117406637 3.849452029292252 3.6269688296878213 3.9583425389599913 3.8405254894299046 3.6269688296878213 3.858563995863041 3.6269688296878213 3.768741640443454 3.6445584711110413 3.7418893017975585 3.7330730527728044 3.7508886629289946 3.804559352137678 3.804559352137678 3.768741640443454 3.6709278713963025 3.8225239117406637 3.994931013794065 3.786631899160151 3.715294895303003 4.321250461472404 4.330635659446139 4.068540840102059 4.34961720950167 4.292775448258381 4.35921385541505 4.133509829299363 4.031664040933904 4.226944395924057 4.087032906984074 4.004190501010748 4.226944395924057 4.17077822183587 4.152126383386034 4.292775448258381 4.050084518251851 4.105560618158931 4.5510575218429565 4.4067662805426995 4.667750740597353 4.716620349901103
1.380000 2.666281752772024 2.7662645407768167 3.068244346893695 3.141827112759656 3.1666399026804894 3.100882644135794 3.0437937726389976 3.1253880083974157 3.0437937726389976 3.0275955901797973 3.1336813213896 3.1089889111804934 3.0195886289076617 3.0195886289076617 3.5482016839953343 3.4017851508814365 3.410242724324369 3.410242724324369 3.5569905434876103 3.5049083193135044 3.583075966486862 3.410242724324369 3.4017851508814365 3.5569905434876103 3.2832470730245484 3.2412984784516516 3.478913368272576 3.300063394777207 3.2330348235664155 3.5482016839953343 3.427352221294627 3.266470160233948 3.32528008209297 3.2330348235664155 3.583075966486862 3.308405008172237 3.308405008172237 3.4616876158961567 3.359147890730457 3.2079823900123703 3.478913368272576 3.2163765290620767 3.478913368272576 3.266470160233948 3.5134806146228708 3.8947514340034837 3.8766393410359554 3.912900182995015 3.6975542749607624 3.7240926157308536 3.679851275526602 3.6709278713963025 3.6356733016454257 3.9401027488501636 3.609417136670968 3.8405254894299046 3.6269688296878213 3.9401027488501636 3.7508886629289946 3.849452029292252 3.994931013794065 3.976618659079132 3.6356733016454257 3.9401027488501636 3.715294895303003 3.994931013794065 3.912900182995015 3.6445584711110413 3.7955034845365736 3.6532816723590718 3.912900182995015 3.9218993832188556 3.858563995863041 3.609417136670968 3.6269688296878213 3.8225239117406637 3.849452029292252 3.6709278713963025 3.804559352137678 4.208187333724751 4.050084518251851 4.09638298767736 4.236244017697849 4.022557214122902 4.208187333724751 4.161356600048034 4.004190501010748 4.217469681706391 4.068540840102059 4.105560618158931 4.17077822183587 4.022557214122902 4.004190501010748 4.124123872267262 4.077872904589594 4.050084518251851 4.416414317370283 4.4739184571649115 4.445034863749972 4.60925774129937
1.390000 2.704573622330376 2.5086647413104144 3.068244346893695 2.963206958809479 2.812965469114768 2.963206958809479 3.068244346893695 3.1172619647621516 3.199757902151695 3.1913838645082113 3.1666399026804894 3.183179005903807 3.141827112759656 3.1336813213896 3.2915692445190046 3.224620615797176 3.5482016839953343 3.410242724324369 3.4360045872801006 3.3507481470859304 3.367721434473514 3.5656197122137576 3.5134806146228708 3.5569905434876103 3.224620615797176 3.2915692445190046 3.5656197122137576 3.5395914360977594 3.2915692445190046 3.393172123155076 3.5744279146298683 3.478913368272576 3.300063394777207 3.359147890730457 3.5308219592547823 3.5656197122137576 3.308405008172237 3.3507481470859304 3.224620615797176 3.3338139991916433 3.3507481470859304 3.266470160233948 3.427352221294627 3.5569905434876103 3.4961777259428795 3.849452029292252 3.609417136670968 3.976618659079132 3.7597233992346464 3.9310854954678334 3.849452029292252 3.768741640443454 3.9310854954678334 3.885602299887906 3.885602299887906 3.8405254894299046 3.679851275526602 3.858563995863041 3.8225239117406637 3.9310854954678334 3.849452029292252 3.6181028403300237 3.7955034845365736 3.6005703687441484 3.715294895303003 3.7240926157308536 3.679851275526602 3.8947514340034837 3.7418893017975585 3.912900182995015 3.679851275526602 3.9401027488501636 3.706333425945615 3.7955034845365736 3.7775948223096445 3.8766393410359554 3.7597233992346464 3.706333425945615 3.715294895303003 4.161356600048034 4.1800258668376475 4.189465240303201 4.022557214122902 4.27389700972598 4.1800258668376475 4.189465240303201 4.059398514738147 4.226944395924057 4.1800258668376475 4.208187333724751 4.1800258668376475 4.217469681706391 4.1800258668376475 4.302320178347698 4.105560618158931 4.087032906984074 4.628723044707949 4.512421692304587 4.736262166944972 4.580026035009029
1.400000 2.7973573730146533 2.7275581271899076 2.883634459153842 2.867842256978591 2.947211099811094 3.1583061641901065 2.8916208154516734 2.8600359004679246 3.100882644135794 3.199757902151695 3.1172619647621516 3.0195886289076617 3.183179005903807 2.8520909398927943 3.3847337923487957 3.591903471894591 3.3847337923487957 3.3507481470859304 3.224620615797176 3.487624461659719 3.4703791711716385 3.4531725219753477 3.5134806146228708 3.4531725219753477 3.5049083193135044 3.3847337923487957 3.5049083193135044 3.2915692445190046 3.5308219592547823 3.5222306692969467 3.224620615797176 3.2915692445190046 3.5049083193135044 3.5049083193135044 3.5049083193135044 3.3507481470859304 3.427352221294627 3.4017851508814365 3.5308219592547823 3.5569905434876103 3.266470160233948 3.5222306692969467 3.4360045872801006 3.3507481470859304 3.4531725219753477 3.858563995863041 3.6532816723590718 3.849452029292252 3.849452029292252 3.7508886629289946 3.706333425945615 3.609417136670968 3.7240926157308536 3.6709278713963025 3.8225239117406637 3.9310854954678334 3.8675087672497956 3.768741640443454 3.813449298647461 3.679851275526602 3.885602299887906 3.6181028403300237 3.949307278152234 3.715294895303003 3.6445584711110413 3.804559352137678 3.6445584711110413 3.6709278713963025 3.715294895303003 3.7330730527728044 3.7597233992346464 3.6005703687441484 3.768741640443454 3.813449298647461 3.8405254894299046 3.9218993832188556 3.8405254894299046 3.8314321765100012 3.8225239117406637 4.1800258668376475 4.031664040933904 4.27389700972598 4.114928663178128 4.321250461472404 4.022557214122902 4.1987302626375635 4.068540840102059 4.217469681706391 4.105560618158931 4.087032906984074 4.087032906984074 4.189465240303201 4.245736319763044 4.321250461472404 4.068540840102059 4.068540840102059 4.502689204348403 4.464219566817621 4.687312877728655 4.4739184571649115
1.410000 2.598209301621978 2.6207599630340725 3.051985486538066 2.923368963259543 2.9873532967155483 3.100882644135794 3.084543418727391 3.0114377622100448 3.076310974966537 2.947211099811094 2.9953203443393015 3.051985486538066 2.9873532967155483 3.141827112759656 3.2079823900123703 3.591903471894591 3.5569905434876103 3.3338139991916433 3.32528008209297 3.5395914360977594 3.5482016839953343 3.5308219592547823 3.274772857790347 3.4017851508814365 3.2497327220614505 3.316919059168708 3.4961777259428795 3.2079823900123703 3.583075966486862 3.2832470730245484 3.4360045872801006 3.4017851508814365 3.224620615797176 3.5569905434876103 3.4360045872801006 3.308405008172237 3.4017851508814365 3.487624461659719 3.3761404886397117 3.583075966486862 3.393172123155076 3.316919059168708 3.4017851508814365 3.359147890730457 3.4445005425392914 3.768741640443454 3.7597233992346464 3.768741640443454 3.8766393410359554 3.8405254894299046 3.6356733016454257 3.885602299887906 3.7955034845365736 3.6532816723590718 3.6975542749607624 3.8766393410359554 3.6445584711110413 3.679851275526602 3.7330730527728044 3.976618659079132 3.858563995863041 3.976618659079132 3.804559352137678 3.6356733016454257 3.7330730527728044 3.7775948223096445 3.9583425389599913 3.6709278713963025 3.6356733016454257 3.7597233992346464 3.6005703687441484 3.813449298647461 3.768741640443454 3.8675087672497956 3.9401027488501636 3.849452029292252 3.8225239117406637 3.8405254894299046 3.9037325359196138 4.368632905651625 4.105560618158931 4.189465240303201 4.321250461472404 4.208187333724751 4.35921385541505 4.17077822183587 4.17077822183587 4.059398514738147 4.09638298767736 4.189465240303201 4.031664040933904 4.17077822183587 4.226944395924057 4.013279506756297 4.321250461472404 4.2834243201376205 4.697010359996532 4.435548777559674 4.4739184571649115 4.464219566817621
1.420000 2.7353365011881885 2.464457781287439 2.9074745108151703 3.003450744285498 3.1336813213896 3.0275955901797973 2.89946749583966 2.95527993109547 3.1336813213896 2.939304120852559 3.1253880083974157 3.084543418727391 3.076310974966537 3.1666399026804894 3.2412984784516516 3.410242724324369 3.41887543958404 3.3338139991916433 3.4531725219753477 3.591903471894591 3.591903471894591 3.3761404886397117 3.41887543958404 3.4360045872801006 3.2497327220614505 3.4616876158961567 3.4616876158961567 3.5134806146228708 3.3761404886397117 3.3421943989254994 3.2915692445190046 3.4616876158961567 3.487624461659719 3.3847337923487957 3.591903471894591 3.478913368272576 3.32528008209297 3.4360045872801006 3.591903471894591 3.5308219592547823 3.3338139991916433 3.4360045872801006 3.3507481470859304 3.5308219592547823 3.2163765290620767 3.9675654368237803 3.7597233992346464 3.9218993832188556 3.7418893017975585 3.8225239117406637 3.9401027488501636 3.8405254894299046 3.715294895303003 3.6445584711110413 3.6975542749607624 3.8225239117406637 3.994931013794065 3.9310854954678334 3.7955034845365736 3.9583425389599913 3.912900182995015 3.8675087672497956 3.9037325359196138 3.849452029292252 3.6709278713963025 3.7955034845365736 3.949307278152234 3.6269688296878213 3.804559352137678 3.706333425945615 3.768741640443454 3.994931013794065 3.9310854954678334 3.8947514340034837 3.994931013794065 3.662185980192619 3.804559352137678 3.6445584711110413 3.8766393410359554 4.330635659446139 4.087032906984074 4.1987302626375635 4.189465240303201 4.105560618158931 4.077872904589594 4.161356600048034 4.013279506756297 4.189465240303201 4.087032906984074 4.09638298767736 4.087032906984074 4.1800258668376475 4.09638298767736 4.022557214122902 4.031664040933904 4.050084518251851 4.416414317370283 4.706907035824327 4.5994423537970714 4.531723093439896
1.430000 2.6056692116350813 2.7973573730146533 3.084543418727391 3.003450744285498 3.1583061641901065 3.0437937726389976 3.0275955901797973 3.1172619647621516 3.1336813213896 3.141827112759656 3.0600322532138695 3.051985486538066 3.076310974966537 3.1172619647621516 3.427352221294627 3.367721434473514 3.4445005425392914 3.5395914360977594 3.4616876158961567 3.3338139991916433 3.4531725219753477 3.5482016839953343 3.427352221294627 3.224620615797176 3.4360045872801006 3.478913368272576 3.4961777259428795 3.224620615797176 3.5744279146298683 3.4531725219753477 3.5308219592547823 3.5308219592547823 3.274772857790347 3.5134806146228708 3.2079823900123703 3.5049083193135044 3.5222306692969467 3.5482016839953343 3.2330348235664155 3.487624461659719 3.5134806146228708 3.5049083193135044 3.2915692445190046 3.274772857790347 3.258015913974275 3.679851275526602 3.9858598763479023 3.7418893017975585 3.813449298647461 3.813449298647461 3.9037325359196138 3.9675654368237803 3.813449298647461 3.8766393410359554 3.9218993832188556 3.7775948223096445 3.9858598763479023 3.804559352137678 3.706333425945615 3.662185980192619 3.804559352137678 3.7775948223096445 3.8405254894299046 3.8947514340034837 3.7240926157308536 3.6356733016454257 3.8225239117406637 3.6005703687441484 3.6709278713963025 3.662185980192619 3.6445584711110413 3.609417136670968 3.6005703687441484 3.786631899160151 3.8766393410359554 3.849452029292252 3.7597233992346464 3.7955034845365736 3.6005703687441484 4.292775448258381 4.077872904589594 4.189465240303201 4.013279506756297 4.124123872267262 4.022557214122902 4.397313599800975 4.236244017697849 4.292775448258381 4.133509829299363 4.1987302626375635 4.189465240303201 4.09638298767736 4.17077822183587 4.27389700972598 4.27389700972598 4.077872904589594 4.687312877728655 4.531723093439896 4.589824969666061 4.667750740597353
1.440000 2.6587397644483315 2.7817903811287406 3.1336813213896 3.0114377622100448 3.1583061641901065 2.95527993109547 3.076310974966537 2.867842256978591 3.1666399026804894 3.150140654150466 3.1913838645082113 2.963206958809479 2.947211099811094 3.1089889111804934 3.583075966486862 3.5569905434876103 3.3761404886397117 3.5482016839953343 3.266470160233948 3.266470160233948 3.583075966486862 3.4531725219753477 3.4616876158961567 3.583075966486862 3.4445005425392914 3.266470160233948 3.4531725219753477 3.266470160233948 3.5395914360977594 3.2079823900123703 3.3507481470859304 3.487624461659719 3.5482016839953343 3.258015913974275 3.32528008209297 3.591903471894591 3.41887543958404 3.393172123155076 3.300063394777207 3.5049083193135044 3.4703791711716385 3.3421943989254994 3.4360045872801006 3.4703791711716385 3.487624461659719 3.858563995863041 3.7508886629289946 3.6709278713963025 3.715294895303003 3.858563995863041 3.8766393410359554 3.679851275526602 3.8314321765100012 3.6709278713963025 3.9401027488501636 3.804559352137678 3.9583425389599913 3.9037325359196138 3.679851275526602 3.804559352137678 3.6181028403300237 3.949307278152234 3.8766393410359554 3.7508886629289946 3.7508886629289946 3.706333425945615 3.9583425389599913 3.8766393410359554 3.858563995863041 3.804559352137678 3.813449298647461 3.885602299887906 3.9583425389599913 3.8766393410359554 3.804559352137678 3.7955034845365736 3.8405254894299046 3.679851275526602 3.6709278713963025 4.2550531631440744 4.09638298767736 4.105560618158931 4.27389700972598 4.27389700972598 4.302320178347698 4.114928663178128 4.013279506756297 4.031664040933904 4.04095991813958 4.217469681706391 4.004190501010748 4.031664040933904 4.1987302626375635 4.226944395924057 4.368632905651625 4.068540840102059 4.464219566817621 4.521973899542435 4.4739184571649115 4.4739184571649115
1.450000 2.6056692116350813 2.750779898693886 3.1089889111804934 3.051985486538066 3.1172619647621516 3.1913838645082113 2.8916208154516734 3.1336813213896 3.051985486538066 2.95527993109547 3.003450744285498 2.89946749583966 3.199757902151695 2.8363805576478125 3.3761404886397117 3.4961777259428795 3.266470160233948 3.41887543958404 3.2079823900123703 3.410242724324369 3.5049083193135044 3.41887543958404 3.5482016839953343 3.4531725219753477 3.3507481470859304 3.3421943989254994 3.3761404886397117 3.2079823900123703 3.5569905434876103 3.3847337923487957 3.4961777259428795 3.359147890730457 3.4616876158961567 3.5395914360977594 3.316919059168708 3.427352221294627 3.359147890730457 3.300063394777207 3.3847337923487957 3.3507481470859304 3.3421943989254994 3.393172123155076 3.410242724324369 3.478913368272576 3.5222306692969467 3.6181028403300237 3.6005703687441484 3.804559352137678 3.7330730527728044 3.9037325359196138 3.6005703687441484 3.7508886629289946 3.7240926157308536 3.768741640443454 3.9037325359196138 3.858563995863041 3.706333425945615 3.6532816723590718 3.6445584711110413 3.7330730527728044 3.8405254894299046 3.6181028403300237 3.885602299887906 3.885602299887906 3.7418893017975585 3.9583425389599913 3.706333425945615 3.6975542749607624 3.609417136670968 3.8405254894299046 3.6886118167516244 3.9858598763479023 3.994931013794065 3.7508886629289946 3.7240926157308536 3.715294895303003 3.6445584711110413 3.715294895303003 3.8947514340034837 4.077872904589594 4.004190501010748 4.133509829299363 4.105560618158931 4.142722567221125 4.142722567221125 4.142722567221125 4.1987302626375635 4.330635659446139 4.050084518251851 4.264562997420372 4.152126383386034 4.27389700972598 4.378246740791886 4.124123872267262 4.292775448258381 4.013279506756297 4.4258837292217255 4.435548777559674 4.435548777559674 4.4067662805426995
1.460000 2.7973573730146533 2.704573622330376 3.1253880083974157 2.883634459153842 3.100882644135794 3.068244346893695 3.051985486538066 3.0275955901797973 3.1172619647621516 3.084543418727391 3.084543418727391 3.1748251019000335 3.076310974966537 3.092629880406265 3.3761404886397117 3.4445005425392914 3.583075966486862 3.41887543958404 3.3847337923487957 3.427352221294627 3.5222306692969467 3.591903471894591 3.3761404886397117 3.4445005425392914 3.5744279146298683 3.5222306692969467 3.591903471894591 3.487624461659719 3.5744279146298683 3.3847337923487957 3.410242724324369 3.5482016839953343 3.258015913974275 3.393172123155076 3.2832470730245484 3.41887543958404 3.266470160233948 3.300063394777207 3.4616876158961567 3.4961777259428795 3.3421943989254994 3.3421943989254994 3.5134806146228708 3.41887543958404 3.3761404886397117 3.706333425945615 3.9583425389599913 3.8766393410359554 3.858563995863041 3.8314321765100012 3.7330730527728044 3.949307278152234 3.813449298647461 3.7775948223096445 3.9583425389599913 3.9675654368237803 3.9401027488501636 3.976618659079132 3.9401027488501636 3.9583425389599913 3.6532816723590718 3.9310854954678334 3.7955034845365736 3.7508886629289946 3.6181028403300237 3.813449298647461 3.912900182995015 3.7418893017975585 3.7240926157308536 3.9310854954678334 3.7330730527728044 3.609417136670968 3.6709278713963025 3.849452029292252 3.9037325359196138 3.994931013794065 3.804559352137678 3.885602299887906 3.8766393410359554 4.04095991813958 4.004190501010748 4.059398514738147 4.226944395924057 4.068540840102059 4.2834243201376205 4.311688368423777 4.105560618158931 4.17077822183587 4.1987302626375635 4.013279506756297 4.114928663178128 4.022557214122902 4.330635659446139 4.09638298767736 4.133509829299363 4.077872904589594 4.464219566817621 4.4258837292217255 4.4258837292217255 4.580026035009029
1.470000 2.5457231966463083 2.719934394004002 3.0357668950244268 2.939304120852559 3.1172619647621516 3.1253880083974157 3.141827112759656 2.8050827943071095 3.0275955901797973 3.051985486538066 3.0195886289076617 3.051985486538066 3.1172619647621516 3.092629880406265 3.367721434473514 3.487624461659719 3.4531725219753477 3.4961777259428795 3.4616876158961567 3.393172123155076 3.2163765290620767 3.41887543958404 3.258015913974275 3.4445005425392914 3.4531725219753477 3.487624461659719 3.393172123155076 3.41887543958404 3.4445005425392914 3.41887543958404 3.5222306692969467 3.3421943989254994 3.367721434473514 3.5744279146298683 3.4616876158961567 3.3338139991916433 3.427352221294627 3.2330348235664155 3.5134806146228708 3.583075966486862 3.427352221294627 3.224620615797176 3.300063394777207 3.5569905434876103 3.591903471894591 3.976618659079132 3.9583425389599913 3.7775948223096445 3.912900182995015 3.7597233992346464 3.7330730527728044 3.885602299887906 3.8947514340034837 3.706333425945615 3.976618659079132 3.9401027488501636 3.976618659079132 3.6356733016454257 3.7418893017975585 3.8405254894299046 3.7597233992346464 3.9675654368237803 3.8766393410359554 3.662185980192619 3.7240926157308536 3.6532816723590718 3.6709278713963025 3.6356733016454257 3.9037325359196138 3.7418893017975585 3.9675654368237803 3.786631899160151 3.786631899160151 3.9675654368237803 3.768741640443454 3.7418893017975585 3.7508886629289946 3.813449298647461 3.609417136670968 4.311688368423777 4.031664040933904 4.302320178347698 4.068540840102059 4.142722567221125 4.142722567221125 4.059398514738147 4.2550531631440744 4.1800258668376475 4.17077822183587 4.1987302626375635 4.077872904589594 4.004190501010748 4.114928663178128 4.142722567221125 4.04095991813958 4.087032906984074 4.5704248550692625 4.531723093439896 4.560642437348045 4.4067662805426995
1.480000 2.6056692116350813 2.6968371342160555 3.1583061641901065 2.95527993109547 2.875807928460546 2.89946749583966 2.9153413159340302 3.1089889111804934 3.1748251019000335 3.084543418727391 2.9792433916584864 2.8363805576478125 3.0437937726389976 2.8443047815867 3.5656197122137576 3.4017851508814365 3.2497327220614505 3.300063394777207 3.41887543958404 3.308405008172237 3.4531725219753477 3.5569905434876103 3.367721434473514 3.410242724324369 3.266470160233948 3.3421943989254994 3.2330348235664155 3.359147890730457 3.5569905434876103 3.300063394777207 3.5656197122137576 3.4961777259428795 3.224620615797176 3.393172123155076 3.2497327220614505 3.487624461659719 3.4961777259428795 3.316919059168708 3.5569905434876103 3.427352221294627 3.393172123155076 3.478913368272576 3.487624461659719 3.5049083193135044 3.5744279146298683 3.7597233992346464 3.8947514340034837 3.6709278713963025 3.6356733016454257 3.6269688296878213 3.662185980192619 3.6181028403300237 3.8314321765100012 3.786631899160151 3.813449298647461 3.9037325359196138 3.706333425945615 3.6445584711110413 3.858563995863041 3.679851275526602 3.706333425945615 3.609417136670968 3.7240926157308536 3.804559352137678 3.6445584711110413 3.7418893017975585 3.8405254894299046 3.6886118167516244 3.813449298647461 3.976618659079132 3.8947514340034837 3.6269688296878213 3.6269688296878213 3.858563995863041 3.9310854954678334 3.786631899160151 3.6445584711110413 3.768741640443454 3.976618659079132 4.2834243201376205 4.105560618158931 4.1987302626375635 4.077872904589594 4.217469681706391 4.208187333724751 4.013279506756297 4.142722567221125 4.217469681706391 4.189465240303201 4.087032906984074 4.077872904589594 4.077872904589594 4.087032906984074 4.142722567221125 4.34961720950167 4.022557214122902 4.638372653851022 4.7658803301983514 4.521973899542435 4.716620349901103
1.490000 2.6968371342160555 2.742980616656126 2.9792433916584864 3.1748251019000335 3.1089889111804934 3.068244346893695 3.1748251019000335 2.8520909398927943 2.883634459153842 3.1089889111804934 3.1666399026804894 3.1666399026804894 3.1089889111804934 3.1336813213896 3.3421943989254994 3.5222306692969467 3.224620615797176 3.316919059168708 3.5656197122137576 3.5134806146228708 3.393172123155076 3.266470160233948 3.410242724324369 3.5049083193135044 3.5395914360977594 3.5482016839953343 3.2163765290620767 3.5134806146228708 3.3761404886397117 3.583075966486862 3.2079823900123703 3.5395914360977594 3.487624461659719 3.427352221294627 3.32528008209297 3.2832470730245484 3.367721434473514 3.2832470730245484 3.316919059168708 3.4961777259428795 3.4703791711716385 3.316919059168708 3.5744279146298683 3.3421943989254994 3.4616876158961567 3.804559352137678 3.715294895303003 3.6005703687441484 3.804559352137678 3.7775948223096445 3.9218993832188556 3.9675654368237803 3.8675087672497956 3.6356733016454257 3.912900182995015 3.6181028403300237 3.858563995863041 3.6532816723590718 3.609417136670968 3.609417136670968 3.7330730527728044 3.6005703687441484 3.6181028403300237 3.8225239117406637 3.7418893017975585 3.813449298647461 3.9310854954678334 3.6975542749607624 3.7418893017975585 3.679851275526602 3.7597233992346464 3.849452029292252 3.662185980192619 3.6356733016454257 3.7955034845365736 3.6356733016454257 3.6886118167516244 3.6709278713963025 3.7330730527728044 4.087032906984074 4.114928663178128 4.189465240303201 4.321250461472404 4.077872904589594 4.292775448258381 4.292775448258381 4.330635659446139 4.34961720950167 4.292775448258381 4.031664040933904 4.068540840102059 4.068540840102059 4.368632905651625 4.013279506756297 4.004190501010748 4.27389700972598 4.4067662805426995 4.435548777559674 4.521973899542435 4.45471686346053
1.500000 2.464457781287439 2.4424291445801267 3.100882644135794 3.141827112759656 3.141827112759656 3.0437937726389976 3.076310974966537 3.1336813213896 3.199757902151695 3.1583061641901065 3.092629880406265 3.051985486538066 2.8916208154516734 2.812965469114768 3.4961777259428795 3.3338139991916433 3.4961777259428795 3.393172123155076 3.4445005425392914 3.4017851508814365 3.308405008172237 3.410242724324369 3.4531725219753477 3.3507481470859304 3.359147890730457 3.3338139991916433 3.3847337923487957 3.5395914360977594 3.224620615797176 3.5482016839953343 3.591903471894591 3.5569905434876103 3.41887543958404 3.393172123155076 3.308405008172237 3.4360045872801006 3.591903471894591 3.5049083193135044 3.5222306692969467 3.5482016839953343 3.3847337923487957 3.3338139991916433 3.5482016839953343 3.266470160233948 3.5569905434876103 3.7240926157308536 3.8314321765100012 3.8405254894299046 3.662185980192619 3.7330730527728044 3.804559352137678 3.858563995863041 3.8225239117406637 3.7775948223096445 3.912900182995015 3.706333425945615 3.7597233992346464 3.9401027488501636 3.9675654368237803 3.7418893017975585 3.8947514340034837 3.949307278152234 3.7418893017975585 3.8405254894299046 3.8225239117406637 3.976618659079132 3.768741640443454 3.8405254894299046 3.7508886629289946 3.662185980192619 3.706333425945615 3.6709278713963025 3.6181028403300237 3.7955034845365736 3.6445584711110413 3.6975542749607624 3.7955034845365736 3.8947514340034837 3.9218993832188556 4.068540840102059 4.004190501010748 4.2834243201376205 4.161356600048034 4.189465240303201 4.077872904589594 4.04095991813958 4.114928663178128 4.17077822183587 4.022557214122902 4.1987302626375635 4.2550531631440744 4.068540840102059 4.050084518251851 4.1987302626375635 4.004190501010748 4.031664040933904 4.416414317370283 4.4258837292217255 4.697010359996532 4.512421692304587
1.510000 2.6283913418621196 2.643544776344315 3.1748251019000335 3.0275955901797973 3.0275955901797973 3.1748251019000335 2.8916208154516734 2.9074745108151703 3.068244346893695 2.963206958809479 2.875807928460546 2.95527993109547 2.9953203443393015 3.199757902151695 3.3507481470859304 3.2412984784516516 3.4703791711716385 3.4531725219753477 3.4961777259428795 3.32528008209297 3.393172123155076 3.4961777259428795 3.5569905434876103 3.3847337923487957 3.5308219592547823 3.359147890730457 3.5222306692969467 3.393172123155076 3.591903471894591 3.2832470730245484 3.4961777259428795 3.5744279146298683 3.308405008172237 3.487624461659719 3.32528008209297 3.367721434473514 3.4616876158961567 3.5222306692969467 3.478913368272576 3.478913368272576 3.224620615797176 3.266470160233948 3.591903471894591 3.2832470730245484 3.4703791711716385 3.8766393410359554 3.662185980192619 3.7955034845365736 3.6532816723590718 3.813449298647461 3.9675654368237803 3.9037325359196138 3.6181028403300237 3.662185980192619 3.8675087672497956 3.9401027488501636 3.912900182995015 3.849452029292252 3.662185980192619 3.662185980192619 3.9310854954678334 3.813449298647461 3.6709278713963025 3.7240926157308536 3.9037325359196138 3.8947514340034837 3.7418893017975585 3.804559352137678 3.7418893017975585 3.912900182995015 3.7240926157308536 3.7418893017975585 3.9583425389599913 3.768741640443454 3.858563995863041 3.976618659079132 3.8314321765100012 3.7330730527728044 3.8675087672497956 4.04095991813958 4.34961720950167 4.068540840102059 4.2834243201376205 4.27389700972598 4.050084518251851 4.077872904589594 4.114928663178128 4.245736319763044 4.321250461472404 4.217469681706391 4.114928663178128 4.161356600048034 4.013279506756297 4.04095991813958 4.105560618158931 4.050084518251851 4.512421692304587 4.746190893645621 4.416414317370283 4.464219566817621
1.520000 2.7817903811287406 2.7894955100188352 3.141827112759656 3.0195886289076617 2.8443047815867 3.1172619647621516 2.9873532967155483 3.1336813213896 3.150140654150466 3.100882644135794 3.0114377622100448 2.9953203443393015 3.150140654150466 3.141827112759656 3.2079823900123703 3.367721434473514 3.410242724324369 3.4360045872801006 3.591903471894591 3.41887543958404 3.5744279146298683 3.4703791711716385 3.2163765290620767 3.274772857790347 3.5134806146228708 3.3421943989254994 3.3761404886397117 3.2079823900123703 3.5569905434876103 3.2915692445190046 3.4703791711716385 3.359147890730457 3.308405008172237 3.4531725219753477 3.32528008209297 3.2832470730245484 3.5482016839953343 3.224620615797176 3.393172123155076 3.224620615797176 3.2079823900123703 3.5308219592547823 3.591903471894591 3.32528008209297 3.5744279146298683 3.9675654368237803 3.7330730527728044 3.8675087672497956 3.7775948223096445 3.8947514340034837 3.706333425945615 3.994931013794065 3.7330730527728044 3.9858598763479023 3.9037325359196138 3.9675654368237803 3.9583425389599913 3.715294895303003 3.9858598763479023 3.9218993832188556 3.7240926157308536 3.6356733016454257 3.994931013794065 3.768741640443454 3.6709278713963025 3.8675087672497956 3.6532816723590718 3.6445584711110413 3.609417136670968 3.8405254894299046 3.813449298647461 3.7955034845365736 3.813449298647461 3.8314321765100012 3.804559352137678 3.9675654368237803 3.7775948223096445 3.715294895303003 3.7330730527728044 4.022557214122902 4.09638298767736 4.378246740791886 4.302320178347698 4.133509829299363 4.004190501010748 4.087032906984074 4.087032906984074 4.050084518251851 4.245736319763044 4.031664040933904 4.133509829299363 4.04095991813958 4.068540840102059 4.2550531631440744 4.17077822183587 4.161356600048034 4.493153440002571 4.416414317370283 4.580026035009029 4.483437720084692
1.530000 2.643544776344315 2.758444374347024 3.1748251019000335 3.1666399026804894 3.1089889111804934 3.199757902151695 2.9792433916584864 3.1748251019000335 2.9953203443393015 2.8363805576478125 2.9712963409361106 3.100882644135794 3.150140654150466 2.9792433916584864 3.5482016839953343 3.3847337923487957 3.5744279146298683 3.4616876158961567 3.410242724324369 3.3507481470859304 3.3507481470859304 3.5222306692969467 3.487624461659719 3.5308219592547823 3.5744279146298683 3.2497327220614505 3.359147890730457 3.308405008172237 3.308405008172237 3.316919059168708 3.5395914360977594 3.4616876158961567 3.591903471894591 3.583075966486862 3.5744279146298683 3.5569905434876103 3.478913368272576 3.4616876158961567 3.478913368272576 3.393172123155076 3.316919059168708 3.583075966486862 3.3507481470859304 3.478913368272576 3.5656197122137576 3.6532816723590718 3.976618659079132 3.715294895303003 3.7330730527728044 3.662185980192619 3.9037325359196138 3.6445584711110413 3.6269688296878213 3.6975542749607624 3.849452029292252 3.6886118167516244 3.994931013794065 3.8314321765100012 3.768741640443454 3.6005703687441484 3.706333425945615 3.7240926157308536 3.8314321765100012 3.7240926157308536 3.706333425945615 3.662185980192619 3.885602299887906 3.804559352137678 3.8225239117406637 3.7775948223096445 3.6269688296878213 3.6005703687441484 3.994931013794065 3.7418893017975585 3.715294895303003 3.994931013794065 3.6445584711110413 3.7508886629289946 3.8405254894299046 4.226944395924057 4.1987302626375635 4.1987302626375635 4.068540840102059 4.087032906984074 4.022557214122902 4.013279506756297 4.236244017697849 4.077872904589594 4.124123872267262 4.031664040933904 4.245736319763044 4.397313599800975 4.245736319763044 4.013279506756297 4.124123872267262 4.04095991813958 4.697010359996532 4.5704248550692625 4.77564075582857 4.541291684561032
1.540000 2.5906201187502864 2.5234842737170373 3.1913838645082113 3.0600322532138695 3.1748251019000335 2.939304120852559 2.939304120852559 3.141827112759656 3.0437937726389976 3.1172619647621516 3.1913838645082113 2.9953203443393015 3.092629880406265 2.95527993109547 3.4531725219753477 3.3507481470859304 3.4616876158961567 3.308405008172237 3.5744279146298683 3.393172123155076 3.3847337923487957 3.583075966486862 3.359147890730457 3.5134806146228708 3.5395914360977594 3.258015913974275 3.5308219592547823 3.4017851508814365 3.3507481470859304 3.5222306692969467 3.4703791711716385 3.367721434473514 3.316919059168708 3.393172123155076 3.393172123155076 3.41887543958404 3.3847337923487957 3.5656197122137576 3.367721434473514 3.2079823900123703 3.5656197122137576 3.2163765290620767 3.583075966486862 3.4017851508814365 3.3338139991916433 3.609417136670968 3.706333425945615 3.7330730527728044 3.662185980192619 3.6356733016454257 3.7240926157308536 3.9218993832188556 3.8314321765100012 3.6005703687441484 3.8675087672497956 3.994931013794065 3.6269688296878213 3.706333425945615 3.8766393410359554 3.6269688296878213 3.7508886629289946 3.7775948223096445 3.6975542749607624 3.9858598763479023 3.706333425945615 3.994931013794065 3.9037325359196138 3.786631899160151 3.715294895303003 3.7597233992346464 3.6181028403300237 3.9218993832188556 3.8225239117406637 3.6005703687441484 3.813449298647461 3.6445584711110413 3.679851275526602 3.9218993832188556 3.6532816723590718 4.142722567221125 4.114928663178128 4.068540840102059 4.17077822183587 4.245736319763044 4.397313599800975 4.236244017697849 4.292775448258381 4.208187333724751 4.161356600048034 4.2834243201376205 4.004190501010748 4.330635659446139 4.04095991813958 4.161356600048034 4.050084518251851 4.09638298767736 4.464219566817621 4.589824969666061 4.435548777559674 4.4258837292217255
1.550000 2.598209301621978 2.7275581271899076 3.0437937726389976 2.883634459153842 2.9792433916584864 3.1253880083974157 3.1913838645082113 3.051985486538066 3.1666399026804894 3.0195886289076617 3.1172619647621516 2.9312558679539493 3.1748251019000335 3.084543418727391 3.41887543958404 3.5744279146298683 3.4360045872801006 3.4017851508814365 3.4703791711716385 3.487624461659719 3.5482016839953343 3.427352221294627 3.41887543958404 3.591903471894591 3.4703791711716385 3.4360045872801006 3.4017851508814365 3.32528008209297 3.3338139991916433 3.2330348235664155 3.591903471894591 3.5569905434876103 3.359147890730457 3.266470160233948 3.583075966486862 3.2330348235664155 3.4445005425392914 3.3847337923487957 3.4961777259428795 3.583075966486862 3.2497327220614505 3.5308219592547823 3.4360045872801006 3.2915692445190046 3.2915692445190046 3.6445584711110413 3.6005703687441484 3.994931013794065 3.9675654368237803 3.7955034845365736 3.6445584711110413 3.768741640443454 3.6886118167516244 3.858563995863041 3.662185980192619 3.6181028403300237 3.8947514340034837 3.6975542749607624 3.7330730527728044 3.858563995863041 3.9401027488501636 3.7775948223096445 3.609417136670968 3.8766393410359554 3.9401027488501636 3.6709278713963025 3.679851275526602 3.6005703687441484 3.8314321765100012 3.9401027488501636 3.7418893017975585 3.8947514340034837 3.9037325359196138 3.9401027488501636 3.7508886629289946 3.6886118167516244 3.6005703687441484 3.7240926157308536 3.8766393410359554 4.152126383386034 4.114928663178128 4.133509829299363 4.031664040933904 4.378246740791886 4.142722567221125 4.208187333724751 4.2834243201376205 4.226944395924057 4.1800258668376475 4.04095991813958 4.161356600048034 4.302320178347698 4.133509829299363 4.152126383386034 4.142722567221125 4.050084518251851 4.7658803301983514 4.464219566817621 4.5510575218429565 4.4067662805426995
1.560000 2.758444374347024 2.643544776344315 2.95527993109547 3.100882644135794 3.141827112759656 2.9953203443393015 3.141827112759656 3.068244346893695 3.1748251019000335 2.8207111595260184 3.0600322532138695 3.1172619647621516 3.092629880406265 2.9873532967155483 3.2330348235664155 3.3507481470859304 3.3507481470859304 3.4445005425392914 3.478913368272576 3.5569905434876103 3.258015913974275 3.591903471894591 3.4703791711716385 3.5656197122137576 3.5049083193135044 3.4531725219753477 3.4445005425392914 3.2832470730245484 3.5222306692969467 3.5744279146298683 3.4616876158961567 3.258015913974275 3.4445005425392914 3.4616876158961567 3.2163765290620767 3.4531725219753477 3.4961777259428795 3.5744279146298683 3.583075966486862 3.3338139991916433 3.316919059168708 3.5308219592547823 3.5569905434876103 3.4531725219753477 3.224620615797176 3.786631899160151 3.813449298647461 3.9583425389599913 3.849452029292252 3.813449298647461 3.9401027488501636 3.7240926157308536 3.7955034845365736 3.786631899160151 3.6181028403300237 3.6005703687441484 3.6269688296878213 3.7330730527728044 3.6269688296878213 3.6975542749607624 3.976618659079132 3.609417136670968 3.912900182995015 3.813449298647461 3.949307278152234 3.885602299887906 3.706333425945615 3.786631899160151 3.9218993832188556 3.6886118167516244 3.6709278713963025 3.9675654368237803 3.706333425945615 3.6181028403300237 3.7240926157308536 3.8947514340034837 3.7597233992346464 3.9037325359196138 3.6975542749607624 4.09638298767736 4.050084518251851 4.031664040933904 4.245736319763044 4.09638298767736 4.077872904589594 4.1800258668376475 4.050084518251851 4.2550531631440744 4.34961720950167 4.236244017697849 4.368632905651625 4.105560618158931 4.161356600048034 4.022557214122902 4.068540840102059 4.189465240303201 4.521973899542435 4.521973899542435 4.638372653851022 4.5994423537970714
1.570000 2.6587397644483315 2.7894955100188352 2.89946749583966 2.9792433916584864 3.199757902151695 2.95527993109547 3.1336813213896 3.199757902151695 3.0195886289076617 3.0195886289076617 3.003450744285498 3.051985486538066 3.051985486538066 2.828614621459107 3.2412984784516516 3.2330348235664155 3.3507481470859304 3.3847337923487957 3.2412984784516516 3.3507481470859304 3.4445005425392914 3.300063394777207 3.308405008172237 3.2915692445190046 3.3507481470859304 3.5482016839953343 3.316919059168708 3.393172123155076 3.5569905434876103 3.5744279146298683 3.5134806146228708 3.591903471894591 3.5744279146298683 3.5656197122137576 3.478913368272576 3.4616876158961567 3.427352221294627 3.3421943989254994 3.5308219592547823 3.4703791711716385 3.2163765290620767 3.2330348235664155 3.308405008172237 3.478913368272576 3.367721434473514 3.7955034845365736 3.9583425389599913 3.885602299887906 3.7418893017975585 3.858563995863041 3.7508886629289946 3.9401027488501636 3.7240926157308536 3.715294895303003 3.849452029292252 3.949307278152234 3.6532816723590718 3.6975542749607624 3.7240926157308536 3.786631899160151 3.6886118167516244 3.715294895303003 3.7597233992346464 3.813449298647461 3.7240926157308536 3.6356733016454257 3.8675087672497956 3.7330730527728044 3.994931013794065 3.6975542749607624 3.9310854954678334 3.679851275526602 3.6532816723590718 3.6445584711110413 3.609417136670968 3.768741640443454 3.9675654368237803 3.7330730527728044 3.6269688296878213 4.1987302626375635 4.1987302626375635 4.124123872267262 4.114928663178128 4.217469681706391 4.321250461472404 4.34961720950167 4.068540840102059 4.1987302626375635 4.050084518251851 4.152126383386034 4.031664040933904 4.031664040933904 4.2834243201376205 4.004190501010748 4.236244017697849 4.013279506756297 4.4739184571649115 4.4258837292217255 4.4258837292217255 4.45471686346053
1.580000 2.750779898693886 2.5906201187502864 3.1913838645082113 3.1089889111804934 3.1583061641901065 3.1583061641901065 3.1336813213896 3.150140654150466 3.1172619647621516 2.883634459153842 3.084543418727391 3.199757902151695 3.076310974966537 3.0437937726389976 3.4616876158961567 3.2497327220614505 3.2330348235664155 3.3338139991916433 3.2330348235664155 3.5134806146228708 3.410242724324369 3.5569905434876103 3.4360045872801006 3.308405008172237 3.3847337923487957 3.2412984784516516 3.5744279146298683 3.2497327220614505 3.359147890730457 3.4360045872801006 3.487624461659719 3.4703791711716385 3.2163765290620767 3.4445005425392914 3.3338139991916433 3.583075966486862 3.300063394777207 3.3847337923487957 3.487624461659719 3.5744279146298683 3.427352221294627 3.266470160233948 3.5395914360977594 3.2412984784516516 3.591903471894591 3.9401027488501636 3.7955034845365736 3.6975542749607624 3.9583425389599913 3.6709278713963025 3.8766393410359554 3.6181028403300237 3.804559352137678 3.7240926157308536 3.6445584711110413 3.7508886629289946 3.6445584711110413 3.849452029292252 3.8225239117406637 3.7955034845365736 3.6269688296878213 3.9310854954678334 3.7597233992346464 3.813449298647461 3.994931013794065 3.7240926157308536 3.858563995863041 3.6445584711110413 3.768741640443454 3.6356733016454257 3.885602299887906 3.7508886629289946 3.7240926157308536 3.813449298647461 3.9583425389599913 3.6269688296878213 3.6709278713963025 3.6181028403300237 3.8405254894299046 4.217469681706391 4.013279506756297 4.226944395924057 4.208187333724751 4.208187333724751 4.133509829299363 4.105560618158931 4.114928663178128 4.236244017697849 4.208187333724751 4.2550531631440744 4.34961720950167 4.087032906984074 4.1987302626375635 4.09638298767736 4.302320178347698 4.022557214122902 4.706907035824327 4.706907035824327 4.746190893645621 4.464219566817621
1.590000 2.6132795030938096 2.773949354294852 3.068244346893695 3.1666399026804894 2.9074745108151703 3.1583061641901065 3.0114377622100448 3.1748251019000335 3.0357668950244268 3.092629880406265 2.9953203443393015 3.150140654150466 3.084543418727391 3.141827112759656 3.410242724324369 3.258015913974275 3.3338139991916433 3.3761404886397117 3.478913368272576 3.410242724324369 3.367721434473514 3.487624461659719 3.4703791711716385 3.427352221294627 3.274772857790347 3.3338139991916433 3.3761404886397117 3.2832470730245484 3.393172123155076 3.591903471894591 3.583075966486862 3.2497327220614505 3.5744279146298683 3.5482016839953343 3.5656197122137576 3.4360045872801006 3.410242724324369 3.3338139991916433 3.4616876158961567 3.478913368272576 3.4703791711716385 3.5308219592547823 3.583075966486862 3.3761404886397117 3.5134806146228708 3.7955034845365736 3.813449298647461 3.6975542749607624 3.715294895303003 3.8314321765100012 3.706333425945615 3.7330730527728044 3.976618659079132 3.949307278152234 3.813449298647461 3.9675654368237803 3.9218993832188556 3.7508886629289946 3.6005703687441484 3.6005703687441484 3.912900182995015 3.9218993832188556 3.6709278713963025 3.7330730527728044 3.8314321765100012 3.813449298647461 3.7597233992346464 3.858563995863041 3.6975542749607624 3.9218993832188556 3.804559352137678 3.7775948223096445 3.8675087672497956 3.7955034845365736 3.6269688296878213 3.885602299887906 3.679851275526602 3.7597233992346464 3.7508886629289946 4.321250461472404 4.2550531631440744 4.114928663178128 4.35921385541505 4.35921385541505 4.087032906984074 4.013279506756297 4.013279506756297 4.236244017697849 4.022557214122902 4.292775448258381 4.068540840102059 4.152126383386034 4.050084518251851 4.189465240303201 4.161356600048034 4.226944395924057 4.483437720084692 4.416414317370283 4.697010359996532 4.648220753516788
1.600000 2.7662645407768167 2.7973573730146533 2.9153413159340302 2.8520909398927943 2.9873532967155483 3.100882644135794 3.100882644135794 3.0600322532138695 2.9792433916584864 3.141827112759656 3.150140654150466 3.084543418727391 2.947211099811094 3.1583061641901065 3.224620615797176 3.3761404886397117 3.4961777259428795 3.5395914360977594 3.41887543958404 3.393172123155076 3.3761404886397117 3.478913368272576 3.5482016839953343 3.5395914360977594 3.5569905434876103 3.4961777259428795 3.410242724324369 3.266470160233948 3.5222306692969467 3.5134806146228708 3.3338139991916433 3.4531725219753477 3.410242724324369 3.266470160233948 3.2832470730245484 3.4017851508814365 3.32528008209297 3.2832470730245484 3.5656197122137576 3.2832470730245484 3.5308219592547823 3.410242724324369 3.3761404886397117 3.487624461659719 3.410242724324369 3.6269688296878213 3.7330730527728044 3.7775948223096445 3.804559352137678 3.6005703687441484 3.6532816723590718 3.858563995863041 3.885602299887906 3.6005703687441484 3.912900182995015 3.6181028403300237 3.6356733016454257 3.6181028403300237 3.994931013794065 3.768741640443454 3.706333425945615 3.7508886629289946 3.804559352137678 3.609417136670968 3.976618659079132 3.8225239117406637 3.768741640443454 3.912900182995015 3.715294895303003 3.662185980192619 3.7775948223096445 3.715294895303003 3.6005703687441484 3.6975542749607624 3.7597233992346464 3.9218993832188556 3.8766393410359554 3.6886118167516244 3.7240926157308536 4.059398514738147 4.264562997420372 4.1800258668376475 4.264562997420372 4.09638298767736 4.022557214122902 4.105560618158931 4.068540840102059 4.152126383386034 4.311688368423777 4.245736319763044 4.1987302626375635 4.050084518251851 4.114928663178128 4.059398514738147 4.311688368423777 4.124123872267262 4.416414317370283 4.736262166944972 4.512421692304587 4.795377261468363
1.610000 2.758444374347024 2.6587397644483315 2.9312558679539493 3.076310974966537 3.003450744285498 3.1089889111804934 2.883634459153842 2.9074745108151703 2.8207111595260184 3.0437937726389976 2.9873532967155483 2.9792433916584864 3.141827112759656 3.0357668950244268 3.300063394777207 3.2163765290620767 3.478913368272576 3.4360045872801006 3.316919059168708 3.224620615797176 3.5656197122137576 3.4616876158961567 3.5656197122137576 3.5134806146228708 3.3507481470859304 3.487624461659719 3.3507481470859304 3.487624461659719 3.487624461659719 3.487624461659719 3.5222306692969467 3.359147890730457 3.4531725219753477 3.5308219592547823 3.2330348235664155 3.359147890730457 3.5134806146228708 3.3507481470859304 3.316919059168708 3.5395914360977594 3.4961777259428795 3.4360045872801006 3.583075966486862 3.3421943989254994 3.487624461659719 3.9401027488501636 3.849452029292252 3.9675654368237803 3.7240926157308536 3.662185980192619 3.7597233992346464 3.8675087672497956 3.8405254894299046 3.7508886629289946 3.6532816723590718 3.715294895303003 3.858563995863041 3.8405254894299046 3.849452029292252 3.912900182995015 3.6005703687441484 3.9310854954678334 3.6975542749607624 3.6445584711110413 3.7330730527728044 3.994931013794065 3.6269688296878213 3.6181028403300237 3.7775948223096445 3.679851275526602 3.9218993832188556 3.7418893017975585 3.7508886629289946 3.8314321765100012 3.6005703687441484 3.804559352137678 3.9037325359196138 3.8766393410359554 3.6356733016454257 4.013279506756297 4.245736319763044 4.226944395924057 4.059398514738147 4.059398514738147 4.302320178347698 4.17077822183587 4.17077822183587 4.1987302626375635 4.302320178347698 4.1987302626375635 4.311688368423777 4.264562997420372 4.077872904589594 4.050084518251851 4.09638298767736 4.161356600048034 4.4258837292217255 4.61889126864975 4.5510575218429565 4.4067662805426995
1.620000 2.689254230838056 2.758444374347024 3.1913838645082113 3.0195886289076617 3.1583061641901065 3.100882644135794 3.1666399026804894 3.141827112759656 3.1336813213896 3.0275955901797973 3.1583061641901065 3.1583061641901065 3.076310974966537 2.939304120852559 3.427352221294627 3.3847337923487957 3.4961777259428795 3.5744279146298683 3.3338139991916433 3.478913368272576 3.5656197122137576 3.427352221294627 3.5395914360977594 3.3847337923487957 3.5482016839953343 3.5308219592547823 3.5656197122137576 3.224620615797176 3.3507481470859304 3.5049083193135044 3.266470160233948 3.4616876158961567 3.5134806146228708 3.316919059168708 3.591903471894591 3.4616876158961567 3.4961777259428795 3.2497327220614505 3.367721434473514 3.5134806146228708 3.274772857790347 3.359147890730457 3.487624461659719 3.5744279146298683 3.5222306692969467 3.912900182995015 3.976618659079132 3.7330730527728044 3.9401027488501636 3.6975542749607624 3.6269688296878213 3.9310854954678334 3.8314321765100012 3.976618659079132 3.8766393410359554 3.7775948223096445 3.6886118167516244 3.6975542749607624 3.7597233992346464 3.976618659079132 3.9218993832188556 3.768741640443454 3.786631899160151 3.8314321765100012 3.7597233992346464 3.7775948223096445 3.8675087672497956 3.994931013794065 3.7597233992346464 3.8405254894299046 3.994931013794065 3.7597233992346464 3.9583425389599913 3.768741640443454 3.768741640443454 3.7508886629289946 3.6445584711110413 3.6975542749607624 3.885602299887906 4.330635659446139 4.368632905651625 4.387682634199195 4.208187333724751 4.142722567221125 4.321250461472404 4.09638298767736 4.311688368423777 4.34021505789757 4.321250461472404 4.311688368423777 4.04095991813958 4.105560618158931 4.087032906984074 4.292775448258381 4.2834243201376205 4.1800258668376475 4.716620349901103 4.589824969666061 4.493153440002571 4.541291684561032
1.630000 2.553248929158992 2.773949354294852 3.1089889111804934 3.1089889111804934 3.183179005903807 3.0600322532138695 3.1748251019000335 2.9792433916584864 3.0275955901797973 3.1748251019000335 3.100882644135794 3.0275955901797973 2.9792433916584864 3.1913838645082113 3.2832470730245484 3.41887543958404 3.5395914360977594 3.5482016839953343 3.5744279146298683 3.3507481470859304 3.5049083193135044 3.4017851508814365 3.2163765290620767 3.5222306692969467 3.2079823900123703 3.2915692445190046 3.3847337923487957 3.4961777259428795 3.367721434473514 3.3847337923487957 3.2832470730245484 3.4360045872801006 3.2330348235664155 3.4445005425392914 3.2832470730245484 3.5308219592547823 3.2163765290620767 3.2832470730245484 3.591903471894591 3.487624461659719 3.4360045872801006 3.41887543958404 3.427352221294627 3.3421943989254994 3.308405008172237 3.768741640443454 3.804559352137678 3.786631899160151 3.8947514340034837 3.768741640443454 3.6445584711110413 3.804559352137678 3.6005703687441484 3.849452029292252 3.858563995863041 3.7955034845365736 3.8314321765100012 3.8766393410359554 3.9675654368237803 3.9218993832188556 3.885602299887906 3.7597233992346464 3.706333425945615 3.8314321765100012 3.786631899160151 3.8405254894299046 3.8225239117406637 3.8225239117406637 3.786631899160151 3.6975542749607624 3.976618659079132 3.9310854954678334 3.768741640443454 3.706333425945615 3.9310854954678334 3.6532816723590718 3.849452029292252 3.804559352137678 3.8947514340034837 4.217469681706391 4.152126383386034 4.013279506756297 4.208187333724751 4.004190501010748 4.245736319763044 4.059398514738147 4.397313599800975 4.004190501010748 4.013279506756297 4.217469681706391 4.050084518251851 4.077872904589594 4.068540840102059 4.04095991813958 4.236244017697849 4.124123872267262 4.4739184571649115 4.706907035824327 4.4067662805426995 4.628723044707949
1.640000 2.773949354294852 2.704573622330376 3.0600322532138695 3.0275955901797973 3.1172619647621516 2.9792433916584864 3.1253880083974157 3.1913838645082113 2.939304120852559 3.0600322532138695 2.89946749583966 3.183179005903807 2.9873532967155483 3.068244346893695 3.2163765290620767 3.4360045872801006 3.5482016839953343 3.5569905434876103 3.5134806146228708 3.5482016839953343 3.4616876158961567 3.41887543958404 3.410242724324369 3.4961777259428795 3.258015913974275 3.308405008172237 3.3421943989254994 3.5049083193135044 3.3761404886397117 3.2412984784516516 3.367721434473514 3.4445005425392914 3.308405008172237 3.4017851508814365 3.359147890730457 3.591903471894591 3.591903471894591 3.4531725219753477 3.274772857790347 3.3421943989254994 3.5744279146298683 3.4961777259428795 3.5222306692969467 3.5569905434876103 3.393172123155076 3.6005703687441484 3.7597233992346464 3.8405254894299046 3.662185980192619 3.679851275526602 3.9310854954678334 3.768741640443454 3.804559352137678 3.768741640443454 3.9401027488501636 3.6445584711110413 3.813449298647461 3.7240926157308536 3.6269688296878213 3.715294895303003 3.9675654368237803 3.6005703687441484 3.6269688296878213 3.715294895303003 3.6445584711110413 3.6005703687441484 3.609417136670968 3.6356733016454257 3.8947514340034837 3.976618659079132 3.609417136670968 3.9858598763479023 3.715294895303003 3.9218993832188556 3.7330730527728044 3.8766393410359554 3.813449298647461 3.7330730527728044 3.6532816723590718 4.031664040933904 4.124123872267262 4.34021505789757 4.161356600048034 4.226944395924057 4.236244017697849 4.34961720950167 4.022557214122902 4.004190501010748 4.1987302626375635 4.105560618158931 4.1800258668376475 4.105560618158931 4.27389700972598 4.2550531631440744 4.189465240303201 4.087032906984074 4.736262166944972 4.445034863749972 4.61889126864975 4.4739184571649115
1.650000 2.5681939743236386 2.7973573730146533 2.883634459153842 3.084543418727391 3.0275955901797973 3.183179005903807 3.0437937726389976 3.1913838645082113 3.0437937726389976 3.1089889111804934 2.9792433916584864 2.963206958809479 3.100882644135794 3.092629880406265 3.5482016839953343 3.300063394777207 3.5395914360977594 3.3507481470859304 3.5656197122137576 3.300063394777207 3.583075966486862 3.3847337923487957 3.3338139991916433 3.2915692445190046 3.591903471894591 3.4961777259428795 3.5308219592547823 3.3338139991916433 3.5656197122137576 3.5395914360977594 3.5569905434876103 3.5049083193135044 3.5569905434876103 3.4616876158961567 3.591903471894591 3.5049083193135044 3.4531725219753477 3.5744279146298683 3.5134806146228708 3.41887543958404 3.5395914360977594 3.4360045872801006 3.274772857790347 3.4445005425392914 3.2832470730245484 3.912900182995015 3.912900182995015 3.912900182995015 3.8225239117406637 3.6532816723590718 3.786631899160151 3.885602299887906 3.609417136670968 3.813449298647461 3.6356733016454257 3.7508886629289946 3.7775948223096445 3.8225239117406637 3.7955034845365736 3.6445584711110413 3.9037325359196138 3.9675654368237803 3.9675654368237803 3.609417136670968 3.6975542749607624 3.6532816723590718 3.912900182995015 3.786631899160151 3.706333425945615 3.6886118167516244 3.7508886629289946 3.7955034845365736 3.7597233992346464 3.949307278152234 3.849452029292252 3.849452029292252 3.9310854954678334 3.858563995863041 3.7597233992346464 4.133509829299363 4.397313599800975 4.302320178347698 4.022557214122902 4.114928663178128 4.397313599800975 4.378246740791886 4.161356600048034 4.1987302626375635 4.050084518251851 4.031664040933904 4.245736319763044 4.302320178347698 4.378246740791886 4.34021505789757 4.013279506756297 4.087032906984074 4.580026035009029 4.4067662805426995 4.464219566817621 4.4067662805426995
1.660000 2.7973573730146533 2.742980616656126 2.9712963409361106 3.051985486538066 2.9712963409361106 2.8050827943071095 3.0195886289076617 3.0195886289076617 2.9873532967155483 3.068244346893695 3.0357668950244268 2.9712963409361106 3.183179005903807 3.003450744285498 3.316919059168708 3.487624461659719 3.5395914360977594 3.266470160233948 3.487624461659719 3.3847337923487957 3.5569905434876103 3.4445005425392914 3.367721434473514 3.4961777259428795 3.4531725219753477 3.4360045872801006 3.3421943989254994 3.4360045872801006 3.266470160233948 3.367721434473514 3.2497327220614505 3.393172123155076 3.4703791711716385 3.316919059168708 3.308405008172237 3.274772857790347 3.583075966486862 3.410242724324369 3.591903471894591 3.274772857790347 3.5569905434876103 3.316919059168708 3.5395914360977594 3.4445005425392914 3.5222306692969467 3.885602299887906 3.949307278152234 3.6005703687441484 3.7775948223096445 3.706333425945615 3.9583425389599913 3.9218993832188556 3.6356733016454257 3.7418893017975585 3.8947514340034837 3.7330730527728044 3.7240926157308536 3.7418893017975585 3.768741640443454 3.8405254894299046 3.813449298647461 3.8314321765100012 3.6532816723590718 3.7955034845365736 3.804559352137678 3.7955034845365736 3.994931013794065 3.804559352137678 3.8314321765100012 3.9037325359196138 3.679851275526602 3.8675087672497956 3.8675087672497956 3.9583425389599913 3.786631899160151 3.6886118167516244 3.885602299887906 3.768741640443454 3.768741640443454 4.35921385541505 4.087032906984074 4.161356600048034 4.378246740791886 4.189465240303201 4.321250461472404 4.114928663178128 4.09638298767736 4.124123872267262 4.321250461472404 4.236244017697849 4.04095991813958 4.34961720950167 4.245736319763044 4.050084518251851 4.013279506756297 4.161356600048034 4.445034863749972 4.416414317370283 4.560642437348045 4.726533084856339
1.670000 2.4061036973939647 2.681538720054648 2.9312558679539493 3.1913838645082113 3.1089889111804934 2.89946749583966 3.1666399026804894 3.1748251019000335 2.883634459153842 2.95527993109547 3.068244346893695 3.003450744285498 2.8520909398927943 3.100882644135794 3.5222306692969467 3.5395914360977594 3.359147890730457 3.2163765290620767 3.300063394777207 3.258015913974275 3.5395914360977594 3.258015913974275 3.4360045872801006 3.478913368272576 3.5308219592547823 3.4961777259428795 3.266470160233948 3.591903471894591 3.4616876158961567 3.4017851508814365 3.3338139991916433 3.5569905434876103 3.583075966486862 3.32528008209297 3.308405008172237 3.3847337923487957 3.4017851508814365 3.2079823900123703 3.3761404886397117 3.4531725219753477 3.591903471894591 3.32528008209297 3.4531725219753477 3.367721434473514 3.410242724324369 3.679851275526602 3.9858598763479023 3.6532816723590718 3.8766393410359554 3.976618659079132 3.8405254894299046 3.662185980192619 3.706333425945615 3.7955034845365736 3.9675654368237803 3.804559352137678 3.6269688296878213 3.9401027488501636 3.9401027488501636 3.706333425945615 3.9583425389599913 3.849452029292252 3.786631899160151 3.679851275526602 3.6445584711110413 3.8225239117406637 3.8314321765100012 3.679851275526602 3.609417136670968 3.885602299887906 3.9218993832188556 3.8947514340034837 3.6181028403300237 3.6005703687441484 3.8675087672497956 3.706333425945615 3.8675087672497956 3.6975542749607624 3.9218993832188556 4.302320178347698 4.236244017697849 4.013279506756297 4.152126383386034 4.105560618158931 4.27389700972598 4.059398514738147 4.292775448258381 4.1800258668376475 4.09638298767736 4.35921385541505 4.226944395924057 4.004190501010748 4.321250461472404 4.189465240303201 4.124123872267262 4.124123872267262 4.531723093439896 4.4067662805426995 4.677432327650685 4.483437720084692
1.680000 2.7817903811287406 2.5831807784910445 3.1748251019000335 3.051985486538066 2.867842256978591 3.150140654150466 3.0600322532138695 3.0357668950244268 2.8207111595260184 3.100882644135794 3.199757902151695 3.0275955901797973 3.1666399026804894 3.1336813213896 3.427352221294627 3.32528008209297 3.4961777259428795 3.487624461659719 3.5482016839953343 3.583075966486862 3.4531725219753477 3.359147890730457 3.5656197122137576 3.2832470730245484 3.5049083193135044 3.3338139991916433 3.3847337923487957 3.258015913974275 3.478913368272576 3.478913368272576 3.2163765290620767 3.4961777259428795 3.308405008172237 3.591903471894591 3.2832470730245484 3.5482016839953343 3.5134806146228708 3.410242724324369 3.5395914360977594 3.5222306692969467 3.367721434473514 3.5049083193135044 3.4531725219753477 3.5134806146228708 3.3761404886397117 3.9401027488501636 3.804559352137678 3.7597233992346464 3.9675654368237803 3.679851275526602 3.7418893017975585 3.912900182995015 3.7240926157308536 3.949307278152234 3.7330730527728044 3.609417136670968 3.6356733016454257 3.7955034845365736 3.6445584711110413 3.6356733016454257 3.994931013794065 3.9858598763479023 3.6532816723590718 3.6181028403300237 3.6181028403300237 3.9583425389599913 3.9218993832188556 3.6269688296878213 3.804559352137678 3.8405254894299046 3.9858598763479023 3.9037325359196138 3.7775948223096445 3.6975542749607624 3.6269688296878213 3.768741640443454 3.9858598763479023 3.7597233992346464 3.662185980192619 4.292775448258381 4.217469681706391 4.1987302626375635 4.04095991813958 4.013279506756297 4.1800258668376475 4.397313599800975 4.330635659446139 4.34961720950167 4.087032906984074 4.321250461472404 4.022557214122902 4.17077822183587 4.189465240303201 4.226944395924057 4.2834243201376205 4.226944395924057 4.464219566817621 4.628723044707949 4.5510575218429565 4.502689204348403
1.690000 2.7817903811287406 2.742980616656126 3.0600322532138695 3.100882644135794 2.9792433916584864 3.1913838645082113 3.100882644135794 3.183179005903807 3.0114377622100448 3.1583061641901065 3.1253880083974157 3.0600322532138695 3.0357668950244268 3.1666399026804894 3.258015913974275 3.5395914360977594 3.3761404886397117 3.5569905434876103 3.5482016839953343 3.5308219592547823 3.3507481470859304 3.4616876158961567 3.4531725219753477 3.2079823900123703 3.5222306692969467 3.4445005425392914 3.5395914360977594 3.266470160233948 3.5049083193135044 3.316919059168708 3.5395914360977594 3.4531725219753477 3.4531725219753477 3.4360045872801006 3.5569905434876103 3.583075966486862 3.4531725219753477 3.5569905434876103 3.224620615797176 3.359147890730457 3.5134806146228708 3.5395914360977594 3.3421943989254994 3.5569905434876103 3.32528008209297 3.813449298647461 3.9675654368237803 3.9218993832188556 3.6445584711110413 3.715294895303003 3.715294895303003 3.8405254894299046 3.8314321765100012 3.7330730527728044 3.679851275526602 3.609417136670968 3.8766393410359554 3.662185980192619 3.804559352137678 3.6356733016454257 3.6975542749607624 3.6269688296878213 3.6445584711110413 3.885602299887906 3.6181028403300237 3.7240926157308536 3.8675087672497956 3.7597233992346464 3.6975542749607624 3.6975542749607624 3.6269688296878213 3.8675087672497956 3.8675087672497956 3.6532816723590718 3.609417136670968 3.9675654368237803 3.768741640443454 3.7597233992346464 3.6532816723590718 4.124123872267262 4.2834243201376205 4.161356600048034 4.133509829299363 4.09638298767736 4.264562997420372 4.17077822183587 4.133509829299363 4.152126383386034 4.09638298767736 4.330635659446139 4.34021505789757 4.161356600048034 4.321250461472404 4.013279506756297 4.068540840102059 4.133509829299363 4.4067662805426995 4.4067662805426995 4.657886382739784 4.4258837292217255
1.700000 2.719934394004002 2.435196543113809 3.092629880406265 2.95527993109547 3.084543418727391 2.9074745108151703 2.89946749583966 3.003450744285498 3.1089889111804934 3.183179005903807 3.199757902151695 3.199757902151695 3.1583061641901065 2.95527993109547 3.3338139991916433 3.478913368272576 3.393172123155076 3.41887543958404 3.2079823900123703 3.5482016839953343 3.367721434473514 3.2832470730245484 3.5482016839953343 3.224620615797176 3.308405008172237 3.2163765290620767 3.3761404886397117 3.308405008172237 3.4360045872801006 3.5569905434876103 3.427352221294627 3.410242724324369 3.478913368272576 3.367721434473514 3.308405008172237 3.5482016839953343 3.5049083193135044 3.308405008172237 3.3338139991916433 3.32528008209297 3.5395914360977594 3.316919059168708 3.2497327220614505 3.359147890730457 3.591903471894591 3.912900182995015 3.7597233992346464 3.6975542749607624 3.7330730527728044 3.976618659079132 3.849452029292252 3.662185980192619 3.912900182995015 3.6532816723590718 3.976618659079132 3.885602299887906 3.9401027488501636 3.9675654368237803 3.885602299887906 3.6709278713963025 3.715294895303003 3.662185980192619 3.6269688296878213 3.6356733016454257 3.6005703687441484 3.6269688296878213 3.9675654368237803 3.6269688296878213 3.6886118167516244 3.885602299887906 3.7775948223096445 3.8675087672497956 3.6975542749607624 3.768741640443454 3.858563995863041 3.7508886629289946 3.7955034845365736 3.976618659079132 3.8225239117406637 4.208187333724751 4.068540840102059 4.087032906984074 4.321250461472404 4.236244017697849 4.1800258668376475 4.077872904589594 4.302320178347698 4.013279506756297 4.217469681706391 4.2550531631440744 4.105560618158931 4.236244017697849 4.34021505789757 4.264562997420372 4.013279506756297 4.236244017697849 4.464219566817621 4.657886382739784 4.4258837292217255 4.435548777559674
1.710000 2.553248929158992 2.7662645407768167 3.0600322532138695 3.1172619647621516 3.1666399026804894 2.8520909398927943 2.8600359004679246 2.947211099811094 2.9953203443393015 3.150140654150466 3.1913838645082113 3.0357668950244268 2.95527993109547 3.0437937726389976 3.4616876158961567 3.308405008172237 3.5656197122137576 3.367721434473514 3.3847337923487957 3.4961777259428795 3.5744279146298683 3.583075966486862 3.32528008209297 3.4616876158961567 3.2079823900123703 3.2915692445190046 3.5308219592547823 3.427352221294627 3.5134806146228708 3.3421943989254994 3.258015913974275 3.4961777259428795 3.5569905434876103 3.583075966486862 3.5049083193135044 3.5656197122137576 3.4531725219753477 3.3847337923487957 3.4616876158961567 3.2497327220614505 3.591903471894591 3.2915692445190046 3.4616876158961567 3.300063394777207 3.5395914360977594 3.885602299887906 3.9218993832188556 3.715294895303003 3.786631899160151 3.7240926157308536 3.9858598763479023 3.609417136670968 3.7597233992346464 3.6886118167516244 3.715294895303003 3.609417136670968 3.662185980192619 3.912900182995015 3.849452029292252 3.786631899160151 3.8675087672497956 3.6886118167516244 3.8405254894299046 3.768741640443454 3.7955034845365736 3.8675087672497956 3.813449298647461 3.768741640443454 3.6356733016454257 3.715294895303003 3.976618659079132 3.6532816723590718 3.9218993832188556 3.8405254894299046 3.8675087672497956 3.6532816723590718 3.6005703687441484 3.9037325359196138 3.6709278713963025 4.059398514738147 4.04095991813958 4.302320178347698 4.152126383386034 4.031664040933904 4.022557214122902 4.330635659446139 4.133509829299363 4.2550531631440744 4.050084518251851 4.09638298767736 4.105560618158931 4.031664040933904 4.004190501010748 4.087032906984074 4.004190501010748 4.161356600048034 4.77564075582857 4.746190893645621 4.560642437348045 4.5994423537970714
1.720000 2.6358923316510894 2.7353365011881885 3.150140654150466 3.0437937726389976 2.9792433916584864 3.0437937726389976 3.0275955901797973 3.1253880083974157 2.947211099811094 3.1913838645082113 3.0600322532138695 2.939304120852559 3.1336813213896 2.9153413159340302 3.4445005425392914 3.41887543958404 3.5569905434876103 3.5308219592547823 3.5134806146228708 3.487624461659719 3.5744279146298683 3.5222306692969467 3.4616876158961567 3.4616876158961567 3.3507481470859304 3.5395914360977594 3.3847337923487957 3.487624461659719 3.3421943989254994 3.5569905434876103 3.2163765290620767 3.359147890730457 3.308405008172237 3.4360045872801006 3.5482016839953343 3.4017851508814365 3.3847337923487957 3.4445005425392914 3.5569905434876103 3.3421943989254994 3.4445005425392914 3.393172123155076 3.300063394777207 3.4017851508814365 3.2497327220614505 3.849452029292252 3.885602299887906 3.6886118167516244 3.6181028403300237 3.7775948223096445 3.9218993832188556 3.9401027488501636 3.9218993832188556 3.994931013794065 3.6445584711110413 3.9675654368237803 3.706333425945615 3.786631899160151 3.849452029292252 3.7240926157308536 3.885602299887906 3.858563995863041 3.6975542749607624 3.715294895303003 3.768741640443454 3.7418893017975585 3.9310854954678334 3.9675654368237803 3.849452029292252 3.9310854954678334 3.7955034845365736 3.6709278713963025 3.715294895303003 3.706333425945615 3.9037325359196138 3.8405254894299046 3.858563995863041 3.8225239117406637 3.786631899160151 4.330635659446139 4.059398514738147 4.124123872267262 4.1987302626375635 4.031664040933904 4.133509829299363 4.142722567221125 4.031664040933904 4.077872904589594 4.330635659446139 4.245736319763044 4.004190501010748 4.133509829299363 4.1800258668376475 4.031664040933904 4.004190501010748 4.077872904589594 4.45471686346053 4.5510575218429565 4.4067662805426995 4.5704248550692625
1.730000 2.598209301621978 2.719934394004002 2.883634459153842 3.1089889111804934 3.092629880406265 3.1253880083974157 2.875807928460546 2.9712963409361106 3.0357668950244268 2.9153413159340302 3.1913838645082113 3.092629880406265 2.8916208154516734 3.1748251019000335 3.308405008172237 3.2832470730245484 3.3847337923487957 3.487624461659719 3.4445005425392914 3.5744279146298683 3.4616876158961567 3.591903471894591 3.4360045872801006 3.367721434473514 3.583075966486862 3.266470160233948 3.5656197122137576 3.4703791711716385 3.2412984784516516 3.3338139991916433 3.4616876158961567 3.4961777259428795 3.5308219592547823 3.478913368272576 3.5569905434876103 3.4445005425392914 3.410242724324369 3.5134806146228708 3.393172123155076 3.316919059168708 3.3847337923487957 3.3338139991916433 3.3507481470859304 3.266470160233948 3.2079823900123703 3.9310854954678334 3.949307278152234 3.6532816723590718 3.6005703687441484 3.6975542749607624 3.804559352137678 3.9675654368237803 3.6269688296878213 3.786631899160151 3.679851275526602 3.804559352137678 3.7955034845365736 3.9858598763479023 3.9037325359196138 3.8405254894299046 3.6975542749607624 3.7508886629289946 3.8314321765100012 3.849452029292252 3.849452029292252 3.7775948223096445 3.8947514340034837 3.9401027488501636 3.6445584711110413 3.6445584711110413 3.786631899160151 3.7240926157308536 3.768741640443454 3.9675654368237803 3.804559352137678 3.6005703687441484 3.6886118167516244 3.8314321765100012 3.6532816723590718 4.2550531631440744 4.133509829299363 4.013279506756297 4.04095991813958 4.1987302626375635 4.2550531631440744 4.217469681706391 4.124123872267262 4.208187333724751 4.189465240303201 4.1800258668376475 4.311688368423777 4.302320178347698 4.217469681706391 4.236244017697849 4.013279506756297 4.208187333724751 4.445034863749972 4.726533084856339 4.4258837292217255 4.580026035009029
1.740000 2.4570594880003367 2.758444374347024 2.8050827943071095 3.1666399026804894 3.199757902151695 2.9792433916584864 2.9712963409361106 2.9153413159340302 3.0600322532138695 3.003450744285498 3.076310974966537 3.1748251019000335 2.95527993109547 2.8207111595260184 3.4961777259428795 3.4616876158961567 3.3761404886397117 3.5049083193135044 3.5308219592547823 3.359147890730457 3.4017851508814365 3.478913368272576 3.5395914360977594 3.5222306692969467 3.4703791711716385 3.300063394777207 3.4445005425392914 3.4360045872801006 3.2497327220614505 3.410242724324369 3.5049083193135044 3.3847337923487957 3.41887543958404 3.266470160233948 3.2915692445190046 3.2412984784516516 3.2497327220614505 3.583075966486862 3.427352221294627 3.41887543958404 3.5744279146298683 3.5482016839953343 3.4017851508814365 3.3847337923487957 3.316919059168708 3.6445584711110413 3.715294895303003 3.858563995863041 3.8405254894299046 3.7597233992346464 3.6886118167516244 3.7597233992346464 3.976618659079132 3.912900182995015 3.6445584711110413 3.7597233992346464 3.6356733016454257 3.6356733016454257 3.9675654368237803 3.7508886629289946 3.8766393410359554 3.885602299887906 3.662185980192619 3.8947514340034837 3.976618659079132 3.7508886629289946 3.849452029292252 3.8225239117406637 3.786631899160151 3.6445584711110413 3.813449298647461 3.6269688296878213 3.994931013794065 3.6886118167516244 3.849452029292252 3.662185980192619 3.715294895303003 3.679851275526602 3.804559352137678 4.004190501010748 4.152126383386034 4.292775448258381 4.208187333724751 4.04095991813958 4.302320178347698 4.311688368423777 4.189465240303201 4.208187333724751 4.311688368423777 4.059398514738147 4.013279506756297 4.321250461472404 4.387682634199195 4.208187333724751 4.004190501010748 4.031664040933904 4.736262166944972 4.445034863749972 4.435548777559674 4.416414317370283
1.750000 2.773949354294852 2.5383456825436705 2.8207111595260184 3.0195886289076617 3.0275955901797973 3.150140654150466 3.199757902151695 3.199757902151695 3.0600322532138695 3.199757902151695 3.150140654150466 3.0357668950244268 3.0195886289076617 2.8363805576478125 3.274772857790347 3.266470160233948 3.300063394777207 3.32528008209297 3.487624461659719 3.4531725219753477 3.2330348235664155 3.4961777259428795 3.4017851508814365 3.5308219592547823 3.2330348235664155 3.5395914360977594 3.393172123155076 3.583075966486862 3.367721434473514 3.4360045872801006 3.5744279146298683 3.5482016839953343 3.4616876158961567 3.2412984784516516 3.4360045872801006 3.4531725219753477 3.487624461659719 3.5395914360977594 3.32528008209297 3.367721434473514 3.393172123155076 3.2412984784516516 3.5482016839953343 3.5744279146298683 3.4017851508814365 3.7240926157308536 3.7330730527728044 3.6445584711110413 3.813449298647461 3.6356733016454257 3.6975542749607624 3.679851275526602 3.6886118167516244 3.6356733016454257 3.9675654368237803 3.6709278713963025 3.662185980192619 3.994931013794065 3.8947514340034837 3.813449298647461 3.9310854954678334 3.813449298647461 3.715294895303003 3.6975542749607624 3.849452029292252 3.7330730527728044 3.976618659079132 3.6975542749607624 3.7418893017975585 3.7955034845365736 3.7418893017975585 3.804559352137678 3.8766393410359554 3.715294895303003 3.6356733016454257 3.6356733016454257 3.609417136670968 3.6532816723590718 3.609417136670968 4.114928663178128 4.368632905651625 4.059398514738147 4.013279506756297 4.124123872267262 4.050084518251851 4.077872904589594 4.1987302626375635 4.264562997420372 4.004190501010748 4.368632905651625 4.114928663178128 4.013279506756297 4.077872904589594 4.161356600048034 4.208187333724751 4.077872904589594 4.416414317370283 4.4258837292217255 4.493153440002571 4.493153440002571
1.760000 2.742980616656126 2.7662645407768167 3.003450744285498 3.051985486538066 3.183179005903807 3.0114377622100448 3.1748251019000335 3.141827112759656 3.1748251019000335 3.1913838645082113 3.051985486538066 3.1913838645082113 3.199757902151695 2.9312558679539493 3.224620615797176 3.3338139991916433 3.4531725219753477 3.583075966486862 3.3761404886397117 3.41887543958404 3.5308219592547823 3.5482016839953343 3.2832470730245484 3.5656197122137576 3.3761404886397117 3.316919059168708 3.2412984784516516 3.5222306692969467 3.583075966486862 3.5308219592547823 3.224620615797176 3.5395914360977594 3.5222306692969467 3.3507481470859304 3.478913368272576 3.3761404886397117 3.5656197122137576 3.3847337923487957 3.2412984784516516 3.3847337923487957 3.2832470730245484 3.4616876158961567 3.41887543958404 3.359147890730457 3.3507481470859304 3.885602299887906 3.885602299887906 3.6181028403300237 3.9037325359196138 3.7775948223096445 3.9310854954678334 3.804559352137678 3.994931013794065 3.679851275526602 3.7330730527728044 3.976618659079132 3.949307278152234 3.7418893017975585 3.949307278152234 3.8947514340034837 3.8225239117406637 3.679851275526602 3.8947514340034837 3.662185980192619 3.9858598763479023 3.7508886629289946 3.715294895303003 3.6356733016454257 3.786631899160151 3.9037325359196138 3.662185980192619 3.885602299887906 3.6356733016454257 3.6886118167516244 3.9218993832188556 3.9583425389599913 3.912900182995015 3.6709278713963025 3.7240926157308536 4.04095991813958 4.292775448258381 4.152126383386034 4.09638298767736 4.022557214122902 4.09638298767736 4.226944395924057 4.1800258668376475 4.124123872267262 4.114928663178128 4.105560618158931 4.059398514738147 4.133509829299363 4.09638298767736 4.077872904589594 4.04095991813958 4.004190501010748 4.755935679775094 4.483437720084692 4.716620349901103 4.531723093439896
1.770000 2.666281752772024 2.712176951408701 3.092629880406265 3.003450744285498 2.939304120852559 2.8050827943071095 3.003450744285498 3.1913838645082113 3.1089889111804934 3.141827112759656 2.9153413159340302 3.076310974966537 3.100882644135794 3.0275955901797973 3.4360045872801006 3.316919059168708 3.583075966486862 3.258015913974275 3.41887543958404 3.266470160233948 3.3338139991916433 3.274772857790347 3.5569905434876103 3.478913368272576 3.5222306692969467 3.32528008209297 3.32528008209297 3.5569905434876103 3.2497327220614505 3.4961777259428795 3.274772857790347 3.4360045872801006 3.5308219592547823 3.2079823900123703 3.4360045872801006 3.300063394777207 3.5395914360977594 3.410242724324369 3.591903471894591 3.5744279146298683 3.5744279146298683 3.583075966486862 3.427352221294627 3.5744279146298683 3.478913368272576 3.6532816723590718 3.7955034845365736 3.8405254894299046 3.813449298647461 3.6532816723590718 3.609417136670968 3.6975542749607624 3.6886118167516244 3.8225239117406637 3.7775948223096445 3.6269688296878213 3.8314321765100012 3.7597233992346464 3.8314321765100012 3.8947514340034837 3.6356733016454257 3.706333425945615 3.912900182995015 3.912900182995015 3.662185980192619 3.9675654368237803 3.6005703687441484 3.6356733016454257 3.8675087672497956 3.786631899160151 3.885602299887906 3.9037325359196138 3.679851275526602 3.679851275526602 3.8675087672497956 3.7330730527728044 3.609417136670968 3.768741640443454 3.6709278713963025 4.068540840102059 4.2550531631440744 4.2834243201376205 4.124123872267262 4.105560618158931 4.059398514738147 4.077872904589594 4.031664040933904 4.013279506756297 4.050084518251851 4.077872904589594 4.050084518251851 4.124123872267262 4.022557214122902 4.152126383386034 4.124123872267262 4.226944395924057 4.464219566817621 4.416414317370283 4.5510575218429565 4.667750740597353
1.780000 2.4061036973939647 2.681538720054648 3.1253880083974157 3.1089889111804934 3.1336813213896 3.1253880083974157 3.183179005903807 2.9792433916584864 3.092629880406265 3.068244346893695 3.092629880406265 3.150140654150466 3.0114377622100448 3.150140654150466 3.4703791711716385 3.2079823900123703 3.2915692445190046 3.41887543958404 3.3421943989254994 3.4360045872801006 3.367721434473514 3.2497327220614505 3.258015913974275 3.3507481470859304 3.5308219592547823 3.3761404886397117 3.32528008209297 3.308405008172237 3.4703791711716385 3.5569905434876103 3.41887543958404 3.5482016839953343 3.3761404886397117 3.478913368272576 3.478913368272576 3.5656197122137576 3.258015913974275 3.274772857790347 3.410242724324369 3.359147890730457 3.308405008172237 3.224620615797176 3.3507481470859304 3.5222306692969467 3.4360045872801006 3.6005703687441484 3.8947514340034837 3.9401027488501636 3.976618659079132 3.7330730527728044 3.885602299887906 3.662185980192619 3.9583425389599913 3.9037325359196138 3.849452029292252 3.6181028403300237 3.8225239117406637 3.949307278152234 3.768741640443454 3.7418893017975585 3.7597233992346464 3.7597233992346464 3.768741640443454 3.662185980192619 3.813449298647461 3.912900182995015 3.8766393410359554 3.7597233992346464 3.7597233992346464 3.994931013794065 3.609417136670968 3.7330730527728044 3.6886118167516244 3.7418893017975585 3.715294895303003 3.6005703687441484 3.8405254894299046 3.813449298647461 3.6886118167516244 4.105560618158931 4.17077822183587 4.09638298767736 4.068540840102059 4.050084518251851 4.031664040933904 4.04095991813958 4.031664040933904 4.133509829299363 4.114928663178128 4.031664040933904 4.013279506756297 4.208187333724751 4.236244017697849 4.031664040933904 4.09638298767736 4.022557214122902 4.416414317370283 4.521973899542435 4.657886382739784 4.628723044707949
1.790000 2.5086647413104144 2.7973573730146533 2.923368963259543 3.0275955901797973 2.8600359004679246 2.9792433916584864 3.084543418727391 2.828614621459107 3.150140654150466 3.1089889111804934 2.947211099811094 3.1253880083974157 3.183179005903807 2.9153413159340302 3.487624461659719 3.5395914360977594 3.5395914360977594 3.427352221294627 3.4961777259428795 3.2497327220614505 3.487624461659719 3.300063394777207 3.4445005425392914 3.427352221294627 3.4360045872801006 3.2497327220614505 3.308405008172237 3.4961777259428795 3.2915692445190046 3.427352221294627 3.5049083193135044 3.3421943989254994 3.393172123155076 3.5744279146298683 3.2412984784516516 3.427352221294627 3.4360045872801006 3.2079823900123703 3.5222306692969467 3.2079823900123703 3.4961777259428795 3.3338139991916433 3.4703791711716385 3.4445005425392914 3.2497327220614505 3.8225239117406637 3.912900182995015 3.949307278152234 3.7418893017975585 3.7775948223096445 3.994931013794065 3.6356733016454257 3.9583425389599913 3.804559352137678 3.6532816723590718 3.6356733016454257 3.813449298647461 3.679851275526602 3.662185980192619 3.609417136670968 3.9037325359196138 3.6886118167516244 3.6181028403300237 3.6445584711110413 3.9583425389599913 3.6975542749607624 3.9583425389599913 3.662185980192619 3.8314321765100012 3.706333425945615 3.9858598763479023 3.7240926157308536 3.885602299887906 3.6975542749607624 3.912900182995015 3.7240926157308536 3.6445584711110413 3.768741640443454 3.7418893017975585 4.04095991813958 4.142722567221125 4.09638298767736 4.34021505789757 4.087032906984074 4.114928663178128 4.004190501010748 4.087032906984074 4.004190501010748 4.050084518251851 4.321250461472404 4.152126383386034 4.217469681706391 4.208187333724751 4.208187333724751 4.236244017697849 4.022557214122902 4.4739184571649115 4.638372653851022 4.541291684561032 4.541291684561032
1.800000 2.681538720054648 2.666281752772024 3.0275955901797973 3.1913838645082113 3.0600322532138695 2.8600359004679246 3.199757902151695 3.1253880083974157 3.0437937726389976 3.183179005903807 3.1666399026804894 2.875807928460546 3.092629880406265 3.092629880406265 3.4531725219753477 3.316919059168708 3.478913368272576 3.4017851508814365 3.300063394777207 3.359147890730457 3.2330348235664155 3.2915692445190046 3.4703791711716385 3.5569905434876103 3.224620615797176 3.3847337923487957 3.2497327220614505 3.41887543958404 3.5222306692969467 3.367721434473514 3.359147890730457 3.3847337923487957 3.3847337923487957 3.300063394777207 3.427352221294627 3.3421943989254994 3.5049083193135044 3.274772857790347 3.2412984784516516 3.359147890730457 3.3421943989254994 3.5482016839953343 3.4616876158961567 3.591903471894591 3.4531725219753477 3.7240926157308536 3.804559352137678 3.6532816723590718 3.885602299887906 3.8405254894299046 3.768741640443454 3.6886118167516244 3.7508886629289946 3.912900182995015 3.8675087672497956 3.9218993832188556 3.994931013794065 3.7955034845365736 3.804559352137678 3.6886118167516244 3.813449298647461 3.9583425389599913 3.994931013794065 3.885602299887906 3.662185980192619 3.813449298647461 3.6445584711110413 3.804559352137678 3.7775948223096445 3.8675087672497956 3.6005703687441484 3.6886118167516244 3.8766393410359554 3.9583425389599913 3.8405254894299046 3.6886118167516244 3.609417136670968 3.9675654368237803 3.8314321765100012 4.068540840102059 4.142722567221125 4.236244017697849 4.17077822183587 4.050084518251851 4.09638298767736 4.022557214122902 4.105560618158931 4.245736319763044 4.004190501010748 4.124123872267262 4.245736319763044 4.068540840102059 4.208187333724751 4.236244017697849 4.09638298767736 4.17077822183587 4.628723044707949 4.5510575218429565 4.706907035824327 4.493153440002571
1.810000 2.7973573730146533 2.5234842737170373 2.9312558679539493 3.076310974966537 2.95527993109547 2.95527993109547 2.8916208154516734 3.092629880406265 3.1748251019000335 2.828614621459107 2.89946749583966 3.1336813213896 2.812965469114768 2.883634459153842 3.274772857790347 3.4360045872801006 3.308405008172237 3.393172123155076 3.478913368272576 3.5308219592547823 3.583075966486862 3.4017851508814365 3.5308219592547823 3.5656197122137576 3.258015913974275 3.4616876158961567 3.367721434473514 3.4616876158961567 3.5482016839953343 3.258015913974275 3.5482016839953343 3.4961777259428795 3.266470160233948 3.258015913974275 3.4445005425392914 3.2330348235664155 3.5656197122137576 3.478913368272576 3.2915692445190046 3.4961777259428795 3.32528008209297 3.4445005425392914 3.300063394777207 3.5049083193135044 3.5134806146228708 3.6269688296878213 3.8225239117406637 3.609417136670968 3.9037325359196138 3.8675087672497956 3.9401027488501636 3.9218993832188556 3.7330730527728044 3.7597233992346464 3.9401027488501636 3.912900182995015 3.9310854954678334 3.912900182995015 3.7955034845365736 3.9037325359196138 3.786631899160151 3.8225239117406637 3.994931013794065 3.6886118167516244 3.679851275526602 3.9310854954678334 3.768741640443454 3.8766393410359554 3.662185980192619 3.6181028403300237 3.6709278713963025 3.9218993832188556 3.6356733016454257 3.7330730527728044 3.7955034845365736 3.976618659079132 3.7240926157308536 3.9675654368237803 3.885602299887906 4.217469681706391 4.124123872267262 4.013279506756297 4.114928663178128 4.114928663178128 4.264562997420372 4.031664040933904 4.2550531631440744 4.1800258668376475 4.302320178347698 4.217469681706391 4.105560618158931 4.1987302626375635 4.35921385541505 4.09638298767736 4.022557214122902 4.311688368423777 4.5510575218429565 4.726533084856339 4.5704248550692625 4.512421692304587
1.820000 2.689254230838056 2.7894955100188352 3.068244346893695 3.1336813213896 2.95527993109547 3.150140654150466 3.1583061641901065 3.150140654150466 3.183179005903807 2.8363805576478125 2.939304120852559 2.963206958809479 3.0437937726389976 3.150140654150466 3.359147890730457 3.4017851508814365 3.5569905434876103 3.308405008172237 3.2832470730245484 3.266470160233948 3.478913368272576 3.308405008172237 3.4616876158961567 3.487624461659719 3.4961777259428795 3.32528008209297 3.4703791711716385 3.4017851508814365 3.2079823900123703 3.308405008172237 3.3421943989254994 3.359147890730457 3.410242724324369 3.4616876158961567 3.5395914360977594 3.5482016839953343 3.41887543958404 3.3338139991916433 3.308405008172237 3.367721434473514 3.4703791711716385 3.5308219592547823 3.5744279146298683 3.5744279146298683 3.4531725219753477 3.6005703687441484 3.804559352137678 3.949307278152234 3.9037325359196138 3.8947514340034837 3.7240926157308536 3.6445584711110413 3.6886118167516244 3.6269688296878213 3.6886118167516244 3.6709278713963025 3.8675087672497956 3.9401027488501636 3.9858598763479023 3.6181028403300237 3.706333425945615 3.949307278152234 3.6532816723590718 3.6532816723590718 3.813449298647461 3.706333425945615 3.7240926157308536 3.9310854954678334 3.8947514340034837 3.7955034845365736 3.849452029292252 3.994931013794065 3.786631899160151 3.7240926157308536 3.6445584711110413 3.768741640443454 3.9310854954678334 3.804559352137678 3.786631899160151 4.059398514738147 4.022557214122902 4.050084518251851 4.217469681706391 4.378246740791886 4.077872904589594 4.013279506756297 4.04095991813958 4.04095991813958 4.27389700972598 4.245736319763044 4.050084518251851 4.208187333724751 4.292775448258381 4.068540840102059 4.311688368423777 4.013279506756297 4.61889126864975 4.45471686346053 4.4067662805426995 4.4739184571649115
1.830000 2.689254230838056 2.7275581271899076 3.100882644135794 3.1583061641901065 2.9712963409361106 2.9873532967155483 3.076310974966537 3.003450744285498 2.939304120852559 3.141827112759656 3.1336813213896 3.0195886289076617 3.199757902151695 3.150140654150466 3.3338139991916433 3.487624461659719 3.5308219592547823 3.2079823900123703 3.5656197122137576 3.32528008209297 3.258015913974275 3.2497327220614505 3.4961777259428795 3.266470160233948 3.41887543958404 3.2412984784516516 3.3421943989254994 3.3507481470859304 3.4360045872801006 3.266470160233948 3.224620615797176 3.3847337923487957 3.300063394777207 3.478913368272576 3.4531725219753477 3.4445005425392914 3.300063394777207 3.3421943989254994 3.3847337923487957 3.4616876158961567 3.487624461659719 3.583075966486862 3.4360045872801006 3.5744279146298683 3.4531725219753477 3.768741640443454 3.679851275526602 3.9218993832188556 3.679851275526602 3.8947514340034837 3.849452029292252 3.8314321765100012 3.6269688296878213 3.6181028403300237 3.609417136670968 3.7775948223096445 3.9218993832188556 3.6005703687441484 3.976618659079132 3.8766393410359554 3.6886118167516244 3.8314321765100012 3.7597233992346464 3.9037325359196138 3.8405254894299046 3.9218993832188556 3.786631899160151 3.662185980192619 3.8947514340034837 3.715294895303003 3.715294895303003 3.7418893017975585 3.813449298647461 3.6269688296878213 3.7418893017975585 3.885602299887906 3.786631899160151 3.994931013794065 3.7955034845365736 4.161356600048034 4.124123872267262 4.114928663178128 4.189465240303201 4.142722567221125 4.087032906984074 4.114928663178128 4.031664040933904 4.059398514738147 4.292775448258381 4.022557214122902 4.087032906984074 4.397313599800975 4.17077822183587 4.161356600048034 4.189465240303201 4.04095991813958 4.416414317370283 4.61889126864975 4.589824969666061 4.541291684561032
1.840000 2.773949354294852 2.719934394004002 2.8916208154516734 2.8916208154516734 3.1253880083974157 2.8050827943071095 3.0600322532138695 3.141827112759656 3.1172619647621516 2.867842256978591 3.183179005903807 3.051985486538066 3.199757902151695 3.0195886289076617 3.3421943989254994 3.258015913974275 3.591903471894591 3.3338139991916433 3.4531725219753477 3.4961777259428795 3.3421943989254994 3.367721434473514 3.4017851508814365 3.258015913974275 3.5222306692969467 3.4703791711716385 3.4616876158961567 3.5744279146298683 3.32528008209297 3.487624461659719 3.4961777259428795 3.487624461659719 3.5049083193135044 3.5222306692969467 3.3507481470859304 3.5395914360977594 3.5569905434876103 3.5482016839953343 3.4017851508814365 3.5744279146298683 3.4445005425392914 3.5395914360977594 3.224620615797176 3.5049083193135044 3.266470160233948 3.8405254894299046 3.9218993832188556 3.885602299887906 3.6709278713963025 3.6005703687441484 3.8766393410359554 3.8405254894299046 3.8225239117406637 3.976618659079132 3.706333425945615 3.8675087672497956 3.609417136670968 3.6886118167516244 3.9401027488501636 3.706333425945615 3.6886118167516244 3.6975542749607624 3.706333425945615 3.6532816723590718 3.715294895303003 3.9858598763479023 3.8225239117406637 3.8675087672497956 3.6886118167516244 3.8766393410359554 3.912900182995015 3.6269688296878213 3.7508886629289946 3.6709278713963025 3.6269688296878213 3.679851275526602 3.7418893017975585 3.8405254894299046 3.6975542749607624 4.2550531631440744 4.1987302626375635 4.2834243201376205 4.236244017697849 4.226944395924057 4.34961720950167 4.1800258668376475 4.1800258668376475 4.397313599800975 4.236244017697849 4.302320178347698 4.152126383386034 4.27389700972598 4.330635659446139 4.264562997420372 4.022557214122902 4.378246740791886 4.648220753516788 4.795377261468363 4.531723093439896 4.502689204348403
1.850000 2.6510662756753334 2.6283913418621196 3.150140654150466 2.8520909398927943 3.100882644135794 3.1913838645082113 3.141827112759656 3.003450744285498 3.068244346893695 3.100882644135794 2.8363805576478125 3.0275955901797973 2.9953203443393015 3.183179005903807 3.4616876158961567 3.5656197122137576 3.5395914360977594 3.2497327220614505 3.3421943989254994 3.3507481470859304 3.478913368272576 3.2330348235664155 3.591903471894591 3.5222306692969467 3.3761404886397117 3.2330348235664155 3.2163765290620767 3.3338139991916433 3.478913368272576 3.3421943989254994 3.3338139991916433 3.4445005425392914 3.591903471894591 3.591903471894591 3.393172123155076 3.3761404886397117 3.367721434473514 3.367721434473514 3.487624461659719 3.5049083193135044 3.316919059168708 3.4017851508814365 3.410242724324369 3.5049083193135044 3.3338139991916433 3.6269688296878213 3.9858598763479023 3.6709278713963025 3.7330730527728044 3.8405254894299046 3.679851275526602 3.6532816723590718 3.6005703687441484 3.715294895303003 3.6532816723590718 3.679851275526602 3.885602299887906 3.7330730527728044 3.7597233992346464 3.7240926157308536 3.6709278713963025 3.8225239117406637 3.804559352137678 3.6975542749607624 3.6886118167516244 3.6709278713963025 3.849452029292252 3.7508886629289946 3.804559352137678 3.994931013794065 3.885602299887906 3.768741640443454 3.706333425945615 3.8947514340034837 3.8314321765100012 3.8405254894299046 3.9583425389599913 3.8675087672497956 3.6445584711110413 4.217469681706391 4.368632905651625 4.321250461472404 4.068540840102059 4.124123872267262 4.077872904589594 4.245736319763044 4.105560618158931 4.2834243201376205 4.022557214122902 4.226944395924057 4.068540840102059 4.1987302626375635 4.34021505789757 4.245736319763044 4.17077822183587 4.292775448258381 4.435548777559674 4.493153440002571 4.435548777559674 4.4258837292217255
1.860000 2.6968371342160555 2.758444374347024 3.084543418727391 3.1253880083974157 3.199757902151695 3.1583061641901065 3.1666399026804894 3.199757902151695 2.883634459153842 3.051985486538066 3.183179005903807 3.1253880083974157 3.199757902151695 3.1172619647621516 3.2915692445190046 3.5308219592547823 3.266470160233948 3.5395914360977594 3.4703791711716385 3.2832470730245484 3.393172123155076 3.274772857790347 3.478913368272576 3.4703791711716385 3.5656197122137576 3.3761404886397117 3.5482016839953343 3.5049083193135044 3.3761404886397117 3.4531725219753477 3.591903471894591 3.2915692445190046 3.316919059168708 3.410242724324369 3.487624461659719 3.3761404886397117 3.3338139991916433 3.32528008209297 3.5049083193135044 3.359147890730457 3.32528008209297 3.32528008209297 3.4616876158961567 3.427352221294627 3.3761404886397117 3.6181028403300237 3.9401027488501636 3.6886118167516244 3.9310854954678334 3.7418893017975585 3.7330730527728044 3.6005703687441484 3.9401027488501636 3.9401027488501636 3.8766393410359554 3.609417136670968 3.609417136670968 3.804559352137678 3.7508886629289946 3.804559352137678 3.7955034845365736 3.885602299887906 3.768741640443454 3.662185980192619 3.9401027488501636 3.9675654368237803 3.6886118167516244 3.8675087672497956 3.7955034845365736 3.6445584711110413 3.8225239117406637 3.813449298647461 3.768741640443454 3.7418893017975585 3.976618659079132 3.6356733016454257 3.7955034845365736 3.786631899160151 3.949307278152234 4.133509829299363 4.208187333724751 4.133509829299363 4.387682634199195 4.321250461472404 4.311688368423777 4.087032906984074 4.09638298767736 4.124123872267262 4.077872904589594 4.226944395924057 4.2834243201376205 4.050084518251851 4.087032906984074 4.142722567221125 4.264562997420372 4.2550531631440744 4.416414317370283 4.589824969666061 4.638372653851022 4.531723093439896
1.870000 2.4278408820789363 2.689254230838056 3.150140654150466 3.003450744285498 3.1583061641901065 3.1172619647621516 3.1913838645082113 3.1172619647621516 3.0437937726389976 3.199757902151695 3.051985486538066 3.1253880083974157 3.150140654150466 3.1089889111804934 3.478913368272576 3.2915692445190046 3.3847337923487957 3.4961777259428795 3.4445005425392914 3.300063394777207 3.5134806146228708 3.3847337923487957 3.4360045872801006 3.258015913974275 3.5744279146298683 3.2412984784516516 3.3421943989254994 3.2497327220614505 3.3507481470859304 3.5049083193135044 3.5656197122137576 3.258015913974275 3.5222306692969467 3.316919059168708 3.359147890730457 3.5134806146228708 3.5308219592547823 3.5049083193135044 3.5049083193135044 3.367721434473514 3.410242724324369 3.3847337923487957 3.5222306692969467 3.258015913974275 3.5569905434876103 3.8675087672497956 3.9310854954678334 3.786631899160151 3.9858598763479023 3.768741640443454 3.994931013794065 3.7418893017975585 3.8675087672497956 3.768741640443454 3.6886118167516244 3.6532816723590718 3.6356733016454257 3.8225239117406637 3.9675654368237803 3.976618659079132 3.7418893017975585 3.912900182995015 3.849452029292252 3.8947514340034837 3.7240926157308536 3.8766393410359554 3.7775948223096445 3.8225239117406637 3.9310854954678334 3.9401027488501636 3.768741640443454 3.7775948223096445 3.715294895303003 3.715294895303003 3.976618659079132 3.9401027488501636 3.8766393410359554 3.9858598763479023 3.715294895303003 4.04095991813958 4.059398514738147 4.050084518251851 4.311688368423777 4.09638298767736 4.2834243201376205 4.292775448258381 4.189465240303201 4.189465240303201 4.264562997420372 4.09638298767736 4.368632905651625 4.004190501010748 4.050084518251851 4.087032906984074 4.208187333724751 4.34021505789757 4.445034863749972 4.687312877728655 4.5510575218429565 4.697010359996532
1.880000 2.598209301621978 2.742980616656126 3.1913838645082113 3.0275955901797973 3.092629880406265 2.867842256978591 3.1336813213896 3.183179005903807 3.0437937726389976 3.1913838645082113 3.051985486538066 2.8207111595260184 3.199757902151695 3.1666399026804894 3.5049083193135044 3.487624461659719 3.2079823900123703 3.5656197122137576 3.359147890730457 3.2412984784516516 3.41887543958404 3.427352221294627 3.5395914360977594 3.2497327220614505 3.5049083193135044 3.32528008209297 3.2497327220614505 3.258015913974275 3.4531725219753477 3.4531725219753477 3.478913368272576 3.591903471894591 3.2163765290620767 3.3421943989254994 3.266470160233948 3.427352221294627 3.3421943989254994 3.2163765290620767 3.487624461659719 3.41887543958404 3.2497327220614505 3.4360045872801006 3.5482016839953343 3.4703791711716385 3.359147890730457 3.804559352137678 3.768741640443454 3.7775948223096445 3.8225239117406637 3.7775948223096445 3.609417136670968 3.949307278152234 3.6181028403300237 3.9583425389599913 3.715294895303003 3.9218993832188556 3.7240926157308536 3.662185980192619 3.6005703687441484 3.949307278152234 3.7508886629289946 3.6269688296878213 3.8947514340034837 3.8225239117406637 3.976618659079132 3.786631899160151 3.8766393410359554 3.9310854954678334 3.6532816723590718 3.6532816723590718 3.7955034845365736 3.768741640443454 3.706333425945615 3.9037325359196138 3.8314321765100012 3.6886118167516244 3.7418893017975585 3.885602299887906 3.813449298647461 4.105560618158931 4.013279506756297 4.217469681706391 4.142722567221125 4.321250461472404 4.27389700972598 4.124123872267262 4.152126383386034 4.152126383386034 4.152126383386034 4.236244017697849 4.133509829299363 4.133509829299363 4.09638298767736 4.368632905651625 4.087032906984074 4.226944395924057 4.667750740597353 4.60925774129937 4.4258837292217255 4.7658803301983514
1.890000 2.7973573730146533 2.681538720054648 3.003450744285498 3.051985486538066 3.150140654150466 2.8443047815867 3.1913838645082113 3.1666399026804894 2.9792433916584864 3.0600322532138695 3.100882644135794 3.0437937726389976 3.0275955901797973 3.199757902151695 3.266470160233948 3.5049083193135044 3.5395914360977594 3.3338139991916433 3.591903471894591 3.5744279146298683 3.5134806146228708 3.583075966486862 3.367721434473514 3.258015913974275 3.4445005425392914 3.5222306692969467 3.258015913974275 3.367721434473514 3.3847337923487957 3.3761404886397117 3.2163765290620767 3.300063394777207 3.2163765290620767 3.4531725219753477 3.4445005425392914 3.5395914360977594 3.3761404886397117 3.5656197122137576 3.2330348235664155 3.3761404886397117 3.5569905434876103 3.4531725219753477 3.308405008172237 3.4703791711716385 3.5134806146228708 3.994931013794065 3.912900182995015 3.6181028403300237 3.6975542749607624 3.609417136670968 3.813449298647461 3.994931013794065 3.804559352137678 3.6886118167516244 3.6886118167516244 3.8766393410359554 3.8766393410359554 3.976618659079132 3.849452029292252 3.768741640443454 3.8675087672497956 3.786631899160151 3.9310854954678334 3.7240926157308536 3.8766393410359554 3.8405254894299046 3.7330730527728044 3.8314321765100012 3.9218993832188556 3.8314321765100012 3.7508886629289946 3.9583425389599913 3.9858598763479023 3.912900182995015 3.7330730527728044 3.8766393410359554 3.9218993832188556 3.912900182995015 3.7508886629289946 4.35921385541505 4.013279506756297 4.1800258668376475 4.1987302626375635 4.17077822183587 4.217469681706391 4.1800258668376475 4.114928663178128 4.004190501010748 4.17077822183587 4.087032906984074 4.302320178347698 4.09638298767736 4.35921385541505 4.09638298767736 4.04095991813958 4.050084518251851 4.416414317370283 4.4739184571649115 4.5704248550692625 4.464219566817621
1.900000 2.719934394004002 2.6968371342160555 2.89946749583966 3.100882644135794 3.1336813213896 3.0600322532138695 3.1336813213896 3.1913838645082113 3.1253880083974157 3.076310974966537 3.100882644135794 3.068244346893695 3.1253880083974157 3.1172619647621516 3.4445005425392914 3.5308219592547823 3.487624461659719 3.2330348235664155 3.3847337923487957 3.5569905434876103 3.478913368272576 3.266470160233948 3.316919059168708 3.583075966486862 3.2079823900123703 3.5395914360977594 3.591903471894591 3.4445005425392914 3.3507481470859304 3.274772857790347 3.487624461659719 3.258015913974275 3.5569905434876103 3.300063394777207 3.5222306692969467 3.5222306692969467 3.591903471894591 3.478913368272576 3.5656197122137576 3.487624461659719 3.2412984784516516 3.2412984784516516 3.367721434473514 3.5134806146228708 3.316919059168708 3.9218993832188556 3.8675087672497956 3.9583425389599913 3.6005703687441484 3.768741640443454 3.7330730527728044 3.7240926157308536 3.662185980192619 3.6269688296878213 3.6356733016454257 3.9401027488501636 3.6975542749607624 3.768741640443454 3.804559352137678 3.768741640443454 3.768741640443454 3.8405254894299046 3.706333425945615 3.7597233992346464 3.7597233992346464 3.6532816723590718 3.8947514340034837 3.6445584711110413 3.679851275526602 3.679851275526602 3.609417136670968 3.8405254894299046 3.7508886629289946 3.7775948223096445 3.6005703687441484 3.706333425945615 3.9310854954678334 3.6005703687441484 3.679851275526602 4.050084518251851 4.013279506756297 4.264562997420372 4.17077822183587 4.050084518251851 4.245736319763044 4.311688368423777 4.189465240303201 4.022557214122902 4.311688368423777 4.27389700972598 4.17077822183587 4.031664040933904 4.059398514738147 4.217469681706391 4.050084518251851 4.27389700972598 4.4739184571649115 4.493153440002571 4.589824969666061 4.589824969666061
1.910000 2.773949354294852 2.598209301621978 2.9074745108151703 2.9953203443393015 2.89946749583966 3.076310974966537 3.068244346893695 2.8207111595260184 2.947211099811094 3.0275955901797973 3.1913838645082113 3.1089889111804934 3.150140654150466 3.183179005903807 3.224620615797176 3.32528008209297 3.487624461659719 3.5569905434876103 3.3761404886397117 3.266470160233948 3.3847337923487957 3.583075966486862 3.487624461659719 3.478913368272576 3.410242724324369 3.5569905434876103 3.3507481470859304 3.5395914360977594 3.367721434473514 3.5308219592547823 3.2497327220614505 3.4017851508814365 3.5569905434876103 3.2079823900123703 3.4961777259428795 3.2079823900123703 3.5656197122137576 3.2497327220614505 3.2412984784516516 3.5482016839953343 3.3507481470859304 3.583075966486862 3.367721434473514 3.3338139991916433 3.4445005425392914 3.679851275526602 3.6532816723590718 3.609417136670968 3.6445584711110413 3.804559352137678 3.706333425945615 3.768741640443454 3.768741640443454 3.849452029292252 3.804559352137678 3.858563995863041 3.858563995863041 3.7597233992346464 3.8225239117406637 3.949307278152234 3.7508886629289946 3.7775948223096445 3.7240926157308536 3.9218993832188556 3.6445584711110413 3.6709278713963025 3.949307278152234 3.7330730527728044 3.7240926157308536 3.6975542749607624 3.6532816723590718 3.6886118167516244 3.7597233992346464 3.6709278713963025 3.715294895303003 3.9583425389599913 3.9310854954678334 3.7775948223096445 3.7775948223096445 4.022557214122902 4.059398514738147 4.09638298767736 4.34961720950167 4.114928663178128 4.27389700972598 4.133509829299363 4.133509829299363 4.059398514738147 4.34961720950167 4.022557214122902 4.013279506756297 4.09638298767736 4.004190501010748 4.378246740791886 4.004190501010748 4.068540840102059 4.4067662805426995 4.5994423537970714 4.502689204348403 4.483437720084692
1.920000 2.704573622330376 2.560647071112147 3.1253880083974157 3.1583061641901065 3.1666399026804894 3.150140654150466 3.1253880083974157 3.199757902151695 3.0195886289076617 3.1666399026804894 3.1336813213896 2.9873532967155483 3.150140654150466 3.1748251019000335 3.2497327220614505 3.5308219592547823 3.583075966486862 3.5308219592547823 3.410242724324369 3.5049083193135044 3.258015913974275 3.478913368272576 3.5569905434876103 3.2163765290620767 3.5656197122137576 3.367721434473514 3.3761404886397117 3.5744279146298683 3.3847337923487957 3.410242724324369 3.359147890730457 3.2163765290620767 3.427352221294627 3.2915692445190046 3.3847337923487957 3.2412984784516516 3.367721434473514 3.3847337923487957 3.4703791711716385 3.5049083193135044 3.393172123155076 3.266470160233948 3.2079823900123703 3.393172123155076 3.393172123155076 3.768741640443454 3.6709278713963025 3.7418893017975585 3.679851275526602 3.786631899160151 3.662185980192619 3.949307278152234 3.7955034845365736 3.6181028403300237 3.609417136670968 3.6532816723590718 3.786631899160151 3.6181028403300237 3.6181028403300237 3.912900182995015 3.976618659079132 3.8225239117406637 3.912900182995015 3.8675087672497956 3.768741640443454 3.813449298647461 3.8947514340034837 3.912900182995015 3.9218993832188556 3.9218993832188556 3.8405254894299046 3.8766393410359554 3.706333425945615 3.7775948223096445 3.609417136670968 3.8225239117406637 3.6975542749607624 3.7597233992346464 3.6975542749607624 4.152126383386034 4.387682634199195 4.022557214122902 4.059398514738147 4.04095991813958 4.022557214122902 4.04095991813958 4.245736319763044 4.1987302626375635 4.321250461472404 4.105560618158931 4.2834243201376205 4.387682634199195 4.105560618158931 4.068540840102059 4.04095991813958 4.133509829299363 4.4067662805426995 4.5704248550692625 4.4739184571649115 4.416414317370283
1.930000 2.7275581271899076 2.6358923316510894 3.0195886289076617 3.0357668950244268 3.141827112759656 3.051985486538066 3.068244346893695 3.068244346893695 3.0195886289076617 3.1089889111804934 3.183179005903807 2.89946749583966 2.963206958809479 2.8600359004679246 3.393172123155076 3.393172123155076 3.487624461659719 3.300063394777207 3.393172123155076 3.258015913974275 3.583075966486862 3.4703791711716385 3.5308219592547823 3.3761404886397117 3.5222306692969467 3.5482016839953343 3.4531725219753477 3.3338139991916433 3.266470160233948 3.5482016839953343 3.4703791711716385 3.2163765290620767 3.4531725219753477 3.274772857790347 3.3338139991916433 3.5134806146228708 3.300063394777207 3.591903471894591 3.2832470730245484 3.2832470730245484 3.4703791711716385 3.4017851508814365 3.2163765290620767 3.5134806146228708 3.5222306692969467 3.7955034845365736 3.7775948223096445 3.994931013794065 3.6005703687441484 3.912900182995015 3.885602299887906 3.9310854954678334 3.9401027488501636 3.6181028403300237 3.949307278152234 3.849452029292252 3.912900182995015 3.6356733016454257 3.7330730527728044 3.9310854954678334 3.7240926157308536 3.6886118167516244 3.6709278713963025 3.849452029292252 3.706333425945615 3.6005703687441484 3.885602299887906 3.949307278152234 3.8766393410359554 3.706333425945615 3.662185980192619 3.6975542749607624 3.9310854954678334 3.6445584711110413 3.768741640443454 3.9037325359196138 3.706333425945615 3.768741640443454 3.715294895303003 4.330635659446139 4.022557214122902 4.059398514738147 4.114928663178128 4.321250461472404 4.142722567221125 4.059398514738147 4.022557214122902 4.124123872267262 4.1987302626375635 4.311688368423777 4.368632905651625 4.013279506756297 4.368632905651625 4.050084518251851 4.087032906984074 4.022557214122902 4.521973899542435 4.628723044707949 4.416414317370283 4.45471686346053
1.940000 2.6207599630340725 2.750779898693886 2.9953203443393015 3.199757902151695 2.812965469114768 3.1172619647621516 3.183179005903807 3.1666399026804894 2.939304120852559 3.1583061641901065 3.076310974966537 3.183179005903807 3.092629880406265 3.092629880406265 3.4017851508814365 3.4531725219753477 3.5134806146228708 3.583075966486862 3.359147890730457 3.3507481470859304 3.583075966486862 3.2412984784516516 3.427352221294627 3.5222306692969467 3.4616876158961567 3.487624461659719 3.3847337923487957 3.4703791711716385 3.258015913974275 3.4017851508814365 3.591903471894591 3.5395914360977594 3.487624461659719 3.4531725219753477 3.427352221294627 3.4445005425392914 3.2412984784516516 3.4531725219753477 3.32528008209297 3.41887543958404 3.2330348235664155 3.4360045872801006 3.5482016839953343 3.3421943989254994 3.4531725219753477 3.9583425389599913 3.6975542749607624 3.786631899160151 3.8314321765100012 3.8947514340034837 3.804559352137678 3.8675087672497956 3.6709278713963025 3.6445584711110413 3.813449298647461 3.8947514340034837 3.9583425389599913 3.7597233992346464 3.8766393410359554 3.8947514340034837 3.6356733016454257 3.8766393410359554 3.6975542749607624 3.7508886629289946 3.715294895303003 3.7508886629289946 3.7240926157308536 3.8766393410359554 3.8947514340034837 3.8675087672497956 3.858563995863041 3.7508886629289946 3.994931013794065 3.706333425945615 3.6269688296878213 3.7955034845365736 3.813449298647461 3.662185980192619 3.6709278713963025 4.1800258668376475 4.022557214122902 4.114928663178128 4.031664040933904 4.236244017697849 4.050084518251851 4.302320178347698 4.059398514738147 4.031664040933904 4.292775448258381 4.236244017697849 4.368632905651625 4.013279506756297 4.004190501010748 4.311688368423777 4.031664040933904 4.321250461472404 4.755935679775094 4.580026035009029 4.726533084856339 4.541291684561032
1.950000 2.6587397644483315 2.493887123373745 3.1748251019000335 3.1913838645082113 3.1583061641901065 3.150140654150466 2.963206958809479 3.0275955901797973 3.092629880406265 2.9312558679539493 3.1913838645082113 2.8207111595260184 3.1336813213896 3.0600322532138695 3.224620615797176 3.274772857790347 3.5134806146228708 3.4017851508814365 3.367721434473514 3.316919059168708 3.393172123155076 3.478913368272576 3.3847337923487957 3.32528008209297 3.3761404886397117 3.5569905434876103 3.3847337923487957 3.478913368272576 3.3761404886397117 3.4616876158961567 3.427352221294627 3.4961777259428795 3.316919059168708 3.5222306692969467 3.4445005425392914 3.5395914360977594 3.5744279146298683 3.5569905434876103 3.427352221294627 3.3761404886397117 3.5482016839953343 3.5222306692969467 3.5482016839953343 3.32528008209297 3.2497327220614505 3.706333425945615 3.715294895303003 3.7240926157308536 3.9218993832188556 3.679851275526602 3.7508886629289946 3.6269688296878213 3.7955034845365736 3.8405254894299046 3.9401027488501636 3.662185980192619 3.715294895303003 3.7418893017975585 3.706333425945615 3.9583425389599913 3.7955034845365736 3.6445584711110413 3.6886118167516244 3.9858598763479023 3.9218993832188556 3.885602299887906 3.6445584711110413 3.7597233992346464 3.9037325359196138 3.6005703687441484 3.6269688296878213 3.7955034845365736 3.8314321765100012 3.7775948223096445 3.7508886629289946 3.912900182995015 3.7330730527728044 3.7240926157308536 3.6886118167516244 4.1987302626375635 4.050084518251851 4.105560618158931 4.378246740791886 4.04095991813958 4.004190501010748 4.2834243201376205 4.142722567221125 4.1987302626375635 4.34961720950167 4.114928663178128 4.1987302626375635 4.152126383386034 4.189465240303201 4.124123872267262 4.2550531631440744 4.022557214122902 4.541291684561032 4.560642437348045 4.416414317370283 4.435548777559674
1.960000 2.681538720054648 2.6056692116350813 3.076310974966537 3.199757902151695 3.0600322532138695 3.141827112759656 3.1336813213896 3.0437937726389976 3.1748251019000335 3.076310974966537 3.199757902151695 3.150140654150466 3.1748251019000335 2.9873532967155483 3.32528008209297 3.487624461659719 3.5134806146228708 3.2412984784516516 3.300063394777207 3.41887543958404 3.5222306692969467 3.5308219592547823 3.3761404886397117 3.41887543958404 3.4360045872801006 3.3421943989254994 3.4531725219753477 3.393172123155076 3.4616876158961567 3.3847337923487957 3.367721434473514 3.487624461659719 3.274772857790347 3.2412984784516516 3.224620615797176 3.32528008209297 3.5308219592547823 3.367721434473514 3.4703791711716385 3.308405008172237 3.487624461659719 3.478913368272576 3.5395914360977594 3.5308219592547823 3.4017851508814365 3.813449298647461 3.885602299887906 3.994931013794065 3.7240926157308536 3.849452029292252 3.6886118167516244 3.949307278152234 3.662185980192619 3.8947514340034837 3.9310854954678334 3.662185980192619 3.8225239117406637 3.858563995863041 3.662185980192619 3.849452029292252 3.7775948223096445 3.7775948223096445 3.9037325359196138 3.7330730527728044 3.6445584711110413 3.7418893017975585 3.7240926157308536 3.9675654368237803 3.6975542749607624 3.9675654368237803 3.7330730527728044 3.813449298647461 3.885602299887906 3.7418893017975585 3.768741640443454 3.679851275526602 3.7508886629289946 3.7508886629289946 3.858563995863041 4.397313599800975 4.330635659446139 4.397313599800975 4.09638298767736 4.189465240303201 4.022557214122902 4.292775448258381 4.04095991813958 4.068540840102059 4.1987302626375635 4.387682634199195 4.302320178347698 4.2834243201376205 4.059398514738147 4.105560618158931 4.142722567221125 4.2834243201376205 4.531723093439896 4.4258837292217255 4.531723093439896 4.502689204348403
1.970000 2.6283913418621196 2.681538720054648 3.150140654150466 3.1748251019000335 2.9873532967155483 3.1336813213896 3.1583061641901065 3.1748251019000335 3.150140654150466 3.199757902151695 3.1913838645082113 2.8520909398927943 3.1172619647621516 3.092629880406265 3.5656197122137576 3.41887543958404 3.3421943989254994 3.4360045872801006 3.316919059168708 3.5569905434876103 3.3421943989254994 3.5049083193135044 3.224620615797176 3.3761404886397117 3.316919059168708 3.5395914360977594 3.2079823900123703 3.4445005425392914 3.410242724324369 3.583075966486862 3.427352221294627 3.4616876158961567 3.5395914360977594 3.2915692445190046 3.393172123155076 3.32528008209297 3.5049083193135044 3.41887543958404 3.2832470730245484 3.308405008172237 3.4360045872801006 3.478913368272576 3.3847337923487957 3.583075966486862 3.359147890730457 3.8314321765100012 3.786631899160151 3.804559352137678 3.7597233992346464 3.6709278713963025 3.8225239117406637 3.8675087672497956 3.7240926157308536 3.6975542749607624 3.9037325359196138 3.7955034845365736 3.6356733016454257 3.804559352137678 3.9675654368237803 3.7330730527728044 3.9675654368237803 3.768741640443454 3.6445584711110413 3.662185980192619 3.6975542749607624 3.813449298647461 3.9310854954678334 3.885602299887906 3.6356733016454257 3.7955034845365736 3.804559352137678 3.7418893017975585 3.786631899160151 3.9858598763479023 3.8225239117406637 3.9218993832188556 3.6975542749607624 3.858563995863041 3.6181028403300237 4.068540840102059 4.245736319763044 4.302320178347698 4.022557214122902 4.105560618158931 4.17077822183587 4.34961720950167 4.1987302626375635 4.1800258668376475 4.387682634199195 4.087032906984074 4.124123872267262 4.1800258668376475 4.1987302626375635 4.321250461472404 4.387682634199195 4.059398514738147 4.648220753516788 4.45471686346053 4.580026035009029 4.45471686346053
1.980000 2.750779898693886 2.6132795030938096 2.9792433916584864 3.1583061641901065 3.092629880406265 3.0357668950244268 2.947211099811094 3.003450744285498 3.1748251019000335 3.068244346893695 3.1089889111804934 2.9712963409361106 3.150140654150466 2.9074745108151703 3.5134806146228708 3.4703791711716385 3.2412984784516516 3.3847337923487957 3.316919059168708 3.3847337923487957 3.2412984784516516 3.5482016839953343 3.427352221294627 3.410242724324369 3.5308219592547823 3.4445005425392914 3.4445005425392914 3.5222306692969467 3.4445005425392914 3.2163765290620767 3.4360045872801006 3.3761404886397117 3.3507481470859304 3.4616876158961567 3.367721434473514 3.2915692445190046 3.2497327220614505 3.2330348235664155 3.427352221294627 3.2412984784516516 3.2497327220614505 3.4017851508814365 3.5134806146228708 3.266470160233948 3.4616876158961567 3.7597233992346464 3.6709278713963025 3.6269688296878213 3.9401027488501636 3.662185980192619 3.885602299887906 3.609417136670968 3.8314321765100012 3.7240926157308536 3.8225239117406637 3.8766393410359554 3.7775948223096445 3.8675087672497956 3.6975542749607624 3.7775948223096445 3.8314321765100012 3.804559352137678 3.6005703687441484 3.9310854954678334 3.9583425389599913 3.9218993832188556 3.849452029292252 3.8405254894299046 3.8225239117406637 3.9037325359196138 3.804559352137678 3.8766393410359554 3.7775948223096445 3.804559352137678 3.8314321765100012 3.6532816723590718 3.6445584711110413 3.6532816723590718 3.768741640443454 4.34961720950167 4.087032906984074 4.124123872267262 4.050084518251851 4.27389700972598 4.27389700972598 4.105560618158931 4.105560618158931 4.068540840102059 4.124123872267262 4.217469681706391 4.161356600048034 4.321250461472404 4.208187333724751 4.050084518251851 4.142722567221125 4.105560618158931 4.445034863749972 4.4258837292217255 4.521973899542435 4.45471686346053
1.990000 2.750779898693886 2.7973573730146533 3.0114377622100448 3.003450744285498 2.828614621459107 3.1748251019000335 3.0114377622100448 3.199757902151695 3.1913838645082113 3.141827112759656 3.183179005903807 3.051985486538066 2.9873532967155483 2.9153413159340302 3.4531725219753477 3.427352221294627 3.367721434473514 3.2832470730245484 3.3338139991916433 3.258015913974275 3.2079823900123703 3.274772857790347 3.2412984784516516 3.224620615797176 3.2163765290620767 3.266470160233948 3.2915692445190046 3.2915692445190046 3.478913368272576 3.5656197122137576 3.224620615797176 3.5569905434876103 3.367721434473514 3.393172123155076 3.5049083193135044 3.2832470730245484 3.4017851508814365 3.32528008209297 3.4703791711716385 3.308405008172237 3.2412984784516516 3.4017851508814365 3.308405008172237 3.4616876158961567 3.583075966486862 3.6181028403300237 3.6532816723590718 3.7418893017975585 3.9858598763479023 3.7597233992346464 3.8766393410359554 3.885602299887906 3.9675654368237803 3.804559352137678 3.7955034845365736 3.7775948223096445 3.6532816723590718 3.7597233992346464 3.813449298647461 3.662185980192619 3.8314321765100012 3.786631899160151 3.994931013794065 3.6886118167516244 3.6886118167516244 3.858563995863041 3.6709278713963025 3.912900182995015 3.6356733016454257 3.8225239117406637 3.7418893017975585 3.6005703687441484 3.7955034845365736 3.7955034845365736 3.6356733016454257 3.786631899160151 3.7775948223096445 3.976618659079132 3.6005703687441484 4.105560618158931 4.152126383386034 4.387682634199195 4.1800258668376475 4.2550531631440744 4.09638298767736 4.077872904589594 4.378246740791886 4.013279506756297 4.142722567221125 4.378246740791886 4.152126383386034 4.226944395924057 4.09638298767736 4.059398514738147 4.17077822183587 4.35921385541505 4.667750740597353 4.560642437348045 4.531723093439896 4.4739184571649115
2.000000 2.5383456825436705 2.5831807784910445 2.8916208154516734 3.141827112759656 3.084543418727391 2.89946749583966 3.0114377622100448 3.003450744285498 3.0114377622100448 3.183179005903807 2.8207111595260184 3.076310974966537 3.003450744285498 2.8207111595260184 3.5308219592547823 3.3421943989254994 3.2497327220614505 3.5134806146228708 3.5482016839953343 3.41887543958404 3.359147890730457 3.258015913974275 3.3507481470859304 3.487624461659719 3.4360045872801006 3.5222306692969467 3.308405008172237 3.308405008172237 3.427352221294627 3.3338139991916433 3.2163765290620767 3.478913368272576 3.4531725219753477 3.427352221294627 3.5569905434876103 3.258015913974275 3.3421943989254994 3.5744279146298683 3.2330348235664155 3.410242724324369 3.5482016839953343 3.359147890730457 3.5049083193135044 3.5744279146298683 3.5222306692969467 3.8675087672497956 3.8766393410359554 3.8766393410359554 3.715294895303003 3.6181028403300237 3.7330730527728044 3.7418893017975585 3.662185980192619 3.768741640443454 3.8314321765100012 3.8225239117406637 3.6269688296878213 3.6532816723590718 3.9583425389599913 3.949307278152234 3.609417136670968 3.849452029292252 3.9675654368237803 3.8675087672497956 3.813449298647461 3.6356733016454257 3.949307278152234 3.786631899160151 3.6975542749607624 3.6975542749607624 3.6532816723590718 3.8766393410359554 3.7508886629289946 3.6886118167516244 3.849452029292252 3.7955034845365736 3.6181028403300237 3.804559352137678 3.7418893017975585 4.397313599800975 4.022557214122902 4.124123872267262 4.09638298767736 4.152126383386034 4.245736319763044 4.208187333724751 4.217469681706391 4.330635659446139 4.387682634199195 4.087032906984074 4.17077822183587 4.050084518251851 4.245736319763044 4.397313599800975 4.321250461472404 4.378246740791886 4.4258837292217255 4.589824969666061 4.416414317370283 4.493153440002571
2.010000 2.553248929158992 2.742980616656126 3.141827112759656 2.9153413159340302 3.150140654150466 2.9792433916584864 3.1583061641901065 3.003450744285498 2.89946749583966 3.183179005903807 2.9712963409361106 3.1666399026804894 2.828614621459107 3.150140654150466 3.2497327220614505 3.5482016839953343 3.2497327220614505 3.5049083193135044 3.4616876158961567 3.487624461659719 3.5222306692969467 3.4360045872801006 3.274772857790347 3.5049083193135044 3.316919059168708 3.591903471894591 3.3338139991916433 3.4703791711716385 3.4445005425392914 3.4703791711716385 3.4531725219753477 3.4445005425392914 3.4531725219753477 3.5744279146298683 3.5744279146298683 3.5569905434876103 3.3761404886397117 3.4445005425392914 3.5482016839953343 3.224620615797176 3.359147890730457 3.2497327220614505 3.3507481470859304 3.5049083193135044 3.4445005425392914 3.8766393410359554 3.6532816723590718 3.9037325359196138 3.9583425389599913 3.7330730527728044 3.8675087672497956 3.7240926157308536 3.6532816723590718 3.994931013794065 3.8766393410359554 3.7597233992346464 3.7330730527728044 3.786631899160151 3.7418893017975585 3.994931013794065 3.662185980192619 3.6709278713963025 3.7597233992346464 3.858563995863041 3.885602299887906 3.8225239117406637 3.679851275526602 3.8947514340034837 3.849452029292252 3.6269688296878213 3.6975542749607624 3.858563995863041 3.7330730527728044 3.768741640443454 3.9037325359196138 3.609417136670968 3.8225239117406637 3.9675654368237803 3.6181028403300237 4.068540840102059 4.2550531631440744 4.1987302626375635 4.2550531631440744 4.292775448258381 4.208187333724751 4.077872904589594 4.04095991813958 4.087032906984074 4.04095991813958 4.208187333724751 4.077872904589594 4.022557214122902 4.152126383386034 4.208187333724751 4.059398514738147 4.022557214122902 4.580026035009029 4.502689204348403 4.502689204348403 4.464219566817621
2.020000 2.758444374347024 2.6207599630340725 2.9953203443393015 3.1172619647621516 2.9074745108151703 3.092629880406265 3.0275955901797973 2.8916208154516734 3.1253880083974157 3.199757902151695 3.183179005903807 3.141827112759656 3.051985486538066 3.1089889111804934 3.3507481470859304 3.5482016839953343 3.5744279146298683 3.4616876158961567 3.367721434473514 3.3847337923487957 3.5569905434876103 3.2832470730245484 3.2915692445190046 3.2497327220614505 3.3338139991916433 3.258015913974275 3.2832470730245484 3.2915692445190046 3.2915692445190046 3.266470160233948 3.478913368272576 3.5569905434876103 3.5308219592547823 3.591903471894591 3.2497327220614505 3.367721434473514 3.487624461659719 3.367721434473514 3.591903471894591 3.5395914360977594 3.32528008209297 3.487624461659719 3.4531725219753477 3.41887543958404 3.4703791711716385 3.7775948223096445 3.6709278713963025 3.7775948223096445 3.9583425389599913 3.679851275526602 3.7240926157308536 3.804559352137678 3.7240926157308536 3.9858598763479023 3.9401027488501636 3.662185980192619 3.7240926157308536 3.8314321765100012 3.813449298647461 3.7597233992346464 3.6975542749607624 3.609417136670968 3.804559352137678 3.7508886629289946 3.7775948223096445 3.9310854954678334 3.8314321765100012 3.858563995863041 3.7597233992346464 3.8947514340034837 3.8947514340034837 3.9218993832188556 3.706333425945615 3.7418893017975585 3.8675087672497956 3.7330730527728044 3.9310854954678334 3.8405254894299046 3.9858598763479023 4.292775448258381 4.2550531631440744 4.031664040933904 4.114928663178128 4.152126383386034 4.031664040933904 4.217469681706391 4.133509829299363 4.1987302626375635 4.27389700972598 4.087032906984074 4.09638298767736 4.087032906984074 4.292775448258381 4.161356600048034 4.368632905651625 4.17077822183587 4.4258837292217255 4.531723093439896 4.512421692304587 4.445034863749972
2.030000 2.7894955100188352 2.6510662756753334 3.092629880406265 3.141827112759656 3.0195886289076617 3.1913838645082113 2.95527993109547 2.9873532967155483 2.8050827943071095 3.068244346893695 3.0437937726389976 3.1172619647621516 3.1089889111804934 2.883634459153842 3.5222306692969467 3.3761404886397117 3.4703791711716385 3.3507481470859304 3.3847337923487957 3.487624461659719 3.266470160233948 3.5049083193135044 3.316919059168708 3.393172123155076 3.3507481470859304 3.393172123155076 3.4360045872801006 3.224620615797176 3.5308219592547823 3.258015913974275 3.5744279146298683 3.3761404886397117 3.487624461659719 3.367721434473514 3.3761404886397117 3.5395914360977594 3.5134806146228708 3.487624461659719 3.5308219592547823 3.4616876158961567 3.5222306692969467 3.4961777259428795 3.5134806146228708 3.5134806146228708 3.4445005425392914 3.9675654368237803 3.715294895303003 3.6975542749607624 3.976618659079132 3.7597233992346464 3.9037325359196138 3.849452029292252 3.849452029292252 3.994931013794065 3.786631899160151 3.768741640443454 3.6532816723590718 3.7330730527728044 3.9401027488501636 3.6886118167516244 3.7240926157308536 3.6356733016454257 3.804559352137678 3.7955034845365736 3.7775948223096445 3.6181028403300237 3.912900182995015 3.8405254894299046 3.7418893017975585 3.6181028403300237 3.849452029292252 3.9401027488501636 3.9401027488501636 3.715294895303003 3.6445584711110413 3.6269688296878213 3.885602299887906 3.7418893017975585 3.9037325359196138 4.059398514738147 4.387682634199195 4.226944395924057 4.114928663178128 4.013279506756297 4.114928663178128 4.226944395924057 4.004190501010748 4.04095991813958 4.059398514738147 4.031664040933904 4.087032906984074 4.302320178347698 4.330635659446139 4.031664040933904 4.226944395924057 4.397313599800975 4.4739184571649115 4.4067662805426995 4.416414317370283 4.416414317370283
2.040000 2.7275581271899076 2.5234842737170373 3.003450744285498 3.199757902151695 2.883634459153842 3.0195886289076617 3.084543418727391 2.9953203443393015 2.9153413159340302 2.8443047815867 3.100882644135794 3.0357668950244268 3.076310974966537 2.9792433916584864 3.3507481470859304 3.3507481470859304 3.5744279146298683 3.5482016839953343 3.583075966486862 3.4961777259428795 3.5134806146228708 3.4017851508814365 3.4961777259428795 3.2079823900123703 3.4017851508814365 3.478913368272576 3.583075966486862 3.5656197122137576 3.367721434473514 3.4531725219753477 3.5569905434876103 3.4616876158961567 3.4961777259428795 3.4961777259428795 3.266470160233948 3.274772857790347 3.41887543958404 3.308405008172237 3.5049083193135044 3.5744279146298683 3.5569905434876103 3.5656197122137576 3.2330348235664155 3.4017851508814365 3.3338139991916433 3.6709278713963025 3.768741640443454 3.6532816723590718 3.6005703687441484 3.6709278713963025 3.6005703687441484 3.6356733016454257 3.6532816723590718 3.994931013794065 3.679851275526602 3.9218993832188556 3.768741640443454 3.804559352137678 3.706333425945615 3.9401027488501636 3.7597233992346464 3.8766393410359554 3.609417136670968 3.6181028403300237 3.7418893017975585 3.768741640443454 3.8225239117406637 3.786631899160151 3.9583425389599913 3.9218993832188556 3.609417136670968 3.7330730527728044 3.9401027488501636 3.849452029292252 3.8314321765100012 3.912900182995015 3.6886118167516244 3.9037325359196138 3.6269688296878213 4.068540840102059 4.050084518251851 4.208187333724751 4.050084518251851 4.077872904589594 4.105560618158931 4.105560618158931 4.04095991813958 4.013279506756297 4.321250461472404 4.124123872267262 4.245736319763044 4.031664040933904 4.013279506756297 4.378246740791886 4.04095991813958 4.17077822183587 4.677432327650685 4.445034863749972 4.726533084856339 4.560642437348045
2.050000 2.7275581271899076 2.4132947360270545 3.150140654150466 2.812965469114768 2.875807928460546 2.9953203443393015 3.084543418727391 3.1336813213896 3.1253880083974157 3.1748251019000335 3.1913838645082113 3.0357668950244268 3.1748251019000335 2.9312558679539493 3.367721434473514 3.308405008172237 3.4703791711716385 3.2412984784516516 3.4360045872801006 3.274772857790347 3.5395914360977594 3.2497327220614505 3.427352221294627 3.2915692445190046 3.32528008209297 3.4616876158961567 3.427352221294627 3.308405008172237 3.478913368272576 3.4360045872801006 3.5656197122137576 3.4961777259428795 3.3421943989254994 3.266470160233948 3.4531725219753477 3.427352221294627 3.3761404886397117 3.591903471894591 3.5569905434876103 3.359147890730457 3.266470160233948 3.2412984784516516 3.5222306692969467 3.224620615797176 3.410242724324369 3.6886118167516244 3.994931013794065 3.9218993832188556 3.6356733016454257 3.7597233992346464 3.976618659079132 3.8405254894299046 3.949307278152234 3.7240926157308536 3.858563995863041 3.7330730527728044 3.9583425389599913 3.7508886629289946 3.8947514340034837 3.976618659079132 3.8766393410359554 3.9401027488501636 3.7240926157308536 3.9310854954678334 3.786631899160151 3.662185980192619 3.804559352137678 3.715294895303003 3.849452029292252 3.9858598763479023 3.9310854954678334 3.7418893017975585 3.8766393410359554 3.885602299887906 3.8947514340034837 3.662185980192619 3.8947514340034837 3.804559352137678 3.885602299887906 4.311688368423777 4.236244017697849 4.031664040933904 4.311688368423777 4.142722567221125 4.152126383386034 4.34021505789757 4.330635659446139 4.311688368423777 4.022557214122902 4.09638298767736 4.105560618158931 4.087032906984074 4.217469681706391 4.330635659446139 4.124123872267262 4.087032906984074 4.502689204348403 4.502689204348403 4.589824969666061 4.4739184571649115
2.060000 2.6056692116350813 2.6207599630340725 3.092629880406265 2.8363805576478125 2.939304120852559 3.199757902151695 3.1913838645082113 3.199757902151695 2.947211099811094 2.9312558679539493 2.883634459153842 2.9873532967155483 3.1913838645082113 3.092629880406265 3.5134806146228708 3.3761404886397117 3.5482016839953343 3.5482016839953343 3.3338139991916433 3.5308219592547823 3.2497327220614505 3.5308219592547823 3.32528008209297 3.583075966486862 3.4017851508814365 3.393172123155076 3.4445005425392914 3.308405008172237 3.4616876158961567 3.266470160233948 3.4360045872801006 3.5744279146298683 3.2832470730245484 3.5134806146228708 3.32528008209297 3.4360045872801006 3.4703791711716385 3.393172123155076 3.2330348235664155 3.3847337923487957 3.32528008209297 3.5569905434876103 3.41887543958404 3.4017851508814365 3.2832470730245484 3.6975542749607624 3.6975542749607624 3.9037325359196138 3.7418893017975585 3.9858598763479023 3.7330730527728044 3.9310854954678334 3.976618659079132 3.6181028403300237 3.912900182995015 3.858563995863041 3.8405254894299046 3.768741640443454 3.6005703687441484 3.813449298647461 3.662185980192619 3.976618659079132 3.976618659079132 3.7508886629289946 3.8766393410359554 3.7240926157308536 3.7955034845365736 3.662185980192619 3.6975542749607624 3.912900182995015 3.7775948223096445 3.8766393410359554 3.949307278152234 3.9037325359196138 3.768741640443454 3.7330730527728044 3.6709278713963025 3.813449298647461 3.8225239117406637 4.208187333724751 4.1800258668376475 4.114928663178128 4.152126383386034 4.27389700972598 4.004190501010748 4.087032906984074 4.302320178347698 4.022557214122902 4.152126383386034 4.059398514738147 4.124123872267262 4.133509829299363 4.04095991813958 4.245736319763044 4.189465240303201 4.142722567221125 4.560642437348045 4.483437720084692 4.5510575218429565 4.677432327650685
2.070000 2.719934394004002 2.6587397644483315 3.1089889111804934 2.9873532967155483 2.947211099811094 3.084543418727391 3.150140654150466 3.1172619647621516 3.068244346893695 3.1666399026804894 3.199757902151695 3.1089889111804934 3.0437937726389976 3.1336813213896 3.478913368272576 3.2497327220614505 3.32528008209297 3.5569905434876103 3.274772857790347 3.359147890730457 3.266470160233948 3.4616876158961567 3.591903471894591 3.4616876158961567 3.359147890730457 3.5744279146298683 3.5308219592547823 3.5656197122137576 3.5482016839953343 3.359147890730457 3.5395914360977594 3.274772857790347 3.258015913974275 3.300063394777207 3.4445005425392914 3.2832470730245484 3.41887543958404 3.4017851508814365 3.5134806146228708 3.5222306692969467 3.4616876158961567 3.2412984784516516 3.5656197122137576 3.591903471894591 3.3847337923487957 3.6181028403300237 3.6181028403300237 3.7330730527728044 3.6709278713963025 3.7240926157308536 3.8947514340034837 3.706333425945615 3.6532816723590718 3.8947514340034837 3.6181028403300237 3.8947514340034837 3.885602299887906 3.679851275526602 3.715294895303003 3.6445584711110413 3.6005703687441484 3.9310854954678334 3.813449298647461 3.813449298647461 3.609417136670968 3.8314321765100012 3.662185980192619 3.849452029292252 3.662185980192619 3.813449298647461 3.976618659079132 3.679851275526602 3.609417136670968 3.813449298647461 3.8225239117406637 3.6709278713963025 3.6356733016454257 3.662185980192619 3.8675087672497956 4.077872904589594 4.077872904589594 4.27389700972598 4.34961720950167 4.031664040933904 4.34021505789757 4.124123872267262 4.050084518251851 4.124123872267262 4.189465240303201 4.189465240303201 4.245736319763044 4.330635659446139 4.031664040933904 4.077872904589594 4.068540840102059 4.04095991813958 4.445034863749972 4.502689204348403 4.45471686346053 4.531723093439896
2.080000 2.6283913418621196 2.7353365011881885 3.100882644135794 2.9712963409361106 3.1089889111804934 3.1583061641901065 3.003450744285498 2.9712963409361106 3.1748251019000335 2.8520909398927943 3.0600322532138695 2.9312558679539493 3.1172619647621516 3.0600322532138695 3.367721434473514 3.41887543958404 3.3338139991916433 3.2412984784516516 3.487624461659719 3.487624461659719 3.5656197122137576 3.583075966486862 3.2832470730245484 3.3847337923487957 3.4445005425392914 3.4703791711716385 3.300063394777207 3.3507481470859304 3.224620615797176 3.410242724324369 3.4961777259428795 3.308405008172237 3.2497327220614505 3.393172123155076 3.5049083193135044 3.3507481470859304 3.583075966486862 3.258015913974275 3.5308219592547823 3.3507481470859304 3.300063394777207 3.2412984784516516 3.427352221294627 3.2412984784516516 3.393172123155076 3.8314321765100012 3.994931013794065 3.7775948223096445 3.9401027488501636 3.849452029292252 3.6269688296878213 3.9037325359196138 3.9858598763479023 3.885602299887906 3.8314321765100012 3.6709278713963025 3.9310854954678334 3.609417136670968 3.6445584711110413 3.858563995863041 3.6886118167516244 3.9675654368237803 3.7240926157308536 3.7418893017975585 3.706333425945615 3.9218993832188556 3.8947514340034837 3.6181028403300237 3.7597233992346464 3.804559352137678 3.8766393410359554 3.9037325359196138 3.6532816723590718 3.912900182995015 3.7775948223096445 3.6356733016454257 3.6181028403300237 3.6975542749607624 3.715294895303003 4.152126383386034 4.152126383386034 4.161356600048034 4.208187333724751 4.189465240303201 4.217469681706391 4.302320178347698 4.059398514738147 4.04095991813958 4.2550531631440744 4.124123872267262 4.189465240303201 4.124123872267262 4.004190501010748 4.031664040933904 4.1987302626375635 4.2550531631440744 4.648220753516788 4.580026035009029 4.4067662805426995 4.483437720084692
2.090000 2.681538720054648 2.742980616656126 3.1666399026804894 2.8600359004679246 2.923368963259543 3.1583061641901065 2.963206958809479 2.9792433916584864 2.89946749583966 3.0114377622100448 3.199757902151695 3.092629880406265 3.1172619647621516 3.1913838645082113 3.367721434473514 3.3338139991916433 3.5656197122137576 3.591903471894591 3.3421943989254994 3.359147890730457 3.5569905434876103 3.5656197122137576 3.4017851508814365 3.2497327220614505 3.5222306692969467 3.393172123155076 3.4703791711716385 3.5134806146228708 3.3338139991916433 3.224620615797176 3.3338139991916433 3.2079823900123703 3.591903471894591 3.4961777259428795 3.5395914360977594 3.3338139991916433 3.3421943989254994 3.393172123155076 3.3421943989254994 3.4703791711716385 3.3761404886397117 3.3507481470859304 3.2497327220614505 3.487624461659719 3.274772857790347 3.885602299887906 3.8766393410359554 3.8225239117406637 3.912900182995015 3.885602299887906 3.679851275526602 3.6886118167516244 3.609417136670968 3.706333425945615 3.786631899160151 3.6356733016454257 3.6181028403300237 3.7418893017975585 3.6269688296878213 3.9218993832188556 3.849452029292252 3.8225239117406637 3.7955034845365736 3.7330730527728044 3.679851275526602 3.8947514340034837 3.6709278713963025 3.768741640443454 3.7508886629289946 3.7597233992346464 3.849452029292252 3.949307278152234 3.9310854954678334 3.6005703687441484 3.858563995863041 3.994931013794065 3.6269688296878213 3.8314321765100012 3.6445584711110413 4.189465240303201 4.013279506756297 4.077872904589594 4.059398514738147 4.245736319763044 4.2550531631440744 4.2834243201376205 4.077872904589594 4.133509829299363 4.208187333724751 4.397313599800975 4.105560618158931 4.302320178347698 4.2550531631440744 4.087032906984074 4.142722567221125 4.124123872267262 4.445034863749972 4.416414317370283 4.746190893645621 4.493153440002571
2.100000 2.758444374347024 2.6739762636570186 3.0357668950244268 3.183179005903807 2.875807928460546 3.084543418727391 2.9712963409361106 3.051985486538066 3.1336813213896 2.867842256978591 3.1913838645082113 3.199757902151695 2.8600359004679246 2.8207111595260184 3.266470160233948 3.5134806146228708 3.274772857790347 3.5134806146228708 3.4616876158961567 3.300063394777207 3.5222306692969467 3.266470160233948 3.583075966486862 3.5395914360977594 3.583075966486862 3.4703791711716385 3.224620615797176 3.478913368272576 3.2915692445190046 3.359147890730457 3.5308219592547823 3.4445005425392914 3.4531725219753477 3.5569905434876103 3.359147890730457 3.583075966486862 3.583075966486862 3.487624461659719 3.4703791711716385 3.478913368272576 3.3507481470859304 3.478913368272576 3.5308219592547823 3.5049083193135044 3.3338139991916433 3.6445584711110413 3.6269688296878213 3.7240926157308536 3.7955034845365736 3.7597233992346464 3.768741640443454 3.7240926157308536 3.7597233992346464 3.9218993832188556 3.609417136670968 3.813449298647461 3.858563995863041 3.609417136670968 3.9583425389599913 3.885602299887906 3.8947514340034837 3.9583425389599913 3.7955034845365736 3.7775948223096445 3.786631899160151 3.8225239117406637 3.706333425945615 3.662185980192619 3.6886118167516244 3.8947514340034837 3.6886118167516244 3.804559352137678 3.9401027488501636 3.706333425945615 3.8225239117406637 3.858563995863041 3.8314321765100012 3.9037325359196138 3.7955034845365736 4.1800258668376475 4.04095991813958 4.292775448258381 4.217469681706391 4.1987302626375635 4.004190501010748 4.208187333724751 4.330635659446139 4.368632905651625 4.105560618158931 4.35921385541505 4.1800258668376475 4.189465240303201 4.397313599800975 4.208187333724751 4.068540840102059 4.105560618158931 4.435548777559674 4.61889126864975 4.483437720084692 4.697010359996532
2.110000 2.7275581271899076 2.6968371342160555 3.0437937726389976 3.199757902151695 2.923368963259543 2.923368963259543 2.8050827943071095 3.076310974966537 3.003450744285498 2.8443047815867 3.150140654150466 2.963206958809479 2.89946749583966 3.068244346893695 3.2832470730245484 3.5395914360977594 3.591903471894591 3.591903471894591 3.4360045872801006 3.32528008209297 3.3847337923487957 3.5308219592547823 3.300063394777207 3.427352221294627 3.5744279146298683 3.5049083193135044 3.359147890730457 3.316919059168708 3.359147890730457 3.583075966486862 3.224620615797176 3.5222306692969467 3.367721434473514 3.427352221294627 3.2330348235664155 3.3338139991916433 3.5569905434876103 3.300063394777207 3.3761404886397117 3.583075966486862 3.2330348235664155 3.4616876158961567 3.5482016839953343 3.2915692445190046 3.367721434473514 3.715294895303003 3.6356733016454257 3.8314321765100012 3.976618659079132 3.7330730527728044 3.6532816723590718 3.786631899160151 3.8225239117406637 3.9310854954678334 3.885602299887906 3.8405254894299046 3.715294895303003 3.6269688296878213 3.679851275526602 3.9037325359196138 3.768741640443454 3.8675087672497956 3.8225239117406637 3.8225239117406637 3.885602299887906 3.9858598763479023 3.7508886629289946 3.8766393410359554 3.813449298647461 3.706333425945615 3.8675087672497956 3.804559352137678 3.9037325359196138 3.679851275526602 3.6445584711110413 3.8675087672497956 3.6181028403300237 3.9675654368237803 3.7597233992346464 4.236244017697849 4.124123872267262 4.17077822183587 4.059398514738147 4.004190501010748 4.050084518251851 4.245736319763044 4.330635659446139 4.124123872267262 4.031664040933904 4.022557214122902 4.2834243201376205 4.264562997420372 4.1987302626375635 4.17077822183587 4.302320178347698 4.321250461472404 4.435548777559674 4.667750740597353 4.60925774129937 4.512421692304587
2.120000 2.6587397644483315 2.704573622330376 2.95527993109547 3.1583061641901065 3.0600322532138695 2.939304120852559 2.95527993109547 3.199757902151695 3.100882644135794 2.9792433916584864 2.89946749583966 2.89946749583966 3.1913838645082113 3.1913838645082113 3.5134806146228708 3.4445005425392914 3.4703791711716385 3.393172123155076 3.3847337923487957 3.2163765290620767 3.5222306692969467 3.5049083193135044 3.41887543958404 3.3507481470859304 3.3507481470859304 3.487624461659719 3.4360045872801006 3.3338139991916433 3.3421943989254994 3.5222306692969467 3.3338139991916433 3.5656197122137576 3.5395914360977594 3.4961777259428795 3.583075966486862 3.5569905434876103 3.300063394777207 3.2832470730245484 3.4531725219753477 3.4961777259428795 3.5656197122137576 3.224620615797176 3.2412984784516516 3.224620615797176 3.4360045872801006 3.6445584711110413 3.7240926157308536 3.715294895303003 3.849452029292252 3.7508886629289946 3.858563995863041 3.6005703687441484 3.662185980192619 3.813449298647461 3.6532816723590718 3.9037325359196138 3.7330730527728044 3.6356733016454257 3.858563995863041 3.679851275526602 3.9583425389599913 3.9858598763479023 3.976618659079132 3.9401027488501636 3.813449298647461 3.609417136670968 3.849452029292252 3.706333425945615 3.7418893017975585 3.976618659079132 3.7955034845365736 3.6005703687441484 3.8947514340034837 3.8225239117406637 3.6445584711110413 3.7955034845365736 3.858563995863041 3.858563995863041 3.9037325359196138 4.114928663178128 4.068540840102059 4.031664040933904 4.245736319763044 4.27389700972598 4.124123872267262 4.050084518251851 4.264562997420372 4.1800258668376475 4.105560618158931 4.397313599800975 4.124123872267262 4.022557214122902 4.1800258668376475 4.368632905651625 4.302320178347698 4.189465240303201 4.4739184571649115 4.5510575218429565 4.580026035009029 4.521973899542435
2.130000 2.750779898693886 2.7817903811287406 3.003450744285498 3.1089889111804934 2.883634459153842 3.1336813213896 3.183179005903807 2.947211099811094 3.1748251019000335 3.1089889111804934 3.1336813213896 3.183179005903807 2.828614621459107 3.068244346893695 3.5395914360977594 3.2412984784516516 3.5222306692969467 3.4616876158961567 3.308405008172237 3.4703791711716385 3.3507481470859304 3.427352221294627 3.367721434473514 3.5656197122137576 3.4961777259428795 3.4360045872801006 3.591903471894591 3.5222306692969467 3.266470160233948 3.5569905434876103 3.3507481470859304 3.4961777259428795 3.32528008209297 3.478913368272576 3.5569905434876103 3.4703791711716385 3.2079823900123703 3.4017851508814365 3.5569905434876103 3.3338139991916433 3.224620615797176 3.274772857790347 3.3847337923487957 3.591903471894591 3.224620615797176 3.6269688296878213 3.8675087672497956 3.804559352137678 3.9583425389599913 3.8405254894299046 3.858563995863041 3.6356733016454257 3.715294895303003 3.6886118167516244 3.9037325359196138 3.7775948223096445 3.7597233992346464 3.6709278713963025 3.6445584711110413 3.6005703687441484 3.804559352137678 3.6445584711110413 3.8675087672497956 3.8675087672497956 3.804559352137678 3.976618659079132 3.9583425389599913 3.8947514340034837 3.8314321765100012 3.679851275526602 3.6886118167516244 3.8766393410359554 3.858563995863041 3.9675654368237803 3.912900182995015 3.609417136670968 3.6269688296878213 3.8405254894299046 3.679851275526602 4.330635659446139 4.022557214122902 4.142722567221125 4.031664040933904 4.292775448258381 4.133509829299363 4.059398514738147 4.013279506756297 4.368632905651625 4.152126383386034 4.217469681706391 4.077872904589594 4.031664040933904 4.292775448258381 4.2834243201376205 4.087032906984074 4.311688368423777 4.4258837292217255 4.580026035009029 4.521973899542435 4.502689204348403
2.140000 2.7275581271899076 2.704573622330376 3.1748251019000335 3.100882644135794 2.9712963409361106 3.0195886289076617 3.068244346893695 3.068244346893695 3.1748251019000335 2.89946749583966 2.9953203443393015 2.9792433916584864 3.1913838645082113 3.1666399026804894 3.367721434473514 3.2497327220614505 3.4445005425392914 3.4703791711716385 3.5134806146228708 3.4961777259428795 3.5569905434876103 3.2330348235664155 3.5482016839953343 3.308405008172237 3.5222306692969467 3.258015913974275 3.308405008172237 3.4531725219753477 3.5049083193135044 3.5482016839953343 3.4703791711716385 3.5482016839953343 3.410242724324369 3.308405008172237 3.4531725219753477 3.274772857790347 3.41887543958404 3.4531725219753477 3.3847337923487957 3.2079823900123703 3.2915692445190046 3.274772857790347 3.5395914360977594 3.478913368272576 3.478913368272576 3.9583425389599913 3.994931013794065 3.885602299887906 3.7240926157308536 3.6532816723590718 3.804559352137678 3.9218993832188556 3.6181028403300237 3.9858598763479023 3.949307278152234 3.7597233992346464 3.976618659079132 3.8225239117406637 3.7330730527728044 3.6356733016454257 3.662185980192619 3.7418893017975585 3.7775948223096445 3.7775948223096445 3.9310854954678334 3.786631899160151 3.949307278152234 3.8225239117406637 3.6181028403300237 3.9401027488501636 3.7955034845365736 3.8675087672497956 3.9583425389599913 3.9218993832188556 3.6709278713963025 3.976618659079132 3.6356733016454257 3.8405254894299046 3.9037325359196138 4.114928663178128 4.114928663178128 4.031664040933904 4.368632905651625 4.217469681706391 4.302320178347698 4.114928663178128 4.161356600048034 4.236244017697849 4.161356600048034 4.142722567221125 4.059398514738147 4.124123872267262 4.133509829299363 4.330635659446139 4.004190501010748 4.1987302626375635 4.7658803301983514 4.560642437348045 4.4739184571649115 4.648220753516788
2.150000 2.5681939743236386 2.7817903811287406 2.883634459153842 3.1253880083974157 2.9712963409361106 3.051985486538066 3.003450744285498 3.1583061641901065 3.0195886289076617 3.141827112759656 3.183179005903807 3.183179005903807 3.100882644135794 3.092629880406265 3.258015913974275 3.583075966486862 3.2412984784516516 3.224620615797176 3.583075966486862 3.410242724324369 3.410242724324369 3.4531725219753477 3.591903471894591 3.5569905434876103 3.3338139991916433 3.2330348235664155 3.4616876158961567 3.5222306692969467 3.3847337923487957 3.4017851508814365 3.5049083193135044 3.487624461659719 3.258015913974275 3.300063394777207 3.583075966486862 3.393172123155076 3.4616876158961567 3.367721434473514 3.316919059168708 3.4360045872801006 3.2330348235664155 3.5482016839953343 3.583075966486862 3.359147890730457 3.258015913974275 3.813449298647461 3.849452029292252 3.6445584711110413 3.9583425389599913 3.7508886629289946 3.6356733016454257 3.858563995863041 3.6975542749607624 3.6532816723590718 3.706333425945615 3.885602299887906 3.715294895303003 3.6181028403300237 3.6709278713963025 3.8405254894299046 3.9310854954678334 3.813449298647461 3.813449298647461 3.6269688296878213 3.7597233992346464 3.7418893017975585 3.6886118167516244 3.858563995863041 3.8675087672497956 3.9675654368237803 3.976618659079132 3.912900182995015 3.7418893017975585 3.9218993832188556 3.706333425945615 3.9858598763479023 3.768741640443454 3.6532816723590718 3.8314321765100012 4.245736319763044 4.1987302626375635 4.124123872267262 4.068540840102059 4.142722567221125 4.217469681706391 4.2550531631440744 4.2550531631440744 4.050084518251851 4.004190501010748 4.133509829299363 4.330635659446139 4.236244017697849 4.302320178347698 4.330635659446139 4.087032906984074 4.050084518251851 4.755935679775094 4.726533084856339 4.483437720084692 4.502689204348403
2.160000 2.666281752772024 2.471731876352579 3.0357668950244268 3.1253880083974157 3.051985486538066 3.1253880083974157 3.0437937726389976 3.1666399026804894 2.89946749583966 2.883634459153842 3.084543418727391 3.1583061641901065 2.939304120852559 2.8916208154516734 3.4616876158961567 3.591903471894591 3.583075966486862 3.359147890730457 3.4703791711716385 3.4961777259428795 3.308405008172237 3.32528008209297 3.5744279146298683 3.274772857790347 3.478913368272576 3.2832470730245484 3.4616876158961567 3.478913368272576 3.5744279146298683 3.3338139991916433 3.410242724324369 3.5222306692969467 3.478913368272576 3.5395914360977594 3.4961777259428795 3.4017851508814365 3.3761404886397117 3.3338139991916433 3.4445005425392914 3.410242724324369 3.274772857790347 3.367721434473514 3.5569905434876103 3.2915692445190046 3.274772857790347 3.849452029292252 3.7955034845365736 3.6356733016454257 3.9310854954678334 3.8675087672497956 3.949307278152234 3.949307278152234 3.706333425945615 3.6975542749607624 3.885602299887906 3.949307278152234 3.715294895303003 3.8314321765100012 3.6005703687441484 3.8405254894299046 3.6886118167516244 3.8675087672497956 3.609417136670968 3.912900182995015 3.8314321765100012 3.8314321765100012 3.6445584711110413 3.6005703687441484 3.6445584711110413 3.8947514340034837 3.7597233992346464 3.849452029292252 3.8675087672497956 3.8314321765100012 3.7418893017975585 3.9401027488501636 3.6532816723590718 3.7597233992346464 3.662185980192619 4.059398514738147 4.311688368423777 4.226944395924057 4.114928663178128 4.161356600048034 4.077872904589594 4.302320178347698 4.35921385541505 4.022557214122902 4.321250461472404 4.133509829299363 4.105560618158931 4.124123872267262 4.330635659446139 4.161356600048034 4.34021505789757 4.217469681706391 4.521973899542435 4.560642437348045 4.697010359996532 4.445034863749972
2.170000 2.6739762636570186 2.689254230838056 3.084543418727391 2.9712963409361106 3.199757902151695 3.150140654150466 3.1583061641901065 3.1172619647621516 3.076310974966537 3.1583061641901065 2.9074745108151703 3.1253880083974157 2.9153413159340302 3.1748251019000335 3.410242724324369 3.5744279146298683 3.224620615797176 3.393172123155076 3.2497327220614505 3.3761404886397117 3.4017851508814365 3.5744279146298683 3.5049083193135044 3.5569905434876103 3.478913368272576 3.4703791711716385 3.478913368272576 3.224620615797176 3.5482016839953343 3.5049083193135044 3.5656197122137576 3.3421943989254994 3.4616876158961567 3.5222306692969467 3.5049083193135044 3.4616876158961567 3.32528008209297 3.478913368272576 3.591903471894591 3.5049083193135044 3.4445005425392914 3.308405008172237 3.4360045872801006 3.5482016839953343 3.410242724324369 3.8405254894299046 3.609417136670968 3.9675654368237803 3.609417136670968 3.768741640443454 3.6886118167516244 3.9218993832188556 3.813449298647461 3.976618659079132 3.7955034845365736 3.6532816723590718 3.7775948223096445 3.8947514340034837 3.9858598763479023 3.6886118167516244 3.6445584711110413 3.8225239117406637 3.8225239117406637 3.7330730527728044 3.9583425389599913 3.804559352137678 3.609417136670968 3.9218993832188556 3.6445584711110413 3.885602299887906 3.6709278713963025 3.7418893017975585 3.609417136670968 3.706333425945615 3.6532816723590718 3.7418893017975585 3.6181028403300237 3.6709278713963025 3.7955034845365736 4.208187333724751 4.124123872267262 4.013279506756297 4.087032906984074 4.022557214122902 4.1987302626375635 4.236244017697849 4.292775448258381 4.245736319763044 4.1987302626375635 4.330635659446139 4.068540840102059 4.35921385541505 4.35921385541505 4.068540840102059 4.378246740791886 4.189465240303201 4.464219566817621 4.445034863749972 4.541291684561032 4.464219566817621
2.180000 2.4498061310288275 2.758444374347024 3.1748251019000335 3.0114377622100448 2.875807928460546 3.1089889111804934 2.9953203443393015 2.947211099811094 3.1089889111804934 3.199757902151695 2.89946749583966 3.1336813213896 3.0357668950244268 3.1913838645082113 3.5049083193135044 3.359147890730457 3.4531725219753477 3.4703791711716385 3.5744279146298683 3.4017851508814365 3.266470160233948 3.3338139991916433 3.3761404886397117 3.487624461659719 3.487624461659719 3.5656197122137576 3.4360045872801006 3.32528008209297 3.2412984784516516 3.478913368272576 3.4616876158961567 3.5395914360977594 3.4961777259428795 3.258015913974275 3.308405008172237 3.41887543958404 3.4961777259428795 3.2412984784516516 3.316919059168708 3.41887543958404 3.5395914360977594 3.2412984784516516 3.359147890730457 3.393172123155076 3.393172123155076 3.6445584711110413 3.6709278713963025 3.6709278713963025 3.7955034845365736 3.768741640443454 3.9401027488501636 3.7775948223096445 3.786631899160151 3.9037325359196138 3.6181028403300237 3.6709278713963025 3.6532816723590718 3.8314321765100012 3.912900182995015 3.7955034845365736 3.8947514340034837 3.6181028403300237 3.849452029292252 3.768741640443454 3.768741640443454 3.6269688296878213 3.7597233992346464 3.994931013794065 3.7597233992346464 3.9675654368237803 3.7508886629289946 3.7775948223096445 3.768741640443454 3.8947514340034837 3.6269688296878213 3.994931013794065 3.662185980192619 3.976618659079132 3.8947514340034837 4.264562997420372 4.105560618158931 4.264562997420372 4.2550531631440744 4.124123872267262 4.27389700972598 4.226944395924057 4.330635659446139 4.09638298767736 4.189465240303201 4.2834243201376205 4.004190501010748 4.059398514738147 4.311688368423777 4.330635659446139 4.124123872267262 4.245736319763044 4.502689204348403 4.45471686346053 4.464219566817621 4.464219566817621
2.190000 2.598209301621978 2.750779898693886 3.150140654150466 3.1253880083974157 3.051985486538066 3.0357668950244268 3.199757902151695 2.8916208154516734 3.0600322532138695 2.9873532967155483 3.199757902151695 3.0600322532138695 3.084543418727391 3.076310974966537 3.5395914360977594 3.274772857790347 3.5222306692969467 3.308405008172237 3.5308219592547823 3.5656197122137576 3.4017851508814365 3.359147890730457 3.5656197122137576 3.5395914360977594 3.5569905434876103 3.3421943989254994 3.487624461659719 3.5308219592547823 3.5569905434876103 3.410242724324369 3.4360045872801006 3.4961777259428795 3.2832470730245484 3.5222306692969467 3.3338139991916433 3.4531725219753477 3.2412984784516516 3.4531725219753477 3.2330348235664155 3.5134806146228708 3.427352221294627 3.410242724324369 3.591903471894591 3.4017851508814365 3.5395914360977594 3.662185980192619 3.994931013794065 3.6356733016454257 3.609417136670968 3.706333425945615 3.6005703687441484 3.7955034845365736 3.6356733016454257 3.715294895303003 3.6269688296878213 3.609417136670968 3.858563995863041 3.7418893017975585 3.813449298647461 3.6709278713963025 3.6886118167516244 3.786631899160151 3.786631899160151 3.804559352137678 3.8766393410359554 3.6445584711110413 3.7240926157308536 3.9858598763479023 3.6445584711110413 3.7330730527728044 3.715294895303003 3.7418893017975585 3.715294895303003 3.976618659079132 3.609417136670968 3.7597233992346464 3.6181028403300237 3.7775948223096445 3.9218993832188556 4.17077822183587 4.133509829299363 4.059398514738147 4.378246740791886 4.2550531631440744 4.321250461472404 4.189465240303201 4.059398514738147 4.17077822183587 4.04095991813958 4.2834243201376205 4.236244017697849 4.105560618158931 4.226944395924057 4.311688368423777 4.27389700972598 4.34961720950167 4.493153440002571 4.4067662805426995 4.4258837292217255 4.736262166944972
2.200000 2.7817903811287406 2.6968371342160555 3.068244346893695 3.1913838645082113 2.9873532967155483 3.1913838645082113 3.1913838645082113 3.0114377622100448 3.1253880083974157 3.1583061641901065 2.8520909398927943 3.1583061641901065 3.199757902151695 3.068244346893695 3.3847337923487957 3.2330348235664155 3.487624461659719 3.5744279146298683 3.4017851508814365 3.308405008172237 3.2497327220614505 3.2832470730245484 3.4531725219753477 3.4360045872801006 3.4531725219753477 3.2079823900123703 3.2412984784516516 3.583075966486862 3.5049083193135044 3.5222306692969467 3.2497327220614505 3.5569905434876103 3.2832470730245484 3.316919059168708 3.2497327220614505 3.3847337923487957 3.5656197122137576 3.5222306692969467 3.4360045872801006 3.2497327220614505 3.258015913974275 3.427352221294627 3.393172123155076 3.4531725219753477 3.3338139991916433 3.6181028403300237 3.6709278713963025 3.885602299887906 3.9310854954678334 3.662185980192619 3.6532816723590718 3.9401027488501636 3.9583425389599913 3.786631899160151 3.7597233992346464 3.9675654368237803 3.9310854954678334 3.6356733016454257 3.8225239117406637 3.6269688296878213 3.8405254894299046 3.9675654368237803 3.885602299887906 3.715294895303003 3.6445584711110413 3.6005703687441484 3.813449298647461 3.7955034845365736 3.6532816723590718 3.9218993832188556 3.9675654368237803 3.912900182995015 3.9310854954678334 3.8225239117406637 3.8947514340034837 3.7240926157308536 3.949307278152234 3.7775948223096445 3.9401027488501636 4.09638298767736 4.35921385541505 4.050084518251851 4.208187333724751 4.105560618158931 4.077872904589594 4.2550531631440744 4.387682634199195 4.022557214122902 4.217469681706391 4.152126383386034 4.302320178347698 4.09638298767736 4.321250461472404 4.1800258668376475 4.004190501010748 4.133509829299363 4.493153440002571 4.531723093439896 4.416414317370283 4.628723044707949
2.210000 2.7894955100188352 2.643544776344315 3.0600322532138695 2.947211099811094 2.963206958809479 3.0275955901797973 3.1583061641901065 2.8050827943071095 2.9153413159340302 2.939304120852559 2.963206958809479 3.003450744285498 3.003450744285498 2.939304120852559 3.4445005425392914 3.4017851508814365 3.4360045872801006 3.410242724324369 3.5656197122137576 3.2915692445190046 3.3338139991916433 3.2915692445190046 3.5744279146298683 3.2915692445190046 3.2915692445190046 3.3507481470859304 3.591903471894591 3.4703791711716385 3.3761404886397117 3.4703791711716385 3.5308219592547823 3.4703791711716385 3.4961777259428795 3.2412984784516516 3.4961777259428795 3.2497327220614505 3.4961777259428795 3.2330348235664155 3.274772857790347 3.591903471894591 3.5569905434876103 3.3847337923487957 3.2079823900123703 3.5049083193135044 3.5656197122137576 3.6181028403300237 3.609417136670968 3.7508886629289946 3.7775948223096445 3.679851275526602 3.706333425945615 3.6181028403300237 3.9583425389599913 3.8314321765100012 3.7330730527728044 3.7418893017975585 3.994931013794065 3.7418893017975585 3.7955034845365736 3.912900182995015 3.609417136670968 3.804559352137678 3.6975542749607624 3.8675087672497956 3.9858598763479023 3.949307278152234 3.9037325359196138 3.6975542749607624 3.8405254894299046 3.6445584711110413 3.6709278713963025 3.8675087672497956 3.715294895303003 3.9675654368237803 3.949307278152234 3.7508886629289946 3.7508886629289946 3.7508886629289946 3.8225239117406637 4.161356600048034 4.2834243201376205 4.152126383386034 4.004190501010748 4.245736319763044 4.114928663178128 4.059398514738147 4.013279506756297 4.022557214122902 4.09638298767736 4.022557214122902 4.105560618158931 4.013279506756297 4.105560618158931 4.378246740791886 4.004190501010748 4.378246740791886 4.755935679775094 4.464219566817621 4.493153440002571 4.726533084856339
2.220000 2.689254230838056 2.6968371342160555 3.141827112759656 2.95527993109547 3.199757902151695 3.092629880406265 3.199757902151695 3.084543418727391 2.963206958809479 3.1583061641901065 3.068244346893695 2.867842256978591 3.1336813213896 2.867842256978591 3.591903471894591 3.393172123155076 3.3847337923487957 3.5656197122137576 3.487624461659719 3.4703791711716385 3.3847337923487957 3.266470160233948 3.4017851508814365 3.4703791711716385 3.3338139991916433 3.5482016839953343 3.393172123155076 3.2915692445190046 3.2330348235664155 3.583075966486862 3.2330348235664155 3.4616876158961567 3.5744279146298683 3.4531725219753477 3.478913368272576 3.2079823900123703 3.591903471894591 3.41887543958404 3.5482016839953343 3.32528008209297 3.5482016839953343 3.258015913974275 3.393172123155076 3.591903471894591 3.2079823900123703 3.8405254894299046 3.9401027488501636 3.7418893017975585 3.609417136670968 3.7775948223096445 3.706333425945615 3.8766393410359554 3.609417136670968 3.6269688296878213 3.6975542749607624 3.786631899160151 3.6445584711110413 3.9583425389599913 3.6356733016454257 3.6532816723590718 3.6532816723590718 3.609417136670968 3.662185980192619 3.912900182995015 3.7775948223096445 3.679851275526602 3.6886118167516244 3.8766393410359554 3.6975542749607624 3.6356733016454257 3.7508886629289946 3.9401027488501636 3.609417136670968 3.994931013794065 3.609417136670968 3.994931013794065 3.6445584711110413 3.885602299887906 3.9858598763479023 4.022557214122902 4.050084518251851 4.068540840102059 4.059398514738147 4.35921385541505 4.189465240303201 4.152126383386034 4.1987302626375635 4.050084518251851 4.226944395924057 4.1987302626375635 4.087032906984074 4.292775448258381 4.35921385541505 4.04095991813958 4.068540840102059 4.161356600048034 4.716620349901103 4.5510575218429565 4.589824969666061 4.560642437348045
2.230000 2.6739762636570186 2.6510662756753334 3.1336813213896 3.150140654150466 2.9953203443393015 2.8520909398927943 2.9792433916584864 3.003450744285498 3.1666399026804894 3.100882644135794 3.1336813213896 2.8520909398927943 3.150140654150466 3.003450744285498 3.5744279146298683 3.2330348235664155 3.3507481470859304 3.591903471894591 3.4531725219753477 3.487624461659719 3.3761404886397117 3.41887543958404 3.5134806146228708 3.5049083193135044 3.2832470730245484 3.2497327220614505 3.3338139991916433 3.5656197122137576 3.4616876158961567 3.5049083193135044 3.487624461659719 3.4616876158961567 3.5308219592547823 3.359147890730457 3.410242724324369 3.5569905434876103 3.2079823900123703 3.2497327220614505 3.367721434473514 3.5482016839953343 3.2497327220614505 3.308405008172237 3.4616876158961567 3.5049083193135044 3.478913368272576 3.6709278713963025 3.662185980192619 3.8314321765100012 3.7240926157308536 3.8225239117406637 3.912900182995015 3.858563995863041 3.715294895303003 3.7330730527728044 3.7597233992346464 3.7597233992346464 3.609417136670968 3.6709278713963025 3.6356733016454257 3.9037325359196138 3.7775948223096445 3.9218993832188556 3.6181028403300237 3.912900182995015 3.7955034845365736 3.858563995863041 3.7418893017975585 3.6886118167516244 3.609417136670968 3.6975542749607624 3.6975542749607624 3.768741640443454 3.6356733016454257 3.8675087672497956 3.715294895303003 3.858563995863041 3.768741640443454 3.7955034845365736 3.609417136670968 4.124123872267262 4.04095991813958 4.114928663178128 4.04095991813958 4.105560618158931 4.264562997420372 4.311688368423777 4.264562997420372 4.35921385541505 4.152126383386034 4.022557214122902 4.04095991813958 4.1800258668376475 4.378246740791886 4.27389700972598 4.031664040933904 4.1987302626375635 4.416414317370283 4.5994423537970714 4.445034863749972 4.531723093439896
2.240000 2.6056692116350813 2.7275581271899076 3.0195886289076617 3.1089889111804934 3.1583061641901065 3.0357668950244268 3.100882644135794 3.141827112759656 2.8443047815867 2.9074745108151703 3.076310974966537 3.092629880406265 3.1172619647621516 3.068244346893695 3.3421943989254994 3.5482016839953343 3.3507481470859304 3.4445005425392914 3.583075966486862 3.583075966486862 3.224620615797176 3.5049083193135044 3.3761404886397117 3.4616876158961567 3.41887543958404 3.410242724324369 3.5395914360977594 3.4360045872801006 3.5569905434876103 3.316919059168708 3.5482016839953343 3.316919059168708 3.591903471894591 3.5308219592547823 3.4961777259428795 3.427352221294627 3.487624461659719 3.4017851508814365 3.3338139991916433 3.3421943989254994 3.478913368272576 3.3421943989254994 3.3847337923487957 3.5482016839953343 3.410242724324369 3.8225239117406637 3.7240926157308536 3.7775948223096445 3.9583425389599913 3.8675087672497956 3.6269688296878213 3.7597233992346464 3.8675087672497956 3.6886118167516244 3.8947514340034837 3.679851275526602 3.8314321765100012 3.6005703687441484 3.9858598763479023 3.9675654368237803 3.7240926157308536 3.949307278152234 3.9675654368237803 3.7508886629289946 3.9218993832188556 3.9675654368237803 3.8225239117406637 3.7775948223096445 3.9218993832188556 3.6181028403300237 3.6975542749607624 3.6181028403300237 3.885602299887906 3.662185980192619 3.7418893017975585 3.6445584711110413 3.8225239117406637 3.8314321765100012 3.8675087672497956 4.27389700972598 4.387682634199195 4.124123872267262 4.1987302626375635 4.105560618158931 4.387682634199195 4.161356600048034 4.022557214122902 4.152126383386034 4.17077822183587 4.004190501010748 4.311688368423777 4.161356600048034 4.04095991813958 4.302320178347698 4.09638298767736 4.004190501010748 4.4067662805426995 4.512421692304587 4.657886382739784 4.638372653851022
2.250000 2.7662645407768167 2.6283913418621196 3.1089889111804934 3.1748251019000335 3.0195886289076617 3.0114377622100448 3.1253880083974157 2.9312558679539493 3.1172619647621516 3.199757902151695 3.092629880406265 3.150140654150466 3.199757902151695 3.0114377622100448 3.3507481470859304 3.2915692445190046 3.5482016839953343 3.393172123155076 3.274772857790347 3.4017851508814365 3.266470160233948 3.427352221294627 3.32528008209297 3.591903471894591 3.487624461659719 3.5308219592547823 3.224620615797176 3.583075966486862 3.5482016839953343 3.5395914360977594 3.367721434473514 3.274772857790347 3.5482016839953343 3.2079823900123703 3.5656197122137576 3.5656197122137576 3.316919059168708 3.2079823900123703 3.591903471894591 3.4445005425392914 3.5049083193135044 3.367721434473514 3.3338139991916433 3.266470160233948 3.4017851508814365 3.9037325359196138 3.6445584711110413 3.849452029292252 3.849452029292252 3.9401027488501636 3.8314321765100012 3.994931013794065 3.9675654368237803 3.706333425945615 3.715294895303003 3.6356733016454257 3.7597233992346464 3.6269688296878213 3.8947514340034837 3.9675654368237803 3.6445584711110413 3.8947514340034837 3.994931013794065 3.715294895303003 3.9858598763479023 3.7775948223096445 3.7330730527728044 3.706333425945615 3.6005703687441484 3.6532816723590718 3.715294895303003 3.6356733016454257 3.858563995863041 3.8225239117406637 3.609417136670968 3.7775948223096445 3.858563995863041 3.9675654368237803 3.8675087672497956 4.124123872267262 4.068540840102059 4.087032906984074 4.161356600048034 4.330635659446139 4.013279506756297 4.2550531631440744 4.133509829299363 4.068540840102059 4.226944395924057 4.105560618158931 4.133509829299363 4.264562997420372 4.34961720950167 4.050084518251851 4.068540840102059 4.133509829299363 4.4067662805426995 4.416414317370283 4.648220753516788 4.61889126864975
2.260000 2.666281752772024 2.712176951408701 3.1666399026804894 3.1666399026804894 3.1913838645082113 3.100882644135794 2.963206958809479 3.0114377622100448 3.051985486538066 2.9312558679539493 2.9712963409361106 3.1583061641901065 3.1336813213896 3.1913838645082113 3.316919059168708 3.4703791711716385 3.4017851508814365 3.359147890730457 3.2330348235664155 3.5049083193135044 3.5569905434876103 3.4017851508814365 3.5744279146298683 3.3338139991916433 3.3338139991916433 3.2915692445190046 3.487624461659719 3.4703791711716385 3.2079823900123703 3.367721434473514 3.5395914360977594 3.258015913974275 3.5744279146298683 3.5656197122137576 3.3421943989254994 3.591903471894591 3.410242724324369 3.5656197122137576 3.266470160233948 3.583075966486862 3.300063394777207 3.316919059168708 3.4445005425392914 3.591903471894591 3.5482016839953343 3.8314321765100012 3.6445584711110413 3.8947514340034837 3.8314321765100012 3.715294895303003 3.8947514340034837 3.662185980192619 3.804559352137678 3.609417136670968 3.786631899160151 3.768741640443454 3.7775948223096445 3.6181028403300237 3.858563995863041 3.6005703687441484 3.9218993832188556 3.885602299887906 3.6269688296878213 3.6445584711110413 3.7775948223096445 3.6532816723590718 3.8405254894299046 3.7330730527728044 3.9858598763479023 3.768741640443454 3.715294895303003 3.6886118167516244 3.7775948223096445 3.9583425389599913 3.6181028403300237 3.912900182995015 3.7418893017975585 3.8405254894299046 3.8405254894299046 4.368632905651625 4.068540840102059 4.142722567221125 4.077872904589594 4.321250461472404 4.2834243201376205 4.124123872267262 4.031664040933904 4.217469681706391 4.114928663178128 4.35921385541505 4.2550531631440744 4.321250461472404 4.077872904589594 4.292775448258381 4.161356600048034 4.189465240303201 4.493153440002571 4.5704248550692625 4.60925774129937 4.4067662805426995
2.270000 2.7973573730146533 2.7817903811287406 3.092629880406265 2.963206958809479 2.8050827943071095 2.947211099811094 3.092629880406265 3.0437937726389976 2.875807928460546 3.1913838645082113 3.1089889111804934 3.092629880406265 3.1583061641901065 2.939304120852559 3.274772857790347 3.316919059168708 3.308405008172237 3.5308219592547823 3.5395914360977594 3.5134806146228708 3.2163765290620767 3.478913368272576 3.308405008172237 3.5049083193135044 3.5395914360977594 3.5222306692969467 3.4961777259428795 3.487624461659719 3.224620615797176 3.5222306692969467 3.5134806146228708 3.4531725219753477 3.5222306692969467 3.2915692445190046 3.487624461659719 3.583075966486862 3.258015913974275 3.4017851508814365 3.274772857790347 3.3338139991916433 3.41887543958404 3.2163765290620767 3.258015913974275 3.410242724324369 3.427352221294627 3.6445584711110413 3.768741640443454 3.976618659079132 3.9218993832188556 3.7775948223096445 3.679851275526602 3.662185980192619 3.7330730527728044 3.9310854954678334 3.8947514340034837 3.813449298647461 3.6975542749607624 3.6709278713963025 3.885602299887906 3.813449298647461 3.994931013794065 3.7955034845365736 3.994931013794065 3.679851275526602 3.6005703687441484 3.976618659079132 3.9675654368237803 3.662185980192619 3.679851275526602 3.6709278713963025 3.8405254894299046 3.8766393410359554 3.7330730527728044 3.662185980192619 3.804559352137678 3.6005703687441484 3.858563995863041 3.6356733016454257 3.976618659079132 4.161356600048034 4.031664040933904 4.04095991813958 4.226944395924057 4.226944395924057 4.264562997420372 4.217469681706391 4.302320178347698 4.022557214122902 4.330635659446139 4.105560618158931 4.09638298767736 4.031664040933904 4.17077822183587 4.013279506756297 4.189465240303201 4.004190501010748 4.45471686346053 4.541291684561032 4.755935679775094 4.4739184571649115
2.280000 2.689254230838056 2.7353365011881885 3.141827112759656 2.9312558679539493 3.0600322532138695 2.8443047815867 3.1172619647621516 3.100882644135794 3.092629880406265 3.100882644135794 2.867842256978591 3.0114377622100448 3.051985486538066 3.0275955901797973 3.308405008172237 3.2079823900123703 3.5222306692969467 3.5395914360977594 3.4360045872801006 3.4703791711716385 3.359147890730457 3.5134806146228708 3.4531725219753477 3.5134806146228708 3.32528008209297 3.583075966486862 3.4445005425392914 3.2330348235664155 3.591903471894591 3.5656197122137576 3.274772857790347 3.4531725219753477 3.410242724324369 3.316919059168708 3.5482016839953343 3.4017851508814365 3.3421943989254994 3.2915692445190046 3.41887543958404 3.5656197122137576 3.316919059168708 3.4445005425392914 3.4703791711716385 3.5134806146228708 3.5482016839953343 3.6356733016454257 3.8947514340034837 3.849452029292252 3.6975542749607624 3.7508886629289946 3.7508886629289946 3.6005703687441484 3.9401027488501636 3.7775948223096445 3.679851275526602 3.609417136670968 3.662185980192619 3.7418893017975585 3.7240926157308536 3.7955034845365736 3.885602299887906 3.786631899160151 3.9037325359196138 3.6886118167516244 3.9675654368237803 3.858563995863041 3.949307278152234 3.8675087672497956 3.9583425389599913 3.609417136670968 3.609417136670968 3.9218993832188556 3.7508886629289946 3.9401027488501636 3.9218993832188556 3.786631899160151 3.9675654368237803 3.9583425389599913 3.7418893017975585 4.124123872267262 4.022557214122902 4.124123872267262 4.34021505789757 4.004190501010748 4.321250461472404 4.1800258668376475 4.302320178347698 4.124123872267262 4.161356600048034 4.321250461472404 4.114928663178128 4.302320178347698 4.236244017697849 4.022557214122902 4.087032906984074 4.068540840102059 4.755935679775094 4.589824969666061 4.435548777559674 4.61889126864975
2.290000 2.719934394004002 2.7662645407768167 3.1666399026804894 3.092629880406265 3.1089889111804934 3.0114377622100448 3.1666399026804894 3.150140654150466 3.084543418727391 3.0275955901797973 3.092629880406265 2.867842256978591 3.1089889111804934 3.199757902151695 3.5308219592547823 3.3507481470859304 3.300063394777207 3.5049083193135044 3.427352221294627 3.410242724324369 3.3847337923487957 3.478913368272576 3.478913368272576 3.3847337923487957 3.2412984784516516 3.308405008172237 3.3507481470859304 3.274772857790347 3.5569905434876103 3.2163765290620767 3.359147890730457 3.4961777259428795 3.5049083193135044 3.4360045872801006 3.274772857790347 3.5569905434876103 3.4017851508814365 3.427352221294627 3.583075966486862 3.308405008172237 3.4017851508814365 3.591903471894591 3.4616876158961567 3.2079823900123703 3.300063394777207 3.6181028403300237 3.8225239117406637 3.885602299887906 3.813449298647461 3.715294895303003 3.679851275526602 3.609417136670968 3.8766393410359554 3.9401027488501636 3.8314321765100012 3.768741640443454 3.858563995863041 3.8405254894299046 3.7597233992346464 3.885602299887906 3.7508886629289946 3.6356733016454257 3.8405254894299046 3.813449298647461 3.949307278152234 3.6975542749607624 3.768741640443454 3.849452029292252 3.706333425945615 3.7240926157308536 3.706333425945615 3.9310854954678334 3.8766393410359554 3.9858598763479023 3.609417136670968 3.858563995863041 3.9401027488501636 3.706333425945615 3.706333425945615 4.068540840102059 4.105560618158931 4.1987302626375635 4.077872904589594 4.022557214122902 4.152126383386034 4.264562997420372 4.292775448258381 4.133509829299363 4.245736319763044 4.34961720950167 4.34961720950167 4.1987302626375635 4.142722567221125 4.1987302626375635 4.34961720950167 4.09638298767736 4.435548777559674 4.4067662805426995 4.5510575218429565 4.716620349901103
2.300000 2.719934394004002 2.742980616656126 3.0275955901797973 3.1253880083974157 2.963206958809479 3.1748251019000335 3.0195886289076617 3.183179005903807 3.0114377622100448 2.923368963259543 3.1748251019000335 3.1913838645082113 2.9953203443393015 2.8600359004679246 3.2832470730245484 3.5308219592547823 3.4703791711716385 3.478913368272576 3.591903471894591 3.393172123155076 3.2163765290620767 3.2412984784516516 3.300063394777207 3.5744279146298683 3.316919059168708 3.359147890730457 3.2163765290620767 3.591903471894591 3.2832470730245484 3.5656197122137576 3.3338139991916433 3.5049083193135044 3.487624461659719 3.32528008209297 3.300063394777207 3.224620615797176 3.274772857790347 3.4961777259428795 3.4531725219753477 3.4703791711716385 3.3847337923487957 3.4445005425392914 3.5308219592547823 3.2412984784516516 3.4616876158961567 3.6532816723590718 3.8766393410359554 3.609417136670968 3.6005703687441484 3.7418893017975585 3.8675087672497956 3.994931013794065 3.9583425389599913 3.7775948223096445 3.662185980192619 3.8225239117406637 3.8405254894299046 3.609417136670968 3.7418893017975585 3.7775948223096445 3.6005703687441484 3.8314321765100012 3.885602299887906 3.9218993832188556 3.715294895303003 3.6356733016454257 3.9858598763479023 3.885602299887906 3.6181028403300237 3.7330730527728044 3.7508886629289946 3.8947514340034837 3.7597233992346464 3.6356733016454257 3.7330730527728044 3.9218993832188556 3.849452029292252 3.9675654368237803 3.949307278152234 4.264562997420372 4.022557214122902 4.04095991813958 4.2550531631440744 4.022557214122902 4.013279506756297 4.077872904589594 4.321250461472404 4.208187333724751 4.34021505789757 4.087032906984074 4.09638298767736 4.031664040933904 4.226944395924057 4.321250461472404 4.152126383386034 4.077872904589594 4.560642437348045 4.4739184571649115 4.687312877728655 4.521973899542435
2.310000 2.6056692116350813 2.666281752772024 3.084543418727391 3.1336813213896 2.9873532967155483 3.1089889111804934 3.1913838645082113 2.89946749583966 2.9712963409361106 3.100882644135794 3.1336813213896 3.199757902151695 2.8600359004679246 2.9074745108151703 3.5308219592547823 3.5308219592547823 3.4703791711716385 3.3421943989254994 3.41887543958404 3.5134806146228708 3.2915692445190046 3.487624461659719 3.3507481470859304 3.367721434473514 3.5569905434876103 3.5569905434876103 3.583075966486862 3.2163765290620767 3.5744279146298683 3.274772857790347 3.478913368272576 3.2497327220614505 3.367721434473514 3.367721434473514 3.308405008172237 3.41887543958404 3.487624461659719 3.5049083193135044 3.308405008172237 3.2163765290620767 3.5482016839953343 3.5134806146228708 3.5482016839953343 3.3421943989254994 3.5222306692969467 3.8947514340034837 3.9218993832188556 3.6181028403300237 3.786631899160151 3.9583425389599913 3.609417136670968 3.786631899160151 3.768741640443454 3.7508886629289946 3.8405254894299046 3.6356733016454257 3.9675654368237803 3.9037325359196138 3.858563995863041 3.6709278713963025 3.9675654368237803 3.7508886629289946 3.849452029292252 3.9401027488501636 3.7508886629289946 3.7955034845365736 3.8314321765100012 3.858563995863041 3.6532816723590718 3.6445584711110413 3.7508886629289946 3.6005703687441484 3.8405254894299046 3.715294895303003 3.6005703687441484 3.6269688296878213 3.7508886629289946 3.7330730527728044 3.804559352137678 4.050084518251851 4.226944395924057 4.236244017697849 4.311688368423777 4.330635659446139 4.397313599800975 4.208187333724751 4.226944395924057 4.1987302626375635 4.04095991813958 4.189465240303201 4.133509829299363 4.292775448258381 4.217469681706391 4.142722567221125 4.161356600048034 4.013279506756297 4.677432327650685 4.45471686346053 4.45471686346053 4.445034863749972
2.320000 2.704573622330376 2.7275581271899076 3.1336813213896 3.199757902151695 3.0437937726389976 2.883634459153842 3.0114377622100448 2.8443047815867 3.141827112759656 2.9873532967155483 3.183179005903807 2.9153413159340302 3.1089889111804934 2.9792433916584864 3.4360045872801006 3.308405008172237 3.4616876158961567 3.583075966486862 3.393172123155076 3.5308219592547823 3.41887543958404 3.5482016839953343 3.4445005425392914 3.4360045872801006 3.4531725219753477 3.410242724324369 3.367721434473514 3.5656197122137576 3.583075966486862 3.393172123155076 3.308405008172237 3.316919059168708 3.5395914360977594 3.5744279146298683 3.316919059168708 3.3338139991916433 3.5656197122137576 3.427352221294627 3.5308219592547823 3.5744279146298683 3.478913368272576 3.4017851508814365 3.4616876158961567 3.5049083193135044 3.5049083193135044 3.8314321765100012 3.7955034845365736 3.9675654368237803 3.6886118167516244 3.9675654368237803 3.6886118167516244 3.9401027488501636 3.9858598763479023 3.6181028403300237 3.6975542749607624 3.6181028403300237 3.8405254894299046 3.9858598763479023 3.7508886629289946 3.9310854954678334 3.885602299887906 3.6445584711110413 3.768741640443454 3.6005703687441484 3.662185980192619 3.7508886629289946 3.609417136670968 3.706333425945615 3.6445584711110413 3.885602299887906 3.6005703687441484 3.8766393410359554 3.976618659079132 3.706333425945615 3.7775948223096445 3.976618659079132 3.994931013794065 3.6532816723590718 3.8314321765100012 4.031664040933904 4.105560618158931 4.208187333724751 4.189465240303201 4.2550531631440744 4.236244017697849 4.133509829299363 4.1987302626375635 4.068540840102059 4.35921385541505 4.133509829299363 4.04095991813958 4.09638298767736 4.226944395924057 4.208187333724751 4.189465240303201 4.004190501010748 4.531723093439896 4.60925774129937 4.5994423537970714 4.45471686346053
2.330000 2.689254230838056 2.758444374347024 3.092629880406265 3.003450744285498 3.100882644135794 2.9312558679539493 2.8520909398927943 3.1172619647621516 3.051985486538066 3.1583061641901065 3.1253880083974157 3.1913838645082113 3.183179005903807 2.963206958809479 3.5744279146298683 3.427352221294627 3.5744279146298683 3.2497327220614505 3.32528008209297 3.3847337923487957 3.3338139991916433 3.478913368272576 3.5134806146228708 3.266470160233948 3.32528008209297 3.41887543958404 3.4961777259428795 3.4360045872801006 3.487624461659719 3.5222306692969467 3.2497327220614505 3.487624461659719 3.266470160233948 3.32528008209297 3.5656197122137576 3.487624461659719 3.4531725219753477 3.3507481470859304 3.5222306692969467 3.4961777259428795 3.274772857790347 3.32528008209297 3.41887543958404 3.5482016839953343 3.410242724324369 3.7955034845365736 3.885602299887906 3.9401027488501636 3.813449298647461 3.7418893017975585 3.9310854954678334 3.8766393410359554 3.7597233992346464 3.9218993832188556 3.6356733016454257 3.6269688296878213 3.7330730527728044 3.885602299887906 3.768741640443454 3.609417136670968 3.6356733016454257 3.7508886629289946 3.662185980192619 3.6532816723590718 3.6356733016454257 3.858563995863041 3.6356733016454257 3.786631899160151 3.679851275526602 3.715294895303003 3.6886118167516244 3.9310854954678334 3.7955034845365736 3.679851275526602 3.885602299887906 3.8405254894299046 3.8314321765100012 3.6709278713963025 3.804559352137678 4.226944395924057 4.105560618158931 4.330635659446139 4.09638298767736 4.217469681706391 4.022557214122902 4.087032906984074 4.17077822183587 4.2550531631440744 4.264562997420372 4.208187333724751 4.34021505789757 4.068540840102059 4.124123872267262 4.217469681706391 4.068540840102059 4.059398514738147 4.435548777559674 4.493153440002571 4.4067662805426995 4.746190893645621
2.340000 2.666281752772024 2.7973573730146533 2.9953203443393015 3.076310974966537 3.084543418727391 3.150140654150466 3.183179005903807 3.092629880406265 3.1089889111804934 2.9153413159340302 2.867842256978591 3.100882644135794 3.141827112759656 3.1089889111804934 3.5395914360977594 3.2163765290620767 3.5482016839953343 3.393172123155076 3.4360045872801006 3.410242724324369 3.4616876158961567 3.4703791711716385 3.41887543958404 3.359147890730457 3.2079823900123703 3.5049083193135044 3.5656197122137576 3.2832470730245484 3.5569905434876103 3.393172123155076 3.4360045872801006 3.41887543958404 3.5395914360977594 3.2079823900123703 3.5482016839953343 3.224620615797176 3.3761404886397117 3.2330348235664155 3.2497327220614505 3.4531725219753477 3.3507481470859304 3.478913368272576 3.4961777259428795 3.4703791711716385 3.5308219592547823 3.9037325359196138 3.7330730527728044 3.912900182995015 3.715294895303003 3.6005703687441484 3.6445584711110413 3.7775948223096445 3.6181028403300237 3.6975542749607624 3.8314321765100012 3.9310854954678334 3.7240926157308536 3.9583425389599913 3.9583425389599913 3.7955034845365736 3.679851275526602 3.6181028403300237 3.6975542749607624 3.6269688296878213 3.8314321765100012 3.7597233992346464 3.912900182995015 3.679851275526602 3.994931013794065 3.7775948223096445 3.994931013794065 3.6181028403300237 3.679851275526602 3.679851275526602 3.9401027488501636 3.715294895303003 3.7418893017975585 3.7597233992346464 3.7597233992346464 4.27389700972598 4.1987302626375635 4.031664040933904 4.031664040933904 4.09638298767736 4.2550531631440744 4.152126383386034 4.114928663178128 4.022557214122902 4.292775448258381 4.208187333724751 4.1800258668376475 4.368632905651625 4.292775448258381 4.35921385541505 4.17077822183587 4.031664040933904 4.4258837292217255 4.4067662805426995 4.560642437348045 4.560642437348045
2.350000 2.6968371342160555 2.6358923316510894 3.092629880406265 3.100882644135794 2.9074745108151703 3.051985486538066 2.875807928460546 2.9312558679539493 3.076310974966537 3.1336813213896 3.1336813213896 3.150140654150466 2.883634459153842 3.100882644135794 3.393172123155076 3.3507481470859304 3.478913368272576 3.5482016839953343 3.4703791711716385 3.5482016839953343 3.4531725219753477 3.266470160233948 3.3847337923487957 3.266470160233948 3.5395914360977594 3.4360045872801006 3.316919059168708 3.5308219592547823 3.2832470730245484 3.4445005425392914 3.4961777259428795 3.3507481470859304 3.4703791711716385 3.3847337923487957 3.4961777259428795 3.4017851508814365 3.2915692445190046 3.5569905434876103 3.2832470730245484 3.5569905434876103 3.4961777259428795 3.3761404886397117 3.5395914360977594 3.2832470730245484 3.2915692445190046 3.786631899160151 3.706333425945615 3.912900182995015 3.804559352137678 3.6269688296878213 3.706333425945615 3.7508886629289946 3.7597233992346464 3.706333425945615 3.6005703687441484 3.7240926157308536 3.6445584711110413 3.885602299887906 3.8405254894299046 3.994931013794065 3.6445584711110413 3.7775948223096445 3.706333425945615 3.8314321765100012 3.813449298647461 3.813449298647461 3.9310854954678334 3.679851275526602 3.786631899160151 3.6181028403300237 3.9310854954678334 3.912900182995015 3.6445584711110413 3.6532816723590718 3.7775948223096445 3.949307278152234 3.7418893017975585 3.786631899160151 3.849452029292252 4.2834243201376205 4.087032906984074 4.013279506756297 4.17077822183587 4.022557214122902 4.013279506756297 4.013279506756297 4.189465240303201 4.004190501010748 4.124123872267262 4.1800258668376475 4.368632905651625 4.152126383386034 4.226944395924057 4.04095991813958 4.189465240303201 4.031664040933904 4.560642437348045 4.435548777559674 4.755935679775094 4.667750740597353
2.360000 2.7817903811287406 2.750779898693886 2.963206958809479 2.828614621459107 3.0195886289076617 3.0437937726389976 3.0437937726389976 3.003450744285498 2.939304120852559 2.947211099811094 2.9712963409361106 3.141827112759656 2.9312558679539493 3.1748251019000335 3.2915692445190046 3.478913368272576 3.487624461659719 3.4616876158961567 3.359147890730457 3.3847337923487957 3.367721434473514 3.3507481470859304 3.3847337923487957 3.4616876158961567 3.583075966486862 3.3761404886397117 3.583075966486862 3.5656197122137576 3.591903471894591 3.591903471894591 3.5656197122137576 3.367721434473514 3.2412984784516516 3.4531725219753477 3.487624461659719 3.3761404886397117 3.4017851508814365 3.2163765290620767 3.258015913974275 3.5134806146228708 3.316919059168708 3.393172123155076 3.5569905434876103 3.316919059168708 3.224620615797176 3.849452029292252 3.6181028403300237 3.786631899160151 3.949307278152234 3.6181028403300237 3.7418893017975585 3.7775948223096445 3.7597233992346464 3.609417136670968 3.994931013794065 3.7418893017975585 3.609417136670968 3.7775948223096445 3.8314321765100012 3.679851275526602 3.949307278152234 3.6532816723590718 3.6445584711110413 3.9675654368237803 3.786631899160151 3.9218993832188556 3.7240926157308536 3.6975542749607624 3.6709278713963025 3.804559352137678 3.662185980192619 3.9401027488501636 3.609417136670968 3.9401027488501636 3.768741640443454 3.7508886629289946 3.6269688296878213 3.885602299887906 3.912900182995015 4.105560618158931 4.087032906984074 4.226944395924057 4.236244017697849 4.031664040933904 4.04095991813958 4.217469681706391 4.1800258668376475 4.292775448258381 4.161356600048034 4.142722567221125 4.022557214122902 4.245736319763044 4.142722567221125 4.114928663178128 4.34961720950167 4.105560618158931 4.5994423537970714 4.512421692304587 4.541291684561032 4.5994423537970714
2.370000 2.6739762636570186 2.5831807784910445 3.183179005903807 3.076310974966537 3.1336813213896 3.1089889111804934 3.0275955901797973 3.1748251019000335 2.9074745108151703 2.883634459153842 3.068244346893695 3.0357668950244268 3.1336813213896 2.939304120852559 3.5744279146298683 3.4017851508814365 3.4616876158961567 3.393172123155076 3.4961777259428795 3.3421943989254994 3.4703791711716385 3.4531725219753477 3.5569905434876103 3.3761404886397117 3.3507481470859304 3.308405008172237 3.410242724324369 3.5395914360977594 3.4360045872801006 3.4616876158961567 3.5482016839953343 3.4961777259428795 3.2079823900123703 3.3338139991916433 3.4961777259428795 3.266470160233948 3.591903471894591 3.583075966486862 3.2079823900123703 3.487624461659719 3.308405008172237 3.258015913974275 3.367721434473514 3.5744279146298683 3.274772857790347 3.786631899160151 3.6269688296878213 3.6356733016454257 3.7240926157308536 3.6181028403300237 3.7418893017975585 3.949307278152234 3.7240926157308536 3.786631899160151 3.7955034845365736 3.9218993832188556 3.7955034845365736 3.885602299887906 3.7775948223096445 3.662185980192619 3.804559352137678 3.7775948223096445 3.6269688296878213 3.6269688296878213 3.6269688296878213 3.679851275526602 3.8947514340034837 3.6356733016454257 3.9675654368237803 3.609417136670968 3.849452029292252 3.7508886629289946 3.7775948223096445 3.6709278713963025 3.6356733016454257 3.7418893017975585 3.6181028403300237 3.706333425945615 3.7775948223096445 4.004190501010748 4.004190501010748 4.264562997420372 4.17077822183587 4.161356600048034 4.022557214122902 4.292775448258381 4.387682634199195 4.124123872267262 4.059398514738147 4.004190501010748 4.114928663178128 4.087032906984074 4.09638298767736 4.124123872267262 4.087032906984074 4.142722567221125 4.560642437348045 4.5704248550692625 4.736262166944972 4.464219566817621
2.380000 2.704573622330376 2.4424291445801267 3.051985486538066 2.8520909398927943 3.1913838645082113 3.183179005903807 2.867842256978591 3.092629880406265 3.1336813213896 3.092629880406265 3.003450744285498 3.0357668950244268 3.092629880406265 3.199757902151695 3.3761404886397117 3.308405008172237 3.266470160233948 3.4017851508814365 3.3761404886397117 3.367721434473514 3.316919059168708 3.2497327220614505 3.5134806146228708 3.2497327220614505 3.2412984784516516 3.427352221294627 3.316919059168708 3.3507481470859304 3.5222306692969467 3.5308219592547823 3.4360045872801006 3.5134806146228708 3.3761404886397117 3.591903471894591 3.5395914360977594 3.4531725219753477 3.4017851508814365 3.4360045872801006 3.2163765290620767 3.5308219592547823 3.2832470730245484 3.2412984784516516 3.4445005425392914 3.308405008172237 3.2079823900123703 3.9675654368237803 3.7597233992346464 3.715294895303003 3.804559352137678 3.786631899160151 3.786631899160151 3.858563995863041 3.6886118167516244 3.6532816723590718 3.9037325359196138 3.6181028403300237 3.7330730527728044 3.9583425389599913 3.994931013794065 3.8405254894299046 3.6445584711110413 3.9675654368237803 3.9583425389599913 3.7775948223096445 3.9037325359196138 3.9583425389599913 3.8314321765100012 3.768741640443454 3.662185980192619 3.7418893017975585 3.768741640443454 3.8766393410359554 3.9583425389599913 3.9218993832188556 3.8947514340034837 3.9583425389599913 3.7597233992346464 3.9310854954678334 3.9218993832188556 4.087032906984074 4.04095991813958 4.321250461472404 4.050084518251851 4.004190501010748 4.2550531631440744 4.068540840102059 4.087032906984074 4.17077822183587 4.059398514738147 4.387682634199195 4.004190501010748 4.208187333724751 4.013279506756297 4.068540840102059 4.217469681706391 4.2550531631440744 4.560642437348045 4.445034863749972 4.5704248550692625 4.638372653851022
2.390000 2.5012026409980415 2.7973573730146533 2.9312558679539493 3.1172619647621516 3.199757902151695 3.0437937726389976 3.1253880083974157 3.1172619647621516 3.092629880406265 3.199757902151695 3.141827112759656 3.1913838645082113 3.100882644135794 3.003450744285498 3.4616876158961567 3.427352221294627 3.266470160233948 3.300063394777207 3.583075966486862 3.2079823900123703 3.4445005425392914 3.410242724324369 3.3421943989254994 3.258015913974275 3.4616876158961567 3.4616876158961567 3.266470160233948 3.5308219592547823 3.5656197122137576 3.591903471894591 3.300063394777207 3.4616876158961567 3.258015913974275 3.5656197122137576 3.5395914360977594 3.2330348235664155 3.3338139991916433 3.359147890730457 3.5656197122137576 3.258015913974275 3.2832470730245484 3.5049083193135044 3.359147890730457 3.316919059168708 3.427352221294627 3.786631899160151 3.6445584711110413 3.7775948223096445 3.849452029292252 3.6709278713963025 3.976618659079132 3.6269688296878213 3.6356733016454257 3.7775948223096445 3.7508886629289946 3.6356733016454257 3.7597233992346464 3.6532816723590718 3.679851275526602 3.8766393410359554 3.6445584711110413 3.6709278713963025 3.8314321765100012 3.858563995863041 3.6709278713963025 3.9218993832188556 3.6181028403300237 3.7775948223096445 3.7240926157308536 3.7418893017975585 3.849452029292252 3.6356733016454257 3.9858598763479023 3.8405254894299046 3.7597233992346464 3.949307278152234 3.6181028403300237 3.8766393410359554 3.8225239117406637 4.077872904589594 4.208187333724751 4.264562997420372 4.087032906984074 4.17077822183587 4.114928663178128 4.013279506756297 4.397313599800975 4.124123872267262 4.152126383386034 4.208187333724751 4.236244017697849 4.1987302626375635 4.368632905651625 4.264562997420372 4.087032906984074 4.264562997420372 4.589824969666061 4.5510575218429565 4.435548777559674 4.687312877728655
2.400000 2.773949354294852 2.560647071112147 3.199757902151695 2.8600359004679246 2.867842256978591 3.1748251019000335 3.0437937726389976 3.183179005903807 3.076310974966537 3.150140654150466 3.1253880083974157 3.0600322532138695 3.1336813213896 3.0437937726389976 3.5656197122137576 3.5308219592547823 3.2915692445190046 3.4360045872801006 3.359147890730457 3.4017851508814365 3.41887543958404 3.316919059168708 3.487624461659719 3.3507481470859304 3.5482016839953343 3.41887543958404 3.4703791711716385 3.4703791711716385 3.308405008172237 3.3761404886397117 3.487624461659719 3.2163765290620767 3.5308219592547823 3.2832470730245484 3.300063394777207 3.583075966486862 3.5395914360977594 3.4360045872801006 3.41887543958404 3.5482016839953343 3.4531725219753477 3.3421943989254994 3.4616876158961567 3.5134806146228708 3.393172123155076 3.609417136670968 3.6269688296878213 3.6532816723590718 3.9583425389599913 3.7508886629289946 3.8766393410359554 3.9858598763479023 3.786631899160151 3.6005703687441484 3.912900182995015 3.9583425389599913 3.6532816723590718 3.7955034845365736 3.976618659079132 3.8225239117406637 3.8225239117406637 3.7775948223096445 3.6532816723590718 3.9675654368237803 3.679851275526602 3.6975542749607624 3.9858598763479023 3.858563995863041 3.7775948223096445 3.9675654368237803 3.679851275526602 3.6269688296878213 3.858563995863041 3.7240926157308536 3.9401027488501636 3.8225239117406637 3.609417136670968 3.858563995863041 3.7240926157308536 4.217469681706391 4.031664040933904 4.161356600048034 4.04095991813958 4.133509829299363 4.124123872267262 4.152126383386034 4.031664040933904 4.050084518251851 4.264562997420372 4.059398514738147 4.031664040933904 4.087032906984074 4.17077822183587 4.077872904589594 4.226944395924057 4.264562997420372 4.628723044707949 4.795377261468363 4.667750740597353 4.464219566817621
2.410000 2.742980616656126 2.5906201187502864 3.1089889111804934 3.100882644135794 3.1913838645082113 3.003450744285498 3.1336813213896 3.1583061641901065 3.1748251019000335 3.0437937726389976 3.1253880083974157 3.1913838645082113 2.8443047815867 3.003450744285498 3.591903471894591 3.32528008209297 3.4445005425392914 3.427352221294627 3.308405008172237 3.591903471894591 3.300063394777207 3.4616876158961567 3.258015913974275 3.367721434473514 3.5134806146228708 3.4017851508814365 3.487624461659719 3.5744279146298683 3.4017851508814365 3.4445005425392914 3.410242724324369 3.266470160233948 3.4445005425392914 3.487624461659719 3.3507481470859304 3.32528008209297 3.583075966486862 3.274772857790347 3.4360045872801006 3.3338139991916433 3.487624461659719 3.478913368272576 3.4616876158961567 3.5049083193135044 3.5222306692969467 3.6975542749607624 3.786631899160151 3.9037325359196138 3.912900182995015 3.813449298647461 3.6709278713963025 3.949307278152234 3.679851275526602 3.7775948223096445 3.7508886629289946 3.9675654368237803 3.6356733016454257 3.8766393410359554 3.7775948223096445 3.8405254894299046 3.7597233992346464 3.9675654368237803 3.8766393410359554 3.609417136670968 3.679851275526602 3.786631899160151 3.7508886629289946 3.8405254894299046 3.9310854954678334 3.813449298647461 3.994931013794065 3.6356733016454257 3.8225239117406637 3.6886118167516244 3.885602299887906 3.786631899160151 3.813449298647461 3.8947514340034837 3.6975542749607624 4.17077822183587 4.34021505789757 4.059398514738147 4.087032906984074 4.124123872267262 4.031664040933904 4.059398514738147 4.087032906984074 4.189465240303201 4.04095991813958 4.050084518251851 4.087032906984074 4.004190501010748 4.161356600048034 4.189465240303201 4.022557214122902 4.330635659446139 4.541291684561032 4.45471686346053 4.435548777559674 4.77564075582857
2.420000 2.750779898693886 2.6968371342160555 3.092629880406265 3.1583061641901065 2.8916208154516734 2.947211099811094 3.076310974966537 2.8600359004679246 3.0275955901797973 3.1583061641901065 2.867842256978591 2.95527993109547 2.9792433916584864 3.051985486538066 3.5482016839953343 3.487624461659719 3.478913368272576 3.393172123155076 3.4703791711716385 3.359147890730457 3.410242724324369 3.591903471894591 3.224620615797176 3.2079823900123703 3.32528008209297 3.4445005425392914 3.32528008209297 3.5395914360977594 3.308405008172237 3.300063394777207 3.393172123155076 3.41887543958404 3.427352221294627 3.583075966486862 3.5134806146228708 3.224620615797176 3.3338139991916433 3.410242724324369 3.2079823900123703 3.591903471894591 3.367721434473514 3.32528008209297 3.3507481470859304 3.4445005425392914 3.5395914360977594 3.609417136670968 3.9037325359196138 3.8766393410359554 3.6005703687441484 3.8314321765100012 3.6269688296878213 3.9037325359196138 3.6181028403300237 3.609417136670968 3.7597233992346464 3.6181028403300237 3.8766393410359554 3.949307278152234 3.715294895303003 3.679851275526602 3.6005703687441484 3.6975542749607624 3.976618659079132 3.662185980192619 3.9310854954678334 3.9858598763479023 3.8405254894299046 3.994931013794065 3.7597233992346464 3.6886118167516244 3.662185980192619 3.7597233992346464 3.813449298647461 3.9401027488501636 3.813449298647461 3.8225239117406637 3.7330730527728044 3.7330730527728044 3.9675654368237803 4.321250461472404 4.077872904589594 4.292775448258381 4.292775448258381 4.068540840102059 4.1987302626375635 4.013279506756297 4.004190501010748 4.142722567221125 4.2550531631440744 4.004190501010748 4.378246740791886 4.124123872267262 4.124123872267262 4.236244017697849 4.2834243201376205 4.27389700972598 4.560642437348045 4.61889126864975 4.726533084856339 4.521973899542435
2.430000 2.6739762636570186 2.7817903811287406 3.0357668950244268 3.1336813213896 3.1913838645082113 3.1172619647621516 3.183179005903807 3.0114377622100448 3.0114377622100448 3.199757902151695 3.0600322532138695 3.092629880406265 3.199757902151695 3.092629880406265 3.5656197122137576 3.4531725219753477 3.5569905434876103 3.224620615797176 3.4703791711716385 3.591903471894591 3.5744279146298683 3.2497327220614505 3.316919059168708 3.266470160233948 3.5744279146298683 3.3421943989254994 3.258015913974275 3.487624461659719 3.32528008209297 3.266470160233948 3.478913368272576 3.258015913974275 3.5049083193135044 3.3761404886397117 3.478913368272576 3.5569905434876103 3.4616876158961567 3.4616876158961567 3.478913368272576 3.4360045872801006 3.5569905434876103 3.4961777259428795 3.4360045872801006 3.359147890730457 3.4703791711716385 3.9858598763479023 3.912900182995015 3.858563995863041 3.6709278713963025 3.912900182995015 3.7955034845365736 3.7955034845365736 3.7597233992346464 3.8314321765100012 3.7775948223096445 3.8766393410359554 3.786631899160151 3.9310854954678334 3.8225239117406637 3.8314321765100012 3.706333425945615 3.715294895303003 3.7775948223096445 3.679851275526602 3.7330730527728044 3.8766393410359554 3.6181028403300237 3.9675654368237803 3.804559352137678 3.9310854954678334 3.6532816723590718 3.9675654368237803 3.662185980192619 3.8766393410359554 3.7597233992346464 3.8766393410359554 3.7508886629289946 3.6445584711110413 3.6356733016454257 4.1800258668376475 4.013279506756297 4.004190501010748 4.161356600048034 4.34021505789757 4.264562997420372 4.236244017697849 4.077872904589594 4.378246740791886 4.142722567221125 4.189465240303201 4.17077822183587 4.013279506756297 4.378246740791886 4.2550531631440744 4.245736319763044 4.124123872267262 4.416414317370283 4.61889126864975 4.45471686346053 4.512421692304587
2.440000 2.6739762636570186 2.6207599630340725 3.183179005903807 3.003450744285498 2.867842256978591 3.076310974966537 3.1336813213896 3.1172619647621516 2.939304120852559 2.963206958809479 2.9792433916584864 3.0437937726389976 2.8363805576478125 2.9792433916584864 3.2915692445190046 3.5482016839953343 3.2832470730245484 3.266470160233948 3.583075966486862 3.5656197122137576 3.266470160233948 3.316919059168708 3.4703791711716385 3.4961777259428795 3.5482016839953343 3.591903471894591 3.583075966486862 3.2412984784516516 3.359147890730457 3.5744279146298683 3.2832470730245484 3.41887543958404 3.2497327220614505 3.2330348235664155 3.316919059168708 3.5744279146298683 3.41887543958404 3.4360045872801006 3.316919059168708 3.258015913974275 3.5308219592547823 3.4017851508814365 3.5308219592547823 3.5134806146228708 3.4616876158961567 3.8225239117406637 3.912900182995015 3.976618659079132 3.7955034845365736 3.804559352137678 3.609417136670968 3.7508886629289946 3.662185980192619 3.679851275526602 3.813449298647461 3.6005703687441484 3.7330730527728044 3.7508886629289946 3.7775948223096445 3.6181028403300237 3.6709278713963025 3.6356733016454257 3.679851275526602 3.6886118167516244 3.706333425945615 3.768741640443454 3.6886118167516244 3.804559352137678 3.7955034845365736 3.8947514340034837 3.849452029292252 3.6886118167516244 3.715294895303003 3.662185980192619 3.6709278713963025 3.7955034845365736 3.6709278713963025 3.7775948223096445 3.804559352137678 4.17077822183587 4.142722567221125 4.217469681706391 4.378246740791886 4.09638298767736 4.031664040933904 4.27389700972598 4.013279506756297 4.031664040933904 4.152126383386034 4.087032906984074 4.068540840102059 4.059398514738147 4.142722567221125 4.27389700972598 4.142722567221125 4.031664040933904 4.4258837292217255 4.493153440002571 4.5704248550692625 4.755935679775094
2.450000 2.712176951408701 2.575612725121416 2.963206958809479 2.8443047815867 3.183179005903807 3.1172619647621516 3.0437937726389976 3.051985486538066 3.0195886289076617 2.95527993109547 2.9312558679539493 3.1913838645082113 3.084543418727391 3.1253880083974157 3.5744279146298683 3.4616876158961567 3.410242724324369 3.32528008209297 3.427352221294627 3.4531725219753477 3.4017851508814365 3.224620615797176 3.427352221294627 3.41887543958404 3.224620615797176 3.487624461659719 3.591903471894591 3.3761404886397117 3.2497327220614505 3.3761404886397117 3.4531725219753477 3.393172123155076 3.2330348235664155 3.2163765290620767 3.5134806146228708 3.4531725219753477 3.3338139991916433 3.2915692445190046 3.367721434473514 3.41887543958404 3.2412984784516516 3.5482016839953343 3.2915692445190046 3.4616876158961567 3.4616876158961567 3.715294895303003 3.9675654368237803 3.7330730527728044 3.8314321765100012 3.8225239117406637 3.858563995863041 3.662185980192619 3.994931013794065 3.6975542749607624 3.813449298647461 3.9218993832188556 3.8314321765100012 3.768741640443454 3.994931013794065 3.9675654368237803 3.679851275526602 3.849452029292252 3.7508886629289946 3.7418893017975585 3.804559352137678 3.9037325359196138 3.609417136670968 3.912900182995015 3.6356733016454257 3.976618659079132 3.9675654368237803 3.662185980192619 3.976618659079132 3.6181028403300237 3.949307278152234 3.6356733016454257 3.7508886629289946 3.609417136670968 3.6886118167516244 4.013279506756297 4.226944395924057 4.105560618158931 4.013279506756297 4.217469681706391 4.17077822183587 4.133509829299363 4.311688368423777 4.378246740791886 4.059398514738147 4.208187333724751 4.2834243201376205 4.105560618158931 4.133509829299363 4.311688368423777 4.124123872267262 4.013279506756297 4.4067662805426995 4.4067662805426995 4.416414317370283 4.4258837292217255
2.460000 2.5906201187502864 2.6739762636570186 2.875807928460546 2.8600359004679246 3.141827112759656 3.1666399026804894 2.89946749583966 2.9792433916584864 3.141827112759656 3.1089889111804934 3.100882644135794 3.100882644135794 2.828614621459107 3.084543418727391 3.3421943989254994 3.5395914360977594 3.3761404886397117 3.2330348235664155 3.5744279146298683 3.393172123155076 3.300063394777207 3.5395914360977594 3.4017851508814365 3.3507481470859304 3.41887543958404 3.2497327220614505 3.5308219592547823 3.4360045872801006 3.591903471894591 3.4531725219753477 3.2163765290620767 3.2412984784516516 3.591903471894591 3.5222306692969467 3.583075966486862 3.583075966486862 3.4445005425392914 3.300063394777207 3.266470160233948 3.5656197122137576 3.478913368272576 3.4360045872801006 3.4445005425392914 3.3761404886397117 3.487624461659719 3.6532816723590718 3.8947514340034837 3.7955034845365736 3.8405254894299046 3.706333425945615 3.885602299887906 3.7418893017975585 3.662185980192619 3.6445584711110413 3.706333425945615 3.9858598763479023 3.949307278152234 3.8405254894299046 3.662185980192619 3.7240926157308536 3.912900182995015 3.6005703687441484 3.6269688296878213 3.9401027488501636 3.6005703687441484 3.715294895303003 3.8766393410359554 3.8947514340034837 3.6445584711110413 3.609417136670968 3.6975542749607624 3.9037325359196138 3.7508886629289946 3.8675087672497956 3.6181028403300237 3.9037325359196138 3.7240926157308536 3.6356733016454257 3.9218993832188556 4.302320178347698 4.050084518251851 4.133509829299363 4.1800258668376475 4.059398514738147 4.27389700972598 4.161356600048034 4.09638298767736 4.077872904589594 4.050084518251851 4.378246740791886 4.245736319763044 4.004190501010748 4.226944395924057 4.050084518251851 4.059398514738147 4.1800258668376475 4.657886382739784 4.435548777559674 4.502689204348403 4.628723044707949
2.470000 2.6132795030938096 2.7894955100188352 3.1172619647621516 3.076310974966537 3.0437937726389976 3.003450744285498 3.1913838645082113 2.8443047815867 3.1913838645082113 3.0195886289076617 3.092629880406265 3.1748251019000335 3.084543418727391 3.100882644135794 3.4961777259428795 3.4703791711716385 3.4360045872801006 3.410242724324369 3.478913368272576 3.367721434473514 3.5222306692969467 3.410242724324369 3.5222306692969467 3.5134806146228708 3.4445005425392914 3.5395914360977594 3.5744279146298683 3.367721434473514 3.410242724324369 3.308405008172237 3.5482016839953343 3.4531725219753477 3.2497327220614505 3.410242724324369 3.410242724324369 3.4360045872801006 3.5482016839953343 3.3421943989254994 3.583075966486862 3.4961777259428795 3.5134806146228708 3.4961777259428795 3.427352221294627 3.2832470730245484 3.591903471894591 3.609417136670968 3.8225239117406637 3.6886118167516244 3.786631899160151 3.976618659079132 3.6709278713963025 3.6709278713963025 3.849452029292252 3.706333425945615 3.804559352137678 3.804559352137678 3.9037325359196138 3.609417136670968 3.9310854954678334 3.662185980192619 3.949307278152234 3.768741640443454 3.9037325359196138 3.6269688296878213 3.679851275526602 3.6005703687441484 3.8225239117406637 3.768741640443454 3.858563995863041 3.6709278713963025 3.609417136670968 3.662185980192619 3.9583425389599913 3.6356733016454257 3.858563995863041 3.949307278152234 3.6005703687441484 3.6709278713963025 3.9401027488501636 4.114928663178128 4.1987302626375635 4.059398514738147 4.124123872267262 4.2550531631440744 4.004190501010748 4.378246740791886 4.004190501010748 4.133509829299363 4.059398514738147 4.004190501010748 4.087032906984074 4.022557214122902 4.34961720950167 4.022557214122902 4.245736319763044 4.004190501010748 4.435548777559674 4.45471686346053 4.512421692304587 4.706907035824327
2.480000 2.6968371342160555 2.7353365011881885 2.963206958809479 3.0195886289076617 3.1172619647621516 3.1336813213896 3.0437937726389976 3.051985486538066 2.9792433916584864 2.9153413159340302 3.1748251019000335 3.084543418727391 2.8600359004679246 3.1172619647621516 3.4703791711716385 3.4616876158961567 3.367721434473514 3.274772857790347 3.487624461659719 3.427352221294627 3.367721434473514 3.258015913974275 3.3338139991916433 3.266470160233948 3.3507481470859304 3.316919059168708 3.5656197122137576 3.5134806146228708 3.367721434473514 3.5569905434876103 3.2915692445190046 3.4961777259428795 3.4616876158961567 3.308405008172237 3.308405008172237 3.266470160233948 3.5744279146298683 3.5395914360977594 3.583075966486862 3.2832470730245484 3.5049083193135044 3.5308219592547823 3.32528008209297 3.3338139991916433 3.5482016839953343 3.9858598763479023 3.9037325359196138 3.679851275526602 3.7508886629289946 3.662185980192619 3.9218993832188556 3.6886118167516244 3.7508886629289946 3.9218993832188556 3.813449298647461 3.6709278713963025 3.9310854954678334 3.6709278713963025 3.706333425945615 3.849452029292252 3.994931013794065 3.9583425389599913 3.804559352137678 3.786631899160151 3.9310854954678334 3.7955034845365736 3.768741640443454 3.9037325359196138 3.8314321765100012 3.706333425945615 3.679851275526602 3.8225239117406637 3.7330730527728044 3.8405254894299046 3.662185980192619 3.804559352137678 3.662185980192619 3.7508886629289946 3.7418893017975585 4.2834243201376205 4.264562997420372 4.09638298767736 4.2834243201376205 4.142722567221125 4.022557214122902 4.1800258668376475 4.217469681706391 4.114928663178128 4.04095991813958 4.142722567221125 4.292775448258381 4.04095991813958 4.004190501010748 4.152126383386034 4.302320178347698 4.142722567221125 4.5510575218429565 4.4067662805426995 4.45471686346053 4.45471686346053
2.490000 2.666281752772024 2.742980616656126 3.199757902151695 3.051985486538066 2.883634459153842 3.150140654150466 3.076310974966537 3.1172619647621516 3.141827112759656 3.0437937726389976 2.89946749583966 2.8363805576478125 3.084543418727391 3.0600322532138695 3.41887543958404 3.2915692445190046 3.427352221294627 3.5482016839953343 3.367721434473514 3.393172123155076 3.308405008172237 3.5395914360977594 3.2330348235664155 3.5049083193135044 3.393172123155076 3.5049083193135044 3.393172123155076 3.5134806146228708 3.591903471894591 3.5134806146228708 3.5395914360977594 3.300063394777207 3.393172123155076 3.274772857790347 3.478913368272576 3.2412984784516516 3.3338139991916433 3.393172123155076 3.487624461659719 3.359147890730457 3.5395914360977594 3.5395914360977594 3.224620615797176 3.583075966486862 3.224620615797176 3.6709278713963025 3.885602299887906 3.813449298647461 3.9218993832188556 3.6356733016454257 3.8947514340034837 3.6269688296878213 3.8225239117406637 3.609417136670968 3.706333425945615 3.7240926157308536 3.7240926157308536 3.6181028403300237 3.885602299887906 3.7775948223096445 3.6445584711110413 3.706333425945615 3.706333425945615 3.6532816723590718 3.6356733016454257 3.7240926157308536 3.9675654368237803 3.7418893017975585 3.768741640443454 3.6445584711110413 3.7240926157308536 3.7775948223096445 3.706333425945615 3.994931013794065 3.8405254894299046 3.8766393410359554 3.949307278152234 3.609417136670968 3.7418893017975585 4.087032906984074 4.077872904589594 4.022557214122902 4.031664040933904 4.217469681706391 4.142722567221125 4.087032906984074 4.311688368423777 4.2550531631440744 4.161356600048034 4.124123872267262 4.330635659446139 4.04095991813958 4.189465240303201 4.059398514738147 4.09638298767736 4.35921385541505 4.4067662805426995 4.502689204348403 4.435548777559674 4.435548777559674
2.500000 2.750779898693886 2.6739762636570186 3.1666399026804894 2.947211099811094 2.867842256978591 2.9873532967155483 3.1089889111804934 2.8207111595260184 2.9074745108151703 3.199757902151695 2.867842256978591 3.076310974966537 3.076310974966537 3.1336813213896 3.4531725219753477 3.316919059168708 3.3507481470859304 3.316919059168708 3.3761404886397117 3.2915692445190046 3.591903471894591 3.274772857790347 3.591903471894591 3.393172123155076 3.5222306692969467 3.5222306692969467 3.2412984784516516 3.5744279146298683 3.3847337923487957 3.2079823900123703 3.4961777259428795 3.4445005425392914 3.5569905434876103 3.300063394777207 3.266470160233948 3.5744279146298683 3.3338139991916433 3.5744279146298683 3.5395914360977594 3.3761404886397117 3.5222306692969467 3.478913368272576 3.308405008172237 3.5222306692969467 3.258015913974275 3.662185980192619 3.6181028403300237 3.6709278713963025 3.8405254894299046 3.8225239117406637 3.9583425389599913 3.8314321765100012 3.9675654368237803 3.786631899160151 3.706333425945615 3.858563995863041 3.6709278713963025 3.786631899160151 3.8314321765100012 3.6356733016454257 3.7330730527728044 3.9401027488501636 3.6005703687441484 3.976618659079132 3.9675654368237803 3.7508886629289946 3.858563995863041 3.9858598763479023 3.6181028403300237 3.849452029292252 3.7418893017975585 3.858563995863041 3.9858598763479023 3.8675087672497956 3.7330730527728044 3.6709278713963025 3.994931013794065 3.858563995863041 3.715294895303003 4.368632905651625 4.2834243201376205 4.378246740791886 4.2550531631440744 4.004190501010748 4.133509829299363 4.068540840102059 4.152126383386034 4.022557214122902 4.2834243201376205 4.142722567221125 4.004190501010748 4.105560618158931 4.302320178347698 4.059398514738147 4.142722567221125 4.114928663178128 4.4258837292217255 4.61889126864975 4.580026035009029 4.716620349901103
2.510000 2.666281752772024 2.7817903811287406 3.1089889111804934 3.1089889111804934 2.8520909398927943 3.1583061641901065 2.8600359004679246 2.9312558679539493 2.875807928460546 3.0357668950244268 3.150140654150466 2.8600359004679246 3.150140654150466 3.0437937726389976 3.4703791711716385 3.2832470730245484 3.4703791711716385 3.583075966486862 3.266470160233948 3.487624461659719 3.274772857790347 3.4961777259428795 3.258015913974275 3.308405008172237 3.258015913974275 3.4360045872801006 3.274772857790347 3.5482016839953343 3.224620615797176 3.266470160233948 3.591903471894591 3.2330348235664155 3.3507481470859304 3.5569905434876103 3.2330348235664155 3.4360045872801006 3.258015913974275 3.3507481470859304 3.3761404886397117 3.2163765290620767 3.5395914360977594 3.583075966486862 3.3421943989254994 3.3421943989254994 3.4531725219753477 3.662185980192619 3.885602299887906 3.715294895303003 3.9858598763479023 3.7955034845365736 3.786631899160151 3.994931013794065 3.8405254894299046 3.9310854954678334 3.885602299887906 3.706333425945615 3.6532816723590718 3.849452029292252 3.8947514340034837 3.7775948223096445 3.6269688296878213 3.6005703687441484 3.7418893017975585 3.885602299887906 3.9310854954678334 3.7597233992346464 3.7597233992346464 3.6709278713963025 3.6005703687441484 3.8405254894299046 3.9218993832188556 3.609417136670968 3.849452029292252 3.9310854954678334 3.8675087672497956 3.7955034845365736 3.976618659079132 3.8405254894299046 3.6709278713963025 4.105560618158931 4.330635659446139 4.321250461472404 4.087032906984074 4.321250461472404 4.022557214122902 4.068540840102059 4.031664040933904 4.04095991813958 4.031664040933904 4.189465240303201 4.142722567221125 4.1800258668376475 4.087032906984074 4.013279506756297 4.368632905651625 4.124123872267262 4.4258837292217255 4.464219566817621 4.580026035009029 4.483437720084692
2.520000 2.471731876352579 2.7662645407768167 2.9953203443393015 2.923368963259543 2.8050827943071095 3.1172619647621516 3.1748251019000335 3.1253880083974157 3.199757902151695 3.1253880083974157 3.1666399026804894 3.0357668950244268 3.100882644135794 3.0195886289076617 3.4616876158961567 3.3761404886397117 3.2832470730245484 3.4445005425392914 3.591903471894591 3.487624461659719 3.393172123155076 3.427352221294627 3.4445005425392914 3.3421943989254994 3.5569905434876103 3.487624461659719 3.4017851508814365 3.2915692445190046 3.2330348235664155 3.274772857790347 3.3761404886397117 3.2497327220614505 3.487624461659719 3.5134806146228708 3.5134806146228708 3.3507481470859304 3.5134806146228708 3.2915692445190046 3.5308219592547823 3.5569905434876103 3.359147890730457 3.2412984784516516 3.5569905434876103 3.32528008209297 3.4961777259428795 3.609417136670968 3.994931013794065 3.786631899160151 3.8225239117406637 3.6532816723590718 3.6269688296878213 3.715294895303003 3.9675654368237803 3.6269688296878213 3.6886118167516244 3.858563995863041 3.9310854954678334 3.786631899160151 3.804559352137678 3.9583425389599913 3.804559352137678 3.8947514340034837 3.8314321765100012 3.8405254894299046 3.7240926157308536 3.9310854954678334 3.6532816723590718 3.679851275526602 3.662185980192619 3.6005703687441484 3.6445584711110413 3.813449298647461 3.849452029292252 3.7418893017975585 3.706333425945615 3.706333425945615 3.6975542749607624 3.6886118167516244 3.6356733016454257 4.068540840102059 4.013279506756297 4.04095991813958 4.2834243201376205 4.34021505789757 4.105560618158931 4.27389700972598 4.022557214122902 4.077872904589594 4.059398514738147 4.09638298767736 4.004190501010748 4.077872904589594 4.17077822183587 4.245736319763044 4.226944395924057 4.1987302626375635 4.445034863749972 4.60925774129937 4.580026035009029 4.589824969666061
2.530000 2.479151457626161 2.7817903811287406 3.068244346893695 3.0437937726389976 3.183179005903807 2.939304120852559 3.1089889111804934 3.141827112759656 3.1748251019000335 3.092629880406265 3.1748251019000335 3.084543418727391 3.1666399026804894 3.084543418727391 3.5656197122137576 3.5569905434876103 3.2330348235664155 3.3761404886397117 3.478913368272576 3.427352221294627 3.583075966486862 3.308405008172237 3.367721434473514 3.4703791711716385 3.316919059168708 3.258015913974275 3.5656197122137576 3.583075966486862 3.2915692445190046 3.4961777259428795 3.583075966486862 3.478913368272576 3.224620615797176 3.316919059168708 3.367721434473514 3.32528008209297 3.3421943989254994 3.2412984784516516 3.4531725219753477 3.5569905434876103 3.5222306692969467 3.5134806146228708 3.3507481470859304 3.32528008209297 3.5744279146298683 3.8947514340034837 3.9218993832188556 3.849452029292252 3.7418893017975585 3.6532816723590718 3.9858598763479023 3.8947514340034837 3.9583425389599913 3.8766393410359554 3.6181028403300237 3.7418893017975585 3.8947514340034837 3.7418893017975585 3.8766393410359554 3.885602299887906 3.8766393410359554 3.9401027488501636 3.858563995863041 3.9858598763479023 3.949307278152234 3.8766393410359554 3.679851275526602 3.9310854954678334 3.6445584711110413 3.8314321765100012 3.786631899160151 3.609417136670968 3.6181028403300237 3.7597233992346464 3.6532816723590718 3.6356733016454257 3.6269688296878213 3.6269688296878213 3.849452029292252 4.087032906984074 4.068540840102059 4.124123872267262 4.17077822183587 4.245736319763044 4.368632905651625 4.189465240303201 4.059398514738147 4.068540840102059 4.068540840102059 4.292775448258381 4.152126383386034 4.34961720950167 4.077872904589594 4.189465240303201 4.087032906984074 4.34021505789757 4.648220753516788 4.521973899542435 4.628723044707949 4.7658803301983514
2.540000 2.7973573730146533 2.7894955100188352 3.1666399026804894 3.0357668950244268 3.092629880406265 3.0114377622100448 3.199757902151695 3.0195886289076617 3.092629880406265 2.89946749583966 2.923368963259543 2.875807928460546 3.1666399026804894 3.1089889111804934 3.4531725219753477 3.3507481470859304 3.4616876158961567 3.3847337923487957 3.4017851508814365 3.32528008209297 3.300063394777207 3.41887543958404 3.4531725219753477 3.4616876158961567 3.4961777259428795 3.3338139991916433 3.2330348235664155 3.367721434473514 3.316919059168708 3.427352221294627 3.487624461659719 3.5569905434876103 3.300063394777207 3.3421943989254994 3.5134806146228708 3.4961777259428795 3.274772857790347 3.359147890730457 3.4531725219753477 3.4017851508814365 3.2412984784516516 3.3507481470859304 3.5744279146298683 3.5744279146298683 3.266470160233948 3.8405254894299046 3.6445584711110413 3.7240926157308536 3.7775948223096445 3.7330730527728044 3.715294895303003 3.8947514340034837 3.715294895303003 3.6445584711110413 3.7240926157308536 3.9037325359196138 3.9218993832188556 3.976618659079132 3.9218993832188556 3.8314321765100012 3.7330730527728044 3.715294895303003 3.679851275526602 3.6005703687441484 3.8675087672497956 3.949307278152234 3.6975542749607624 3.7775948223096445 3.7240926157308536 3.7597233992346464 3.994931013794065 3.858563995863041 3.804559352137678 3.6532816723590718 3.768741640443454 3.7418893017975585 3.9037325359196138 3.912900182995015 3.6269688296878213 4.077872904589594 4.236244017697849 4.189465240303201 4.013279506756297 4.264562997420372 4.133509829299363 4.1987302626375635 4.114928663178128 4.17077822183587 4.2834243201376205 4.1987302626375635 4.022557214122902 4.236244017697849 4.152126383386034 4.321250461472404 4.087032906984074 4.27389700972598 4.4067662805426995 4.5704248550692625 4.531723093439896 4.521973899542435
2.550000 2.681538720054648 2.7662645407768167 3.0437937726389976 3.0357668950244268 3.1089889111804934 2.883634459153842 2.9953203443393015 3.051985486538066 2.9953203443393015 3.1666399026804894 3.0437937726389976 2.923368963259543 3.1253880083974157 2.812965469114768 3.3507481470859304 3.3338139991916433 3.4531725219753477 3.316919059168708 3.4017851508814365 3.266470160233948 3.3761404886397117 3.3847337923487957 3.4616876158961567 3.5482016839953343 3.3507481470859304 3.4616876158961567 3.308405008172237 3.32528008209297 3.2330348235664155 3.41887543958404 3.4445005425392914 3.274772857790347 3.591903471894591 3.3421943989254994 3.224620615797176 3.427352221294627 3.591903471894591 3.5482016839953343 3.316919059168708 3.258015913974275 3.2163765290620767 3.3847337923487957 3.5482016839953343 3.5134806146228708 3.258015913974275 3.949307278152234 3.9675654368237803 3.6181028403300237 3.804559352137678 3.662185980192619 3.8766393410359554 3.912900182995015 3.7597233992346464 3.7775948223096445 3.7418893017975585 3.706333425945615 3.679851275526602 3.6269688296878213 3.7240926157308536 3.885602299887906 3.9675654368237803 3.8225239117406637 3.679851275526602 3.9675654368237803 3.7597233992346464 3.912900182995015 3.912900182995015 3.9401027488501636 3.662185980192619 3.9037325359196138 3.858563995863041 3.8947514340034837 3.976618659079132 3.6445584711110413 3.9858598763479023 3.9037325359196138 3.768741640443454 3.8766393410359554 3.8675087672497956 4.302320178347698 4.245736319763044 4.302320178347698 4.022557214122902 4.226944395924057 4.35921385541505 4.152126383386034 4.236244017697849 4.387682634199195 4.292775448258381 4.321250461472404 4.077872904589594 4.004190501010748 4.217469681706391 4.114928663178128 4.189465240303201 4.022557214122902 4.657886382739784 4.45471686346053 4.521973899542435 4.483437720084692
2.560000 2.5906201187502864 2.719934394004002 3.1666399026804894 3.150140654150466 3.1583061641901065 3.1089889111804934 2.828614621459107 2.8916208154516734 3.0275955901797973 3.1583061641901065 3.183179005903807 3.1913838645082113 2.8363805576478125 2.9792433916584864 3.258015913974275 3.591903471894591 3.410242724324369 3.5395914360977594 3.316919059168708 3.5308219592547823 3.5049083193135044 3.5049083193135044 3.316919059168708 3.5049083193135044 3.2412984784516516 3.5308219592547823 3.5049083193135044 3.5744279146298683 3.583075966486862 3.583075966486862 3.274772857790347 3.3338139991916433 3.4961777259428795 3.3761404886397117 3.478913368272576 3.5134806146228708 3.359147890730457 3.427352221294627 3.487624461659719 3.5134806146228708 3.5222306692969467 3.3847337923487957 3.3421943989254994 3.4017851508814365 3.32528008209297 3.6975542749607624 3.7240926157308536 3.9401027488501636 3.786631899160151 3.994931013794065 3.6005703687441484 3.9583425389599913 3.8225239117406637 3.7597233992346464 3.7955034845365736 3.6005703687441484 3.976618659079132 3.7330730527728044 3.6181028403300237 3.8675087672497956 3.885602299887906 3.7508886629289946 3.679851275526602 3.706333425945615 3.8947514340034837 3.8225239117406637 3.6886118167516244 3.994931013794065 3.7955034845365736 3.6445584711110413 3.662185980192619 3.6005703687441484 3.976618659079132 3.8405254894299046 3.7330730527728044 3.994931013794065 3.7240926157308536 3.8675087672497956 3.7775948223096445 4.031664040933904 4.077872904589594 4.142722567221125 4.022557214122902 4.114928663178128 4.142722567221125 4.050084518251851 4.142722567221125 4.17077822183587 4.087032906984074 4.105560618158931 4.226944395924057 4.378246740791886 4.077872904589594 4.09638298767736 4.34021505789757 4.236244017697849 4.531723093439896 4.560642437348045 4.416414317370283 4.45471686346053
2.570000 2.6132795030938096 2.7817903811287406 2.963206958809479 3.1336813213896 2.8207111595260184 2.95527993109547 3.150140654150466 3.0114377622100448 2.923368963259543 3.150140654150466 3.076310974966537 3.1583061641901065 3.084543418727391 2.9074745108151703 3.5569905434876103 3.4961777259428795 3.591903471894591 3.300063394777207 3.4961777259428795 3.4616876158961567 3.3507481470859304 3.591903471894591 3.5569905434876103 3.5395914360977594 3.32528008209297 3.4017851508814365 3.308405008172237 3.367721434473514 3.3421943989254994 3.5049083193135044 3.2330348235664155 3.5308219592547823 3.5134806146228708 3.359147890730457 3.591903471894591 3.4703791711716385 3.427352221294627 3.2163765290620767 3.5482016839953343 3.5656197122137576 3.2832470730245484 3.3338139991916433 3.359147890730457 3.32528008209297 3.3338139991916433 3.8314321765100012 3.6445584711110413 3.994931013794065 3.976618659079132 3.885602299887906 3.912900182995015 3.6356733016454257 3.994931013794065 3.6005703687441484 3.768741640443454 3.6886118167516244 3.949307278152234 3.9675654368237803 3.8675087672497956 3.786631899160151 3.609417136670968 3.9583425389599913 3.6445584711110413 3.6975542749607624 3.786631899160151 3.6975542749607624 3.8405254894299046 3.9583425389599913 3.6005703687441484 3.706333425945615 3.7597233992346464 3.768741640443454 3.768741640443454 3.9583425389599913 3.6709278713963025 3.8766393410359554 3.8314321765100012 3.8225239117406637 3.7597233992346464 4.2550531631440744 4.34021505789757 4.152126383386034 4.09638298767736 4.302320178347698 4.378246740791886 4.245736319763044 4.35921385541505 4.022557214122902 4.189465240303201 4.087032906984074 4.013279506756297 4.2834243201376205 4.105560618158931 4.236244017697849 4.368632905651625 4.292775448258381 4.706907035824327 4.667750740597353 4.580026035009029 4.493153440002571
2.580000 2.6510662756753334 2.4278408820789363 3.0600322532138695 3.183179005903807 3.0357668950244268 3.199757902151695 2.875807928460546 2.9792433916584864 3.076310974966537 2.947211099811094 3.068244346893695 3.0600322532138695 3.003450744285498 3.1913838645082113 3.5134806146228708 3.2079823900123703 3.3847337923487957 3.5049083193135044 3.359147890730457 3.5482016839953343 3.5134806146228708 3.410242724324369 3.427352221294627 3.4445005425392914 3.2915692445190046 3.274772857790347 3.316919059168708 3.3507481470859304 3.2915692445190046 3.3507481470859304 3.300063394777207 3.3338139991916433 3.4445005425392914 3.487624461659719 3.5134806146228708 3.3421943989254994 3.224620615797176 3.224620615797176 3.266470160233948 3.266470160233948 3.5744279146298683 3.3338139991916433 3.3338139991916433 3.359147890730457 3.5308219592547823 3.768741640443454 3.804559352137678 3.8766393410359554 3.6709278713963025 3.7775948223096445 3.9310854954678334 3.715294895303003 3.6709278713963025 3.679851275526602 3.6532816723590718 3.6709278713963025 3.6269688296878213 3.9037325359196138 3.6181028403300237 3.9583425389599913 3.6181028403300237 3.7508886629289946 3.768741640443454 3.9037325359196138 3.9583425389599913 3.6975542749607624 3.6975542749607624 3.813449298647461 3.9858598763479023 3.6269688296878213 3.858563995863041 3.8675087672497956 3.609417136670968 3.858563995863041 3.885602299887906 3.885602299887906 3.6356733016454257 3.8225239117406637 3.7240926157308536 4.152126383386034 4.397313599800975 4.133509829299363 4.077872904589594 4.077872904589594 4.077872904589594 4.068540840102059 4.387682634199195 4.114928663178128 4.311688368423777 4.050084518251851 4.161356600048034 4.077872904589594 4.04095991813958 4.04095991813958 4.124123872267262 4.087032906984074 4.687312877728655 4.61889126864975 4.483437720084692 4.435548777559674
2.590000 2.7894955100188352 2.773949354294852 2.8050827943071095 3.1913838645082113 3.1336813213896 3.051985486538066 2.812965469114768 3.183179005903807 3.051985486538066 3.199757902151695 3.076310974966537 3.1089889111804934 3.183179005903807 3.0195886289076617 3.367721434473514 3.367721434473514 3.41887543958404 3.3338139991916433 3.393172123155076 3.359147890730457 3.5656197122137576 3.5222306692969467 3.591903471894591 3.427352221294627 3.5656197122137576 3.4531725219753477 3.2412984784516516 3.4445005425392914 3.5569905434876103 3.5656197122137576 3.4445005425392914 3.5569905434876103 3.591903471894591 3.4531725219753477 3.2915692445190046 3.4703791711716385 3.4961777259428795 3.4017851508814365 3.300063394777207 3.393172123155076 3.3507481470859304 3.5656197122137576 3.583075966486862 3.41887543958404 3.41887543958404 3.6445584711110413 3.715294895303003 3.9310854954678334 3.8314321765100012 3.6975542749607624 3.9675654368237803 3.849452029292252 3.849452029292252 3.9858598763479023 3.9675654368237803 3.885602299887906 3.858563995863041 3.768741640443454 3.949307278152234 3.6445584711110413 3.8314321765100012 3.9858598763479023 3.8675087672497956 3.768741640443454 3.7955034845365736 3.912900182995015 3.7330730527728044 3.6445584711110413 3.8314321765100012 3.7775948223096445 3.679851275526602 3.6445584711110413 3.6975542749607624 3.9218993832188556 3.786631899160151 3.6975542749607624 3.949307278152234 3.7330730527728044 3.7240926157308536 4.17077822183587 4.09638298767736 4.161356600048034 4.004190501010748 4.124123872267262 4.04095991813958 4.114928663178128 4.378246740791886 4.311688368423777 4.302320178347698 4.397313599800975 4.114928663178128 4.133509829299363 4.087032906984074 4.059398514738147 4.004190501010748 4.031664040933904 4.541291684561032 4.61889126864975 4.755935679775094 4.706907035824327
2.600000 2.7662645407768167 2.5457231966463083 2.812965469114768 2.8443047815867 3.0114377622100448 3.1336813213896 3.0357668950244268 3.003450744285498 2.9792433916584864 3.1336813213896 2.9792433916584864 3.199757902151695 2.8443047815867 3.1089889111804934 3.4616876158961567 3.478913368272576 3.583075966486862 3.4017851508814365 3.2163765290620767 3.3847337923487957 3.224620615797176 3.4703791711716385 3.583075966486862 3.5049083193135044 3.4616876158961567 3.478913368272576 3.4616876158961567 3.5656197122137576 3.5049083193135044 3.2497327220614505 3.591903471894591 3.2079823900123703 3.5482016839953343 3.3507481470859304 3.4360045872801006 3.359147890730457 3.5222306692969467 3.41887543958404 3.4531725219753477 3.41887543958404 3.4017851508814365 3.3847337923487957 3.3847337923487957 3.2079823900123703 3.266470160233948 3.715294895303003 3.813449298647461 3.849452029292252 3.7775948223096445 3.912900182995015 3.706333425945615 3.7955034845365736 3.849452029292252 3.813449298647461 3.6445584711110413 3.6356733016454257 3.949307278152234 3.9583425389599913 3.9401027488501636 3.804559352137678 3.7418893017975585 3.679851275526602 3.6005703687441484 3.949307278152234 3.7775948223096445 3.715294895303003 3.8314321765100012 3.8314321765100012 3.813449298647461 3.849452029292252 3.8405254894299046 3.6975542749607624 3.976618659079132 3.8225239117406637 3.8314321765100012 3.9583425389599913 3.8947514340034837 3.8314321765100012 3.715294895303003 4.022557214122902 4.2550531631440744 4.09638298767736 4.133509829299363 4.087032906984074 4.378246740791886 4.1800258668376475 4.114928663178128 4.077872904589594 4.050084518251851 4.264562997420372 4.004190501010748 4.004190501010748 4.031664040933904 4.152126383386034 4.013279506756297 4.022557214122902 4.657886382739784 4.5704248550692625 4.5510575218429565 4.638372653851022
2.610000 2.5457231966463083 2.6968371342160555 2.883634459153842 3.1172619647621516 3.0437937726389976 2.923368963259543 3.1336813213896 3.0114377622100448 3.1336813213896 2.95527993109547 3.0114377622100448 3.1913838645082113 3.068244346893695 3.1336813213896 3.3421943989254994 3.4360045872801006 3.4703791711716385 3.2412984784516516 3.591903471894591 3.487624461659719 3.5308219592547823 3.583075966486862 3.5134806146228708 3.583075966486862 3.2163765290620767 3.4360045872801006 3.591903471894591 3.5049083193135044 3.32528008209297 3.2915692445190046 3.591903471894591 3.3761404886397117 3.4017851508814365 3.4961777259428795 3.427352221294627 3.224620615797176 3.4445005425392914 3.5308219592547823 3.478913368272576 3.5222306692969467 3.5395914360977594 3.4531725219753477 3.41887543958404 3.5049083193135044 3.5482016839953343 3.813449298647461 3.9037325359196138 3.994931013794065 3.994931013794065 3.994931013794065 3.7418893017975585 3.7330730527728044 3.6886118167516244 3.768741640443454 3.8225239117406637 3.7240926157308536 3.8675087672497956 3.804559352137678 3.9037325359196138 3.7597233992346464 3.885602299887906 3.6005703687441484 3.7955034845365736 3.8675087672497956 3.6975542749607624 3.912900182995015 3.9037325359196138 3.6269688296878213 3.813449298647461 3.949307278152234 3.7508886629289946 3.6532816723590718 3.858563995863041 3.7508886629289946 3.7775948223096445 3.9583425389599913 3.7330730527728044 3.679851275526602 3.7508886629289946 4.292775448258381 4.321250461472404 4.04095991813958 4.077872904589594 4.236244017697849 4.077872904589594 4.2834243201376205 4.031664040933904 4.09638298767736 4.133509829299363 4.105560618158931 4.27389700972598 4.077872904589594 4.397313599800975 4.161356600048034 4.236244017697849 4.1987302626375635 4.4258837292217255 4.483437720084692 4.502689204348403 4.5510575218429565
2.620000 2.7662645407768167 2.689254230838056 2.9792433916584864 3.051985486538066 3.100882644135794 3.100882644135794 3.1583061641901065 3.1913838645082113 2.8207111595260184 3.1172619647621516 3.1666399026804894 3.1172619647621516 2.883634459153842 3.068244346893695 3.4703791711716385 3.583075966486862 3.3338139991916433 3.2412984784516516 3.591903471894591 3.2412984784516516 3.4360045872801006 3.3847337923487957 3.2832470730245484 3.4703791711716385 3.2497327220614505 3.4445005425392914 3.32528008209297 3.4616876158961567 3.478913368272576 3.591903471894591 3.41887543958404 3.3847337923487957 3.4703791711716385 3.32528008209297 3.316919059168708 3.4616876158961567 3.487624461659719 3.4703791711716385 3.583075966486862 3.478913368272576 3.5222306692969467 3.393172123155076 3.274772857790347 3.4961777259428795 3.410242724324369 3.6005703687441484 3.6975542749607624 3.7775948223096445 3.8766393410359554 3.8405254894299046 3.662185980192619 3.9310854954678334 3.7775948223096445 3.715294895303003 3.858563995863041 3.6975542749607624 3.994931013794065 3.976618659079132 3.715294895303003 3.7508886629289946 3.768741640443454 3.813449298647461 3.8675087672497956 3.6181028403300237 3.706333425945615 3.6532816723590718 3.7418893017975585 3.885602299887906 3.804559352137678 3.858563995863041 3.6269688296878213 3.813449298647461 3.858563995863041 3.6005703687441484 3.9401027488501636 3.6269688296878213 3.6445584711110413 3.609417136670968 3.6269688296878213 4.27389700972598 4.378246740791886 4.35921385541505 4.152126383386034 4.004190501010748 4.245736319763044 4.124123872267262 4.208187333724751 4.031664040933904 4.321250461472404 4.105560618158931 4.087032906984074 4.09638298767736 4.2834243201376205 4.114928663178128 4.124123872267262 4.1987302626375635 4.677432327650685 4.5994423537970714 4.5510575218429565 4.5704248550692625
2.630000 2.6739762636570186 2.681538720054648 2.883634459153842 3.051985486538066 3.1666399026804894 2.9153413159340302 2.875807928460546 3.199757902151695 3.003450744285498 2.89946749583966 2.875807928460546 2.875807928460546 2.8363805576478125 2.8207111595260184 3.4961777259428795 3.3847337923487957 3.359147890730457 3.300063394777207 3.3507481470859304 3.2915692445190046 3.32528008209297 3.410242724324369 3.359147890730457 3.591903471894591 3.4703791711716385 3.4445005425392914 3.2832470730245484 3.2915692445190046 3.2412984784516516 3.5744279146298683 3.3847337923487957 3.3761404886397117 3.4961777259428795 3.316919059168708 3.4616876158961567 3.41887543958404 3.2832470730245484 3.2163765290620767 3.5308219592547823 3.5308219592547823 3.41887543958404 3.3847337923487957 3.5134806146228708 3.5482016839953343 3.308405008172237 3.994931013794065 3.662185980192619 3.858563995863041 3.849452029292252 3.849452029292252 3.6975542749607624 3.768741640443454 3.9037325359196138 3.6709278713963025 3.8314321765100012 3.949307278152234 3.6181028403300237 3.7508886629289946 3.8766393410359554 3.706333425945615 3.609417136670968 3.9310854954678334 3.8947514340034837 3.609417136670968 3.679851275526602 3.976618659079132 3.679851275526602 3.9583425389599913 3.706333425945615 3.8766393410359554 3.768741640443454 3.679851275526602 3.813449298647461 3.6445584711110413 3.6005703687441484 3.8405254894299046 3.6709278713963025 3.849452029292252 3.9310854954678334 4.161356600048034 4.013279506756297 4.077872904589594 4.2834243201376205 4.397313599800975 4.004190501010748 4.013279506756297 4.087032906984074 4.245736319763044 4.217469681706391 4.031664040933904 4.330635659446139 4.208187333724751 4.022557214122902 4.013279506756297 4.161356600048034 4.226944395924057 4.464219566817621 4.580026035009029 4.580026035009029 4.493153440002571
2.640000 2.5457231966463083 2.7353365011881885 2.923368963259543 3.183179005903807 3.068244346893695 3.076310974966537 3.1666399026804894 3.068244346893695 3.084543418727391 3.0600322532138695 3.141827112759656 3.068244346893695 3.051985486538066 2.95527993109547 3.427352221294627 3.5569905434876103 3.4017851508814365 3.367721434473514 3.5744279146298683 3.4616876158961567 3.5308219592547823 3.5134806146228708 3.478913368272576 3.5744279146298683 3.5308219592547823 3.316919059168708 3.5744279146298683 3.359147890730457 3.224620615797176 3.5744279146298683 3.3421943989254994 3.5569905434876103 3.487624461659719 3.3847337923487957 3.2079823900123703 3.274772857790347 3.591903471894591 3.4445005425392914 3.5134806146228708 3.5656197122137576 3.5134806146228708 3.4703791711716385 3.32528008209297 3.4360045872801006 3.2330348235664155 3.715294895303003 3.9037325359196138 3.6005703687441484 3.8225239117406637 3.6445584711110413 3.679851275526602 3.715294895303003 3.768741640443454 3.7508886629289946 3.715294895303003 3.9583425389599913 3.9583425389599913 3.706333425945615 3.8225239117406637 3.912900182995015 3.8314321765100012 3.849452029292252 3.6269688296878213 3.9310854954678334 3.662185980192619 3.9401027488501636 3.912900182995015 3.6532816723590718 3.912900182995015 3.813449298647461 3.679851275526602 3.6886118167516244 3.6886118167516244 3.9583425389599913 3.813449298647461 3.715294895303003 3.6269688296878213 3.715294895303003 3.6532816723590718 4.2550531631440744 4.368632905651625 4.311688368423777 4.1800258668376475 4.059398514738147 4.311688368423777 4.292775448258381 4.1800258668376475 4.236244017697849 4.152126383386034 4.34021505789757 4.050084518251851 4.292775448258381 4.189465240303201 4.302320178347698 4.114928663178128 4.387682634199195 4.4739184571649115 4.416414317370283 4.706907035824327 4.512421692304587
2.650000 2.742980616656126 2.758444374347024 3.199757902151695 2.923368963259543 2.947211099811094 3.1666399026804894 2.8207111595260184 2.89946749583966 3.199757902151695 3.1172619647621516 3.0357668950244268 2.947211099811094 3.051985486538066 3.0275955901797973 3.258015913974275 3.4531725219753477 3.3421943989254994 3.583075966486862 3.583075966486862 3.5222306692969467 3.410242724324369 3.300063394777207 3.2079823900123703 3.487624461659719 3.32528008209297 3.5222306692969467 3.4445005425392914 3.5482016839953343 3.367721434473514 3.2915692445190046 3.478913368272576 3.32528008209297 3.4961777259428795 3.5049083193135044 3.4961777259428795 3.2915692445190046 3.300063394777207 3.258015913974275 3.4017851508814365 3.41887543958404 3.487624461659719 3.3338139991916433 3.2330348235664155 3.4616876158961567 3.316919059168708 3.9675654368237803 3.6886118167516244 3.768741640443454 3.715294895303003 3.976618659079132 3.6181028403300237 3.8947514340034837 3.6181028403300237 3.7955034845365736 3.804559352137678 3.6886118167516244 3.9218993832188556 3.6181028403300237 3.994931013794065 3.949307278152234 3.7240926157308536 3.858563995863041 3.6886118167516244 3.786631899160151 3.6709278713963025 3.6356733016454257 3.6709278713963025 3.6975542749607624 3.949307278152234 3.786631899160151 3.7508886629289946 3.786631899160151 3.662185980192619 3.8225239117406637 3.6886118167516244 3.858563995863041 3.6709278713963025 3.6886118167516244 3.9401027488501636 4.114928663178128 4.133509829299363 4.152126383386034 4.330635659446139 4.124123872267262 4.1987302626375635 4.236244017697849 4.302320178347698 4.2834243201376205 4.077872904589594 4.105560618158931 4.1800258668376475 4.050084518251851 4.226944395924057 4.1800258668376475 4.35921385541505 4.189465240303201 4.61889126864975 4.4739184571649115 4.687312877728655 4.61889126864975
2.660000 2.7662645407768167 2.6207599630340725 3.0600322532138695 2.963206958809479 2.923368963259543 2.9712963409361106 3.076310974966537 3.100882644135794 3.0437937726389976 2.8207111595260184 2.8600359004679246 2.9074745108151703 2.9873532967155483 3.1583061641901065 3.316919059168708 3.5569905434876103 3.3421943989254994 3.5222306692969467 3.4360045872801006 3.3847337923487957 3.2832470730245484 3.4531725219753477 3.478913368272576 3.308405008172237 3.2079823900123703 3.300063394777207 3.4445005425392914 3.2163765290620767 3.5569905434876103 3.3507481470859304 3.3761404886397117 3.3338139991916433 3.367721434473514 3.3421943989254994 3.2832470730245484 3.591903471894591 3.487624461659719 3.5744279146298683 3.393172123155076 3.5482016839953343 3.4703791711716385 3.5744279146298683 3.5049083193135044 3.4616876158961567 3.4616876158961567 3.949307278152234 3.679851275526602 3.7330730527728044 3.6886118167516244 3.9401027488501636 3.7508886629289946 3.9037325359196138 3.7597233992346464 3.6709278713963025 3.6356733016454257 3.9858598763479023 3.804559352137678 3.9037325359196138 3.849452029292252 3.8225239117406637 3.858563995863041 3.7508886629289946 3.7955034845365736 3.6532816723590718 3.6005703687441484 3.662185980192619 3.9218993832188556 3.679851275526602 3.9858598763479023 3.7240926157308536 3.6532816723590718 3.6356733016454257 3.813449298647461 3.7330730527728044 3.885602299887906 3.7508886629289946 3.786631899160151 3.6532816723590718 3.949307278152234 4.087032906984074 4.114928663178128 4.114928663178128 4.114928663178128 4.27389700972598 4.236244017697849 4.004190501010748 4.050084518251851 4.114928663178128 4.087032906984074 4.068540840102059 4.2834243201376205 4.09638298767736 4.161356600048034 4.105560618158931 4.27389700972598 4.236244017697849 4.77564075582857 4.464219566817621 4.493153440002571 4.445034863749972
2.670000 2.643544776344315 2.4864462730175894 3.1583061641901065 3.1666399026804894 2.9792433916584864 3.1666399026804894 2.947211099811094 2.883634459153842 2.883634459153842 3.1666399026804894 3.199757902151695 3.0437937726389976 2.8520909398927943 2.8520909398927943 3.4616876158961567 3.2915692445190046 3.4703791711716385 3.4445005425392914 3.4616876158961567 3.4017851508814365 3.591903471894591 3.3421943989254994 3.224620615797176 3.359147890730457 3.3338139991916433 3.367721434473514 3.5308219592547823 3.5222306692969467 3.5744279146298683 3.5569905434876103 3.393172123155076 3.487624461659719 3.583075966486862 3.258015913974275 3.2412984784516516 3.308405008172237 3.5569905434876103 3.367721434473514 3.2163765290620767 3.583075966486862 3.300063394777207 3.427352221294627 3.3421943989254994 3.266470160233948 3.5482016839953343 3.7597233992346464 3.6269688296878213 3.8947514340034837 3.6445584711110413 3.6269688296878213 3.9037325359196138 3.849452029292252 3.679851275526602 3.8225239117406637 3.8675087672497956 3.8766393410359554 3.9310854954678334 3.679851275526602 3.7955034845365736 3.786631899160151 3.6886118167516244 3.6975542749607624 3.8405254894299046 3.6005703687441484 3.706333425945615 3.7418893017975585 3.715294895303003 3.9310854954678334 3.6181028403300237 3.6445584711110413 3.6886118167516244 3.7418893017975585 3.8766393410359554 3.9037325359196138 3.662185980192619 3.786631899160151 3.7330730527728044 3.768741640443454 3.949307278152234 4.105560618158931 4.04095991813958 4.105560618158931 4.302320178347698 4.17077822183587 4.152126383386034 4.059398514738147 4.068540840102059 4.387682634199195 4.013279506756297 4.330635659446139 4.133509829299363 4.2834243201376205 4.077872904589594 4.236244017697849 4.321250461472404 4.068540840102059 4.716620349901103 4.464219566817621 4.7658803301983514 4.502689204348403
2.680000 2.742980616656126 2.689254230838056 2.883634459153842 3.0600322532138695 3.183179005903807 3.199757902151695 3.141827112759656 3.0437937726389976 3.1172619647621516 3.0600322532138695 3.1583061641901065 2.9153413159340302 3.0437937726389976 3.0600322532138695 3.5482016839953343 3.410242724324369 3.410242724324369 3.4017851508814365 3.5222306692969467 3.5482016839953343 3.3507481470859304 3.359147890730457 3.41887543958404 3.359147890730457 3.3761404886397117 3.478913368272576 3.5656197122137576 3.5222306692969467 3.2079823900123703 3.32528008209297 3.258015913974275 3.367721434473514 3.5744279146298683 3.5222306692969467 3.5744279146298683 3.300063394777207 3.591903471894591 3.300063394777207 3.2079823900123703 3.5395914360977594 3.478913368272576 3.2330348235664155 3.583075966486862 3.4616876158961567 3.5222306692969467 3.9310854954678334 3.7597233992346464 3.7330730527728044 3.786631899160151 3.9401027488501636 3.7330730527728044 3.9583425389599913 3.6709278713963025 3.6269688296878213 3.8405254894299046 3.6269688296878213 3.7240926157308536 3.6181028403300237 3.813449298647461 3.9310854954678334 3.8225239117406637 3.662185980192619 3.9583425389599913 3.9401027488501636 3.9401027488501636 3.6886118167516244 3.6532816723590718 3.8675087672497956 3.6532816723590718 3.858563995863041 3.8225239117406637 3.8225239117406637 3.8947514340034837 3.7955034845365736 3.949307278152234 3.9858598763479023 3.768741640443454 3.786631899160151 3.768741640443454 4.2834243201376205 4.27389700972598 4.105560618158931 4.124123872267262 4.27389700972598 4.004190501010748 4.077872904589594 4.124123872267262 4.321250461472404 4.292775448258381 4.013279506756297 4.124123872267262 4.059398514738147 4.34021505789757 4.302320178347698 4.09638298767736 4.04095991813958 4.4258837292217255 4.580026035009029 4.493153440002571 4.5994423537970714
2.690000 2.7894955100188352 2.773949354294852 3.003450744285498 2.9953203443393015 3.0195886289076617 3.1666399026804894 3.003450744285498 3.0437937726389976 2.947211099811094 3.141827112759656 3.0600322532138695 3.1336813213896 3.068244346893695 2.9312558679539493 3.359147890730457 3.224620615797176 3.224620615797176 3.3847337923487957 3.2832470730245484 3.316919059168708 3.3847337923487957 3.359147890730457 3.3338139991916433 3.5744279146298683 3.5656197122137576 3.487624461659719 3.5134806146228708 3.3847337923487957 3.3847337923487957 3.427352221294627 3.5482016839953343 3.274772857790347 3.5395914360977594 3.274772857790347 3.3761404886397117 3.5656197122137576 3.258015913974275 3.4360045872801006 3.4445005425392914 3.5308219592547823 3.583075966486862 3.32528008209297 3.393172123155076 3.393172123155076 3.591903471894591 3.7775948223096445 3.976618659079132 3.8314321765100012 3.858563995863041 3.609417136670968 3.8314321765100012 3.6709278713963025 3.7597233992346464 3.609417136670968 3.7418893017975585 3.7955034845365736 3.6269688296878213 3.8225239117406637 3.768741640443454 3.804559352137678 3.804559352137678 3.976618659079132 3.9218993832188556 3.994931013794065 3.7775948223096445 3.8405254894299046 3.858563995863041 3.6445584711110413 3.7330730527728044 3.609417136670968 3.7330730527728044 3.6356733016454257 3.6532816723590718 3.6532816723590718 3.6975542749607624 3.976618659079132 3.7240926157308536 3.786631899160151 3.8314321765100012 4.142722567221125 4.217469681706391 4.245736319763044 4.050084518251851 4.189465240303201 4.292775448258381 4.217469681706391 4.133509829299363 4.226944395924057 4.050084518251851 4.34021505789757 4.022557214122902 4.133509829299363 4.217469681706391 4.04095991813958 4.321250461472404 4.264562997420372 4.5704248550692625 4.445034863749972 4.435548777559674 4.638372653851022
2.700000 2.7275581271899076 2.7894955100188352 2.963206958809479 3.092629880406265 3.141827112759656 3.1583061641901065 3.100882644135794 3.076310974966537 3.076310974966537 3.1583061641901065 3.1089889111804934 3.199757902151695 3.084543418727391 3.068244346893695 3.2330348235664155 3.274772857790347 3.487624461659719 3.4017851508814365 3.478913368272576 3.5049083193135044 3.4531725219753477 3.274772857790347 3.5222306692969467 3.5744279146298683 3.591903471894591 3.5395914360977594 3.591903471894591 3.2412984784516516 3.2163765290620767 3.308405008172237 3.427352221294627 3.5049083193135044 3.316919059168708 3.4531725219753477 3.41887543958404 3.41887543958404 3.4531725219753477 3.308405008172237 3.3761404886397117 3.359147890730457 3.5222306692969467 3.4961777259428795 3.2079823900123703 3.4017851508814365 3.487624461659719 3.9858598763479023 3.858563995863041 3.6005703687441484 3.885602299887906 3.9037325359196138 3.9858598763479023 3.6709278713963025 3.662185980192619 3.8314321765100012 3.7775948223096445 3.6181028403300237 3.7955034845365736 3.8314321765100012 3.9858598763479023 3.9037325359196138 3.786631899160151 3.6886118167516244 3.7330730527728044 3.9675654368237803 3.786631899160151 3.8675087672497956 3.885602299887906 3.7508886629289946 3.6181028403300237 3.7418893017975585 3.858563995863041 3.9583425389599913 3.6005703687441484 3.6445584711110413 3.609417136670968 3.7418893017975585 3.6886118167516244 3.813449298647461 3.7418893017975585 4.114928663178128 4.292775448258381 4.013279506756297 4.292775448258381 4.04095991813958 4.059398514738147 4.004190501010748 4.124123872267262 4.189465240303201 4.04095991813958 4.189465240303201 4.292775448258381 4.330635659446139 4.34961720950167 4.368632905651625 4.04095991813958 4.124123872267262 4.416414317370283 4.5994423537970714 4.445034863749972 4.628723044707949
2.710000 2.643544776344315 2.7662645407768167 3.076310974966537 3.1172619647621516 3.1748251019000335 3.141827112759656 3.0275955901797973 3.0275955901797973 3.141827112759656 2.947211099811094 3.1336813213896 2.89946749583966 3.0275955901797973 3.1748251019000335 3.410242724324369 3.224620615797176 3.4616876158961567 3.3421943989254994 3.5744279146298683 3.5744279146298683 3.5482016839953343 3.4961777259428795 3.5482016839953343 3.4616876158961567 3.478913368272576 3.3421943989254994 3.41887543958404 3.367721434473514 3.2497327220614505 3.487624461659719 3.258015913974275 3.2079823900123703 3.4961777259428795 3.274772857790347 3.2163765290620767 3.5049083193135044 3.3421943989254994 3.478913368272576 3.2163765290620767 3.3338139991916433 3.2832470730245484 3.274772857790347 3.274772857790347 3.5308219592547823 3.4616876158961567 3.715294895303003 3.858563995863041 3.6709278713963025 3.786631899160151 3.679851275526602 3.8766393410359554 3.885602299887906 3.662185980192619 3.7418893017975585 3.7240926157308536 3.706333425945615 3.6356733016454257 3.804559352137678 3.8675087672497956 3.9583425389599913 3.9583425389599913 3.9858598763479023 3.6709278713963025 3.7775948223096445 3.9675654368237803 3.858563995863041 3.8947514340034837 3.7330730527728044 3.6709278713963025 3.768741640443454 3.8947514340034837 3.849452029292252 3.8675087672497956 3.706333425945615 3.849452029292252 3.9858598763479023 3.849452029292252 3.7418893017975585 3.715294895303003 4.161356600048034 4.013279506756297 4.378246740791886 4.077872904589594 4.387682634199195 4.2550531631440744 4.022557214122902 4.321250461472404 4.013279506756297 4.09638298767736 4.004190501010748 4.059398514738147 4.34961720950167 4.09638298767736 4.330635659446139 4.226944395924057 4.217469681706391 4.706907035824327 4.755935679775094 4.45471686346053 4.4739184571649115
2.720000 2.6968371342160555 2.7817903811287406 3.003450744285498 2.947211099811094 2.89946749583966 2.9712963409361106 3.084543418727391 2.9873532967155483 3.1336813213896 2.9873532967155483 3.1172619647621516 3.1666399026804894 3.051985486538066 2.875807928460546 3.4017851508814365 3.359147890730457 3.2832470730245484 3.316919059168708 3.427352221294627 3.2915692445190046 3.3421943989254994 3.410242724324369 3.5569905434876103 3.4616876158961567 3.359147890730457 3.5134806146228708 3.367721434473514 3.4616876158961567 3.5134806146228708 3.3847337923487957 3.427352221294627 3.5134806146228708 3.487624461659719 3.359147890730457 3.5482016839953343 3.32528008209297 3.5744279146298683 3.5049083193135044 3.2163765290620767 3.32528008209297 3.300063394777207 3.2079823900123703 3.591903471894591 3.3847337923487957 3.410242724324369 3.849452029292252 3.9858598763479023 3.9401027488501636 3.7955034845365736 3.976618659079132 3.849452029292252 3.6181028403300237 3.9858598763479023 3.6181028403300237 3.849452029292252 3.912900182995015 3.6356733016454257 3.949307278152234 3.976618659079132 3.6445584711110413 3.679851275526602 3.786631899160151 3.715294895303003 3.9037325359196138 3.6709278713963025 3.9675654368237803 3.7418893017975585 3.912900182995015 3.804559352137678 3.768741640443454 3.7597233992346464 3.9583425389599913 3.8947514340034837 3.7240926157308536 3.706333425945615 3.813449298647461 3.9675654368237803 3.662185980192619 3.7597233992346464 4.35921385541505 4.004190501010748 4.27389700972598 4.004190501010748 4.114928663178128 4.161356600048034 4.004190501010748 4.124123872267262 4.087032906984074 4.330635659446139 4.2550531631440744 4.302320178347698 4.013279506756297 4.031664040933904 4.217469681706391 4.236244017697849 4.013279506756297 4.493153440002571 4.464219566817621 4.435548777559674 4.521973899542435
2.730000 2.6510662756753334 2.742980616656126 3.0437937726389976 2.9712963409361106 3.1253880083974157 3.1336813213896 3.092629880406265 3.0114377622100448 3.1253880083974157 3.051985486538066 3.1583061641901065 2.8520909398927943 3.0357668950244268 3.100882644135794 3.393172123155076 3.5222306692969467 3.2079823900123703 3.4360045872801006 3.583075966486862 3.4616876158961567 3.478913368272576 3.266470160233948 3.5222306692969467 3.266470160233948 3.2079823900123703 3.5744279146298683 3.3421943989254994 3.4961777259428795 3.3761404886397117 3.5656197122137576 3.4961777259428795 3.2163765290620767 3.274772857790347 3.4531725219753477 3.4961777259428795 3.410242724324369 3.300063394777207 3.410242724324369 3.41887543958404 3.5744279146298683 3.5482016839953343 3.3507481470859304 3.2832470730245484 3.367721434473514 3.583075966486862 3.6709278713963025 3.8947514340034837 3.804559352137678 3.6005703687441484 3.6445584711110413 3.6709278713963025 3.8766393410359554 3.804559352137678 3.7597233992346464 3.6181028403300237 3.912900182995015 3.949307278152234 3.7508886629289946 3.994931013794065 3.976618659079132 3.715294895303003 3.994931013794065 3.8675087672497956 3.6005703687441484 3.6975542749607624 3.9401027488501636 3.679851275526602 3.7955034845365736 3.706333425945615 3.7955034845365736 3.9401027488501636 3.849452029292252 3.6445584711110413 3.609417136670968 3.768741640443454 3.609417136670968 3.786631899160151 3.9310854954678334 3.7418893017975585 4.245736319763044 4.004190501010748 4.161356600048034 4.059398514738147 4.013279506756297 4.09638298767736 4.208187333724751 4.1800258668376475 4.302320178347698 4.031664040933904 4.105560618158931 4.2834243201376205 4.226944395924057 4.292775448258381 4.1800258668376475 4.226944395924057 4.1987302626375635 4.4258837292217255 4.512421692304587 4.45471686346053 4.60925774129937
2.740000 2.7662645407768167 2.758444374347024 3.1748251019000335 2.9873532967155483 3.183179005903807 3.0275955901797973 3.100882644135794 3.141827112759656 3.1089889111804934 3.1253880083974157 2.939304120852559 3.051985486538066 3.1089889111804934 2.8207111595260184 3.367721434473514 3.5308219592547823 3.3507481470859304 3.5744279146298683 3.5656197122137576 3.5656197122137576 3.2915692445190046 3.410242724324369 3.2330348235664155 3.393172123155076 3.5744279146298683 3.359147890730457 3.427352221294627 3.4531725219753477 3.4616876158961567 3.41887543958404 3.5395914360977594 3.393172123155076 3.4531725219753477 3.5395914360977594 3.427352221294627 3.5744279146298683 3.2412984784516516 3.41887543958404 3.5744279146298683 3.258015913974275 3.583075966486862 3.5569905434876103 3.3507481470859304 3.583075966486862 3.427352221294627 3.7955034845365736 3.9037325359196138 3.9218993832188556 3.7240926157308536 3.662185980192619 3.679851275526602 3.7775948223096445 3.7240926157308536 3.8405254894299046 3.7330730527728044 3.8405254894299046 3.6181028403300237 3.9401027488501636 3.9218993832188556 3.813449298647461 3.6356733016454257 3.706333425945615 3.7597233992346464 3.6532816723590718 3.804559352137678 3.885602299887906 3.786631899160151 3.976618659079132 3.7508886629289946 3.949307278152234 3.6709278713963025 3.9675654368237803 3.6709278713963025 3.8405254894299046 3.8405254894299046 3.8947514340034837 3.912900182995015 3.949307278152234 3.6356733016454257 4.022557214122902 4.152126383386034 4.152126383386034 4.013279506756297 4.189465240303201 4.217469681706391 4.245736319763044 4.152126383386034 4.004190501010748 4.124123872267262 4.133509829299363 4.114928663178128 4.124123872267262 4.059398514738147 4.068540840102059 4.35921385541505 4.17077822183587 4.4739184571649115 4.61889126864975 4.445034863749972 4.589824969666061
2.750000 2.666281752772024 2.6358923316510894 3.092629880406265 3.1913838645082113 2.8050827943071095 3.1089889111804934 3.1666399026804894 3.1172619647621516 3.1748251019000335 3.199757902151695 3.0114377622100448 3.068244346893695 3.0600322532138695 3.141827112759656 3.2330348235664155 3.224620615797176 3.591903471894591 3.5482016839953343 3.5744279146298683 3.2330348235664155 3.266470160233948 3.3338139991916433 3.4360045872801006 3.274772857790347 3.478913368272576 3.5049083193135044 3.2163765290620767 3.3338139991916433 3.4531725219753477 3.4531725219753477 3.5222306692969467 3.2832470730245484 3.4961777259428795 3.224620615797176 3.427352221294627 3.487624461659719 3.2163765290620767 3.3507481470859304 3.478913368272576 3.367721434473514 3.2832470730245484 3.4360045872801006 3.5222306692969467 3.4616876158961567 3.359147890730457 3.813449298647461 3.804559352137678 3.7508886629289946 3.804559352137678 3.8405254894299046 3.768741640443454 3.9583425389599913 3.6975542749607624 3.849452029292252 3.6886118167516244 3.9310854954678334 3.8225239117406637 3.6975542749607624 3.9401027488501636 3.6181028403300237 3.9218993832188556 3.706333425945615 3.849452029292252 3.8314321765100012 3.8405254894299046 3.858563995863041 3.6005703687441484 3.8947514340034837 3.8225239117406637 3.9310854954678334 3.885602299887906 3.9401027488501636 3.6975542749607624 3.6532816723590718 3.6886118167516244 3.706333425945615 3.6975542749607624 3.994931013794065 3.6445584711110413 4.226944395924057 4.236244017697849 4.124123872267262 4.208187333724751 4.2834243201376205 4.013279506756297 4.142722567221125 4.059398514738147 4.292775448258381 4.387682634199195 4.09638298767736 4.321250461472404 4.105560618158931 4.077872904589594 4.077872904589594 4.105560618158931 4.031664040933904 4.483437720084692 4.560642437348045 4.657886382739784 4.4739184571649115
2.760000 2.742980616656126 2.712176951408701 3.0600322532138695 2.89946749583966 3.1748251019000335 2.8363805576478125 3.150140654150466 2.9873532967155483 3.051985486538066 2.875807928460546 3.076310974966537 3.1253880083974157 2.9873532967155483 2.867842256978591 3.4961777259428795 3.2832470730245484 3.5222306692969467 3.41887543958404 3.5049083193135044 3.3338139991916433 3.4531725219753477 3.3847337923487957 3.5308219592547823 3.5134806146228708 3.427352221294627 3.258015913974275 3.5744279146298683 3.5482016839953343 3.4017851508814365 3.4531725219753477 3.4961777259428795 3.2330348235664155 3.3847337923487957 3.2915692445190046 3.393172123155076 3.4445005425392914 3.5049083193135044 3.2497327220614505 3.2079823900123703 3.5134806146228708 3.2079823900123703 3.316919059168708 3.300063394777207 3.5049083193135044 3.393172123155076 3.6975542749607624 3.813449298647461 3.8675087672497956 3.9675654368237803 3.994931013794065 3.8405254894299046 3.7508886629289946 3.6445584711110413 3.768741640443454 3.8314321765100012 3.804559352137678 3.976618659079132 3.813449298647461 3.7955034845365736 3.8225239117406637 3.786631899160151 3.949307278152234 3.949307278152234 3.6975542749607624 3.8225239117406637 3.9858598763479023 3.9310854954678334 3.609417136670968 3.8225239117406637 3.8766393410359554 3.9675654368237803 3.786631899160151 3.7418893017975585 3.679851275526602 3.858563995863041 3.662185980192619 3.7955034845365736 3.8225239117406637 3.8947514340034837 4.133509829299363 4.236244017697849 4.133509829299363 4.050084518251851 4.189465240303201 4.152126383386034 4.152126383386034 4.161356600048034 4.2834243201376205 4.09638298767736 4.031664040933904 4.105560618158931 4.208187333724751 4.013279506756297 4.068540840102059 4.217469681706391 4.264562997420372 4.667750740597353 4.493153440002571 4.483437720084692 4.4067662805426995
2.770000 2.598209301621978 2.750779898693886 3.141827112759656 3.092629880406265 3.0275955901797973 2.875807928460546 3.150140654150466 3.076310974966537 3.1583061641901065 3.1748251019000335 3.076310974966537 3.0275955901797973 3.0437937726389976 2.939304120852559 3.5656197122137576 3.2079823900123703 3.5569905434876103 3.308405008172237 3.300063394777207 3.316919059168708 3.41887543958404 3.4616876158961567 3.3338139991916433 3.4360045872801006 3.5395914360977594 3.5744279146298683 3.308405008172237 3.308405008172237 3.367721434473514 3.4616876158961567 3.224620615797176 3.393172123155076 3.4360045872801006 3.3338139991916433 3.3507481470859304 3.3761404886397117 3.2497327220614505 3.4360045872801006 3.5049083193135044 3.4703791711716385 3.367721434473514 3.32528008209297 3.591903471894591 3.4961777259428795 3.5569905434876103 3.994931013794065 3.7508886629289946 3.9675654368237803 3.804559352137678 3.8405254894299046 3.6532816723590718 3.662185980192619 3.7240926157308536 3.9583425389599913 3.6181028403300237 3.9037325359196138 3.6445584711110413 3.9218993832188556 3.8766393410359554 3.7508886629289946 3.8314321765100012 3.9218993832188556 3.9218993832188556 3.768741640443454 3.6532816723590718 3.8225239117406637 3.804559352137678 3.9583425389599913 3.7775948223096445 3.6532816723590718 3.949307278152234 3.786631899160151 3.7597233992346464 3.609417136670968 3.662185980192619 3.9310854954678334 3.912900182995015 3.706333425945615 3.609417136670968 4.264562997420372 4.321250461472404 4.208187333724751 4.236244017697849 4.124123872267262 4.1987302626375635 4.397313599800975 4.114928663178128 4.022557214122902 4.17077822183587 4.124123872267262 4.245736319763044 4.142722567221125 4.022557214122902 4.068540840102059 4.189465240303201 4.068540840102059 4.638372653851022 4.531723093439896 4.502689204348403 4.61889126864975
2.780000 2.560647071112147 2.750779898693886 3.1748251019000335 2.8443047815867 3.1666399026804894 2.8916208154516734 2.9873532967155483 3.0600322532138695 3.1253880083974157 3.183179005903807 2.923368963259543 2.95527993109547 3.183179005903807 3.1253880083974157 3.2915692445190046 3.2079823900123703 3.4360045872801006 3.359147890730457 3.4961777259428795 3.427352221294627 3.487624461659719 3.274772857790347 3.4616876158961567 3.4445005425392914 3.4703791711716385 3.5482016839953343 3.487624461659719 3.5395914360977594 3.2079823900123703 3.359147890730457 3.2079823900123703 3.274772857790347 3.2497327220614505 3.5222306692969467 3.583075966486862 3.4531725219753477 3.4017851508814365 3.487624461659719 3.427352221294627 3.41887543958404 3.3507481470859304 3.308405008172237 3.4445005425392914 3.308405008172237 3.410242724324369 3.849452029292252 3.8225239117406637 3.7330730527728044 3.6005703687441484 3.9401027488501636 3.849452029292252 3.662185980192619 3.885602299887906 3.849452029292252 3.7597233992346464 3.9401027488501636 3.912900182995015 3.9037325359196138 3.6269688296878213 3.6356733016454257 3.662185980192619 3.706333425945615 3.9858598763479023 3.6532816723590718 3.768741640443454 3.804559352137678 3.9310854954678334 3.786631899160151 3.8314321765100012 3.6181028403300237 3.8947514340034837 3.9037325359196138 3.8675087672497956 3.7240926157308536 3.9675654368237803 3.6181028403300237 3.6181028403300237 3.8675087672497956 3.6445584711110413 4.387682634199195 4.050084518251851 4.09638298767736 4.004190501010748 4.077872904589594 4.245736319763044 4.292775448258381 4.17077822183587 4.004190501010748 4.059398514738147 4.059398514738147 4.1800258668376475 4.077872904589594 4.311688368423777 4.245736319763044 4.236244017697849 4.087032906984074 4.464219566817621 4.4739184571649115 4.45471686346053 4.521973899542435
2.790000 2.689254230838056 2.750779898693886 3.150140654150466 3.0195886289076617 2.923368963259543 3.0275955901797973 3.1172619647621516 3.0437937726389976 3.141827112759656 2.9153413159340302 2.947211099811094 3.051985486538066 3.1913838645082113 3.100882644135794 3.266470160233948 3.266470160233948 3.2412984784516516 3.308405008172237 3.4616876158961567 3.3421943989254994 3.266470160233948 3.266470160233948 3.274772857790347 3.4445005425392914 3.2163765290620767 3.591903471894591 3.2497327220614505 3.4703791711716385 3.32528008209297 3.5134806146228708 3.478913368272576 3.3338139991916433 3.224620615797176 3.591903471894591 3.2915692445190046 3.393172123155076 3.5744279146298683 3.591903471894591 3.3338139991916433 3.3847337923487957 3.427352221294627 3.591903471894591 3.5395914360977594 3.3507481470859304 3.5308219592547823 3.6005703687441484 3.8675087672497956 3.6181028403300237 3.7330730527728044 3.6181028403300237 3.9583425389599913 3.6886118167516244 3.885602299887906 3.7418893017975585 3.8675087672497956 3.7418893017975585 3.7508886629289946 3.6709278713963025 3.8405254894299046 3.7508886629289946 3.9037325359196138 3.7775948223096445 3.8675087672497956 3.8675087672497956 3.662185980192619 3.6356733016454257 3.976618659079132 3.8314321765100012 3.8675087672497956 3.662185980192619 3.7330730527728044 3.6269688296878213 3.679851275526602 3.9218993832188556 3.9583425389599913 3.7508886629289946 3.912900182995015 3.8225239117406637 3.8314321765100012 4.189465240303201 4.2550531631440744 4.004190501010748 4.264562997420372 4.013279506756297 4.17077822183587 4.133509829299363 4.1800258668376475 4.189465240303201 4.226944395924057 4.378246740791886 4.27389700972598 4.04095991813958 4.09638298767736 4.35921385541505 4.27389700972598 4.378246740791886 4.78560126157025 4.502689204348403 4.512421692304587 4.667750740597353
2.800000 2.712176951408701 2.5906201187502864 3.003450744285498 2.828614621459107 3.1666399026804894 3.068244346893695 3.051985486538066 2.9312558679539493 3.1172619647621516 3.0357668950244268 2.8916208154516734 2.9873532967155483 3.092629880406265 2.9873532967155483 3.367721434473514 3.308405008172237 3.583075966486862 3.4961777259428795 3.359147890730457 3.258015913974275 3.487624461659719 3.591903471894591 3.591903471894591 3.2832470730245484 3.2079823900123703 3.5656197122137576 3.308405008172237 3.4017851508814365 3.591903471894591 3.4017851508814365 3.32528008209297 3.367721434473514 3.427352221294627 3.300063394777207 3.359147890730457 3.427352221294627 3.5744279146298683 3.4961777259428795 3.478913368272576 3.2412984784516516 3.2915692445190046 3.2497327220614505 3.308405008172237 3.3507481470859304 3.4360045872801006 3.9401027488501636 3.6269688296878213 3.7775948223096445 3.706333425945615 3.9401027488501636 3.715294895303003 3.8225239117406637 3.8225239117406637 3.7597233992346464 3.994931013794065 3.858563995863041 3.7418893017975585 3.858563995863041 3.6709278713963025 3.6005703687441484 3.8947514340034837 3.6445584711110413 3.7597233992346464 3.6709278713963025 3.7597233992346464 3.6709278713963025 3.8314321765100012 3.6269688296878213 3.7955034845365736 3.6005703687441484 3.9401027488501636 3.9583425389599913 3.8675087672497956 3.6356733016454257 3.715294895303003 3.6886118167516244 3.849452029292252 3.786631899160151 3.976618659079132 4.217469681706391 4.022557214122902 4.311688368423777 4.133509829299363 4.013279506756297 4.04095991813958 4.1987302626375635 4.245736319763044 4.114928663178128 4.022557214122902 4.09638298767736 4.031664040933904 4.35921385541505 4.04095991813958 4.152126383386034 4.050084518251851 4.022557214122902 4.483437720084692 4.416414317370283 4.435548777559674 4.521973899542435
2.810000 2.6283913418621196 2.6739762636570186 3.1089889111804934 3.076310974966537 3.1089889111804934 3.1089889111804934 3.0275955901797973 3.183179005903807 3.199757902151695 2.89946749583966 3.1748251019000335 3.076310974966537 3.141827112759656 3.0437937726389976 3.393172123155076 3.5744279146298683 3.2915692445190046 3.5134806146228708 3.583075966486862 3.4961777259428795 3.5482016839953343 3.3761404886397117 3.266470160233948 3.487624461659719 3.4531725219753477 3.5744279146298683 3.393172123155076 3.4445005425392914 3.308405008172237 3.4703791711716385 3.359147890730457 3.3507481470859304 3.5744279146298683 3.5744279146298683 3.478913368272576 3.4531725219753477 3.308405008172237 3.2832470730245484 3.5134806146228708 3.224620615797176 3.3761404886397117 3.3507481470859304 3.393172123155076 3.4961777259428795 3.583075966486862 3.8947514340034837 3.976618659079132 3.9858598763479023 3.9675654368237803 3.8314321765100012 3.8225239117406637 3.804559352137678 3.9218993832188556 3.849452029292252 3.7240926157308536 3.9401027488501636 3.6269688296878213 3.813449298647461 3.9037325359196138 3.8947514340034837 3.6975542749607624 3.8766393410359554 3.715294895303003 3.786631899160151 3.6709278713963025 3.679851275526602 3.6005703687441484 3.662185980192619 3.662185980192619 3.7955034845365736 3.9310854954678334 3.7597233992346464 3.7418893017975585 3.8947514340034837 3.7240926157308536 3.7597233992346464 3.6886118167516244 3.6532816723590718 3.715294895303003 4.1987302626375635 4.34961720950167 4.105560618158931 4.236244017697849 4.387682634199195 4.264562997420372 4.292775448258381 4.17077822183587 4.031664040933904 4.031664040933904 4.031664040933904 4.330635659446139 4.368632905651625 4.35921385541505 4.17077822183587 4.264562997420372 4.34021505789757 4.589824969666061 4.5994423537970714 4.580026035009029 4.746190893645621
2.820000 2.643544776344315 2.7894955100188352 2.95527993109547 3.1913838645082113 3.0437937726389976 3.141827112759656 2.9873532967155483 3.1913838645082113 2.9712963409361106 2.95527993109547 3.0600322532138695 3.003450744285498 3.183179005903807 2.8916208154516734 3.258015913974275 3.4445005425392914 3.359147890730457 3.41887543958404 3.4017851508814365 3.5656197122137576 3.410242724324369 3.5744279146298683 3.308405008172237 3.4360045872801006 3.3761404886397117 3.583075966486862 3.32528008209297 3.4445005425392914 3.3421943989254994 3.308405008172237 3.5744279146298683 3.3338139991916433 3.4616876158961567 3.3761404886397117 3.266470160233948 3.4017851508814365 3.359147890730457 3.5395914360977594 3.5222306692969467 3.41887543958404 3.410242724324369 3.274772857790347 3.3338139991916433 3.2497327220614505 3.591903471894591 3.9310854954678334 3.6445584711110413 3.679851275526602 3.804559352137678 3.849452029292252 3.7775948223096445 3.8225239117406637 3.8314321765100012 3.9583425389599913 3.7955034845365736 3.912900182995015 3.706333425945615 3.7240926157308536 3.7597233992346464 3.6532816723590718 3.715294895303003 3.662185980192619 3.885602299887906 3.6181028403300237 3.662185980192619 3.7955034845365736 3.706333425945615 3.6005703687441484 3.662185980192619 3.9675654368237803 3.8766393410359554 3.6005703687441484 3.8225239117406637 3.804559352137678 3.8405254894299046 3.6356733016454257 3.6886118167516244 3.7775948223096445 3.706333425945615 4.2550531631440744 4.1987302626375635 4.114928663178128 4.077872904589594 4.292775448258381 4.031664040933904 4.004190501010748 4.031664040933904 4.04095991813958 4.387682634199195 4.397313599800975 4.114928663178128 4.013279506756297 4.050084518251851 4.013279506756297 4.087032906984074 4.004190501010748 4.512421692304587 4.677432327650685 4.4258837292217255 4.483437720084692
2.830000 2.7353365011881885 2.7894955100188352 3.1336813213896 2.8363805576478125 2.8050827943071095 3.003450744285498 3.1336813213896 2.9712963409361106 3.0437937726389976 3.0114377622100448 3.1583061641901065 3.1913838645082113 3.084543418727391 3.076310974966537 3.5308219592547823 3.5308219592547823 3.478913368272576 3.4360045872801006 3.487624461659719 3.4961777259428795 3.5395914360977594 3.41887543958404 3.4703791711716385 3.427352221294627 3.4616876158961567 3.591903471894591 3.5656197122137576 3.4445005425392914 3.32528008209297 3.4531725219753477 3.5395914360977594 3.274772857790347 3.3338139991916433 3.478913368272576 3.410242724324369 3.4017851508814365 3.300063394777207 3.3338139991916433 3.591903471894591 3.224620615797176 3.478913368272576 3.3421943989254994 3.2163765290620767 3.224620615797176 3.3338139991916433 3.8675087672497956 3.7775948223096445 3.7418893017975585 3.715294895303003 3.706333425945615 3.9675654368237803 3.786631899160151 3.7240926157308536 3.679851275526602 3.706333425945615 3.6356733016454257 3.6532816723590718 3.609417136670968 3.6269688296878213 3.609417136670968 3.9583425389599913 3.8225239117406637 3.7508886629289946 3.6886118167516244 3.804559352137678 3.609417136670968 3.6269688296878213 3.706333425945615 3.8314321765100012 3.8947514340034837 3.8405254894299046 3.6445584711110413 3.679851275526602 3.6356733016454257 3.6356733016454257 3.8675087672497956 3.7955034845365736 3.6181028403300237 3.6886118167516244 4.087032906984074 4.152126383386034 4.068540840102059 4.34961720950167 4.189465240303201 4.226944395924057 4.152126383386034 4.077872904589594 4.34961720950167 4.330635659446139 4.059398514738147 4.264562997420372 4.133509829299363 4.245736319763044 4.2834243201376205 4.189465240303201 4.217469681706391 4.445034863749972 4.560642437348045 4.5510575218429565 4.60925774129937
2.840000 2.6283913418621196 2.758444374347024 3.1583061641901065 3.1583061641901065 3.1583061641901065 3.1253880083974157 3.0275955901797973 3.084543418727391 3.1583061641901065 3.100882644135794 3.092629880406265 2.947211099811094 3.068244346893695 3.141827112759656 3.393172123155076 3.5744279146298683 3.4616876158961567 3.5308219592547823 3.2330348235664155 3.4961777259428795 3.266470160233948 3.3507481470859304 3.274772857790347 3.487624461659719 3.5134806146228708 3.5656197122137576 3.3761404886397117 3.5482016839953343 3.427352221294627 3.4703791711716385 3.300063394777207 3.3338139991916433 3.258015913974275 3.359147890730457 3.300063394777207 3.478913368272576 3.478913368272576 3.5308219592547823 3.427352221294627 3.4445005425392914 3.5656197122137576 3.5134806146228708 3.5656197122137576 3.3421943989254994 3.410242724324369 3.679851275526602 3.8947514340034837 3.9401027488501636 3.6356733016454257 3.715294895303003 3.6356733016454257 3.9675654368237803 3.768741640443454 3.9037325359196138 3.8675087672497956 3.7775948223096445 3.885602299887906 3.858563995863041 3.8947514340034837 3.949307278152234 3.715294895303003 3.994931013794065 3.804559352137678 3.7508886629289946 3.849452029292252 3.9675654368237803 3.7240926157308536 3.662185980192619 3.768741640443454 3.885602299887906 3.976618659079132 3.8947514340034837 3.8405254894299046 3.8405254894299046 3.849452029292252 3.8314321765100012 3.949307278152234 3.7418893017975585 3.8675087672497956 4.059398514738147 4.1987302626375635 4.087032906984074 4.050084518251851 4.302320178347698 4.2834243201376205 4.264562997420372 4.133509829299363 4.292775448258381 4.245736319763044 4.077872904589594 4.311688368423777 4.068540840102059 4.189465240303201 4.050084518251851 4.27389700972598 4.152126383386034 4.61889126864975 4.4067662805426995 4.493153440002571 4.5510575218429565
2.850000 2.598209301621978 2.742980616656126 3.150140654150466 3.0357668950244268 2.875807928460546 3.1253880083974157 3.1913838645082113 3.1748251019000335 2.8916208154516734 3.1666399026804894 3.051985486538066 2.883634459153842 3.100882644135794 3.068244346893695 3.367721434473514 3.2497327220614505 3.359147890730457 3.5744279146298683 3.41887543958404 3.359147890730457 3.4017851508814365 3.4360045872801006 3.591903471894591 3.5222306692969467 3.367721434473514 3.4017851508814365 3.3421943989254994 3.5308219592547823 3.3761404886397117 3.5049083193135044 3.3421943989254994 3.274772857790347 3.3761404886397117 3.41887543958404 3.316919059168708 3.5222306692969467 3.4445005425392914 3.5482016839953343 3.367721434473514 3.5569905434876103 3.5744279146298683 3.2163765290620767 3.2412984784516516 3.2832470730245484 3.4703791711716385 3.8675087672497956 3.6356733016454257 3.9310854954678334 3.6445584711110413 3.6886118167516244 3.7240926157308536 3.849452029292252 3.9401027488501636 3.858563995863041 3.706333425945615 3.949307278152234 3.6445584711110413 3.912900182995015 3.715294895303003 3.9310854954678334 3.9218993832188556 3.858563995863041 3.7955034845365736 3.7330730527728044 3.715294895303003 3.679851275526602 3.6975542749607624 3.9218993832188556 3.768741640443454 3.6532816723590718 3.9675654368237803 3.976618659079132 3.8947514340034837 3.6269688296878213 3.849452029292252 3.8405254894299046 3.715294895303003 3.6886118167516244 3.885602299887906 4.124123872267262 4.059398514738147 4.04095991813958 4.013279506756297 4.031664040933904 4.152126383386034 4.330635659446139 4.013279506756297 4.311688368423777 4.004190501010748 4.059398514738147 4.04095991813958 4.077872904589594 4.068540840102059 4.236244017697849 4.2550531631440744 4.068540840102059 4.77564075582857 4.589824969666061 4.60925774129937 4.541291684561032
2.860000 2.7973573730146533 2.5831807784910445 3.003450744285498 2.867842256978591 3.092629880406265 2.9953203443393015 3.051985486538066 3.1253880083974157 2.883634459153842 3.076310974966537 3.1172619647621516 3.1748251019000335 3.1336813213896 2.875807928460546 3.359147890730457 3.359147890730457 3.5744279146298683 3.5134806146228708 3.266470160233948 3.3507481470859304 3.5395914360977594 3.5482016839953343 3.4961777259428795 3.308405008172237 3.591903471894591 3.3507481470859304 3.4616876158961567 3.2915692445190046 3.3761404886397117 3.5049083193135044 3.2832470730245484 3.4531725219753477 3.300063394777207 3.427352221294627 3.2497327220614505 3.41887543958404 3.478913368272576 3.3507481470859304 3.5222306692969467 3.2412984784516516 3.4360045872801006 3.266470160233948 3.258015913974275 3.5049083193135044 3.5222306692969467 3.7597233992346464 3.813449298647461 3.813449298647461 3.8225239117406637 3.6709278713963025 3.6356733016454257 3.8947514340034837 3.768741640443454 3.715294895303003 3.6975542749607624 3.7240926157308536 3.6532816723590718 3.994931013794065 3.9401027488501636 3.7597233992346464 3.8675087672497956 3.9310854954678334 3.9675654368237803 3.6975542749607624 3.7240926157308536 3.804559352137678 3.8405254894299046 3.8947514340034837 3.7418893017975585 3.6886118167516244 3.7330730527728044 3.7330730527728044 3.9675654368237803 3.6356733016454257 3.768741640443454 3.6356733016454257 3.849452029292252 3.6975542749607624 3.706333425945615 4.013279506756297 4.1800258668376475 4.004190501010748 4.378246740791886 4.031664040933904 4.302320178347698 4.031664040933904 4.264562997420372 4.1800258668376475 4.050084518251851 4.387682634199195 4.004190501010748 4.133509829299363 4.133509829299363 4.1987302626375635 4.068540840102059 4.292775448258381 4.667750740597353 4.589824969666061 4.464219566817621 4.435548777559674
2.870000 2.666281752772024 2.7275581271899076 3.068244346893695 3.0275955901797973 3.1253880083974157 2.9312558679539493 3.1089889111804934 3.183179005903807 3.051985486538066 3.100882644135794 3.1666399026804894 3.1089889111804934 3.199757902151695 3.0275955901797973 3.5222306692969467 3.2079823900123703 3.5222306692969467 3.32528008209297 3.4445005425392914 3.487624461659719 3.410242724324369 3.32528008209297 3.359147890730457 3.2330348235664155 3.4017851508814365 3.2497327220614505 3.2079823900123703 3.258015913974275 3.583075966486862 3.367721434473514 3.4360045872801006 3.2412984784516516 3.4017851508814365 3.3847337923487957 3.5569905434876103 3.2412984784516516 3.41887543958404 3.478913368272576 3.5482016839953343 3.4531725219753477 3.224620615797176 3.2163765290620767 3.3421943989254994 3.5049083193135044 3.3421943989254994 3.9583425389599913 3.7508886629289946 3.885602299887906 3.6181028403300237 3.786631899160151 3.912900182995015 3.9675654368237803 3.6445584711110413 3.9310854954678334 3.6181028403300237 3.7240926157308536 3.849452029292252 3.9310854954678334 3.7597233992346464 3.8947514340034837 3.849452029292252 3.706333425945615 3.9675654368237803 3.8405254894299046 3.9858598763479023 3.6886118167516244 3.679851275526602 3.6356733016454257 3.9858598763479023 3.662185980192619 3.9310854954678334 3.858563995863041 3.768741640443454 3.662185980192619 3.9858598763479023 3.768741640443454 3.7508886629289946 3.9675654368237803 3.8314321765100012 4.068540840102059 4.022557214122902 4.1987302626375635 4.17077822183587 4.114928663178128 4.321250461472404 4.1800258668376475 4.302320178347698 4.04095991813958 4.124123872267262 4.068540840102059 4.302320178347698 4.087032906984074 4.059398514738147 4.189465240303201 4.1800258668376475 4.004190501010748 4.416414317370283 4.60925774129937 4.7658803301983514 4.531723093439896
2.880000 2.750779898693886 2.6510662756753334 3.1748251019000335 3.183179005903807 3.068244346893695 3.0114377622100448 2.867842256978591 3.1748251019000335 3.0437937726389976 3.068244346893695 3.092629880406265 3.1748251019000335 2.947211099811094 3.1172619647621516 3.5656197122137576 3.487624461659719 3.5308219592547823 3.266470160233948 3.367721434473514 3.393172123155076 3.41887543958404 3.5049083193135044 3.2832470730245484 3.3338139991916433 3.359147890730457 3.4531725219753477 3.410242724324369 3.5395914360977594 3.367721434473514 3.5222306692969467 3.3847337923487957 3.5482016839953343 3.4531725219753477 3.4616876158961567 3.5395914360977594 3.41887543958404 3.487624461659719 3.3761404886397117 3.4616876158961567 3.4360045872801006 3.4017851508814365 3.2832470730245484 3.5744279146298683 3.2832470730245484 3.4616876158961567 3.858563995863041 3.885602299887906 3.6005703687441484 3.6886118167516244 3.7418893017975585 3.8225239117406637 3.976618659079132 3.6269688296878213 3.6975542749607624 3.976618659079132 3.8766393410359554 3.9037325359196138 3.8947514340034837 3.6532816723590718 3.662185980192619 3.6709278713963025 3.976618659079132 3.8405254894299046 3.9310854954678334 3.662185980192619 3.715294895303003 3.8675087672497956 3.715294895303003 3.7775948223096445 3.8675087672497956 3.912900182995015 3.6356733016454257 3.9401027488501636 3.8947514340034837 3.9675654368237803 3.804559352137678 3.715294895303003 3.6975542749607624 3.715294895303003 4.142722567221125 4.208187333724751 4.068540840102059 4.124123872267262 4.217469681706391 4.04095991813958 4.050084518251851 4.124123872267262 4.2550531631440744 4.208187333724751 4.059398514738147 4.264562997420372 4.1987302626375635 4.059398514738147 4.1987302626375635 4.35921385541505 4.004190501010748 4.541291684561032 4.5994423537970714 4.45471686346053 4.483437720084692
2.890000 2.5160009429783496 2.758444374347024 3.150140654150466 3.1583061641901065 3.1913838645082113 2.867842256978591 3.199757902151695 3.068244346893695 3.183179005903807 3.199757902151695 2.875807928460546 2.8916208154516734 3.1913838645082113 2.8916208154516734 3.478913368272576 3.2497327220614505 3.266470160233948 3.5308219592547823 3.4616876158961567 3.2079823900123703 3.4961777259428795 3.3761404886397117 3.4616876158961567 3.4703791711716385 3.224620615797176 3.2412984784516516 3.3847337923487957 3.4961777259428795 3.5222306692969467 3.316919059168708 3.5134806146228708 3.4531725219753477 3.4017851508814365 3.410242724324369 3.300063394777207 3.3421943989254994 3.5395914360977594 3.4360045872801006 3.4017851508814365 3.3338139991916433 3.5134806146228708 3.5744279146298683 3.410242724324369 3.274772857790347 3.5744279146298683 3.949307278152234 3.9218993832188556 3.6532816723590718 3.9583425389599913 3.768741640443454 3.8766393410359554 3.813449298647461 3.804559352137678 3.715294895303003 3.7597233992346464 3.6886118167516244 3.8314321765100012 3.858563995863041 3.6886118167516244 3.6975542749607624 3.858563995863041 3.7508886629289946 3.8225239117406637 3.6886118167516244 3.679851275526602 3.849452029292252 3.849452029292252 3.9401027488501636 3.9675654368237803 3.679851275526602 3.6005703687441484 3.9310854954678334 3.949307278152234 3.662185980192619 3.6181028403300237 3.813449298647461 3.976618659079132 3.8225239117406637 3.6181028403300237 4.077872904589594 4.114928663178128 4.152126383386034 4.04095991813958 4.378246740791886 4.35921385541505 4.013279506756297 4.302320178347698 4.292775448258381 4.133509829299363 4.031664040933904 4.302320178347698 4.013279506756297 4.27389700972598 4.27389700972598 4.378246740791886 4.226944395924057 4.61889126864975 4.45471686346053 4.416414317370283 4.521973899542435
2.900000 2.7662645407768167 2.7662645407768167 3.1748251019000335 3.1253880083974157 3.0275955901797973 2.9792433916584864 3.1336813213896 3.141827112759656 3.1172619647621516 3.092629880406265 3.1172619647621516 3.1253880083974157 2.8916208154516734 2.9153413159340302 3.3507481470859304 3.3507481470859304 3.32528008209297 3.478913368272576 3.3421943989254994 3.5482016839953343 3.367721434473514 3.4616876158961567 3.2915692445190046 3.300063394777207 3.5308219592547823 3.308405008172237 3.5656197122137576 3.258015913974275 3.4703791711716385 3.2079823900123703 3.32528008209297 3.3847337923487957 3.410242724324369 3.5744279146298683 3.2163765290620767 3.41887543958404 3.2915692445190046 3.5569905434876103 3.2497327220614505 3.5656197122137576 3.5569905434876103 3.316919059168708 3.3847337923487957 3.3507481470859304 3.4961777259428795 3.6269688296878213 3.7955034845365736 3.8225239117406637 3.609417136670968 3.768741640443454 3.6532816723590718 3.7955034845365736 3.6886118167516244 3.858563995863041 3.804559352137678 3.6356733016454257 3.8675087672497956 3.976618659079132 3.6269688296878213 3.715294895303003 3.715294895303003 3.6356733016454257 3.7418893017975585 3.8225239117406637 3.8405254894299046 3.715294895303003 3.786631899160151 3.6445584711110413 3.7775948223096445 3.7775948223096445 3.6886118167516244 3.662185980192619 3.6356733016454257 3.609417136670968 3.7597233992346464 3.994931013794065 3.6269688296878213 3.6005703687441484 3.9310854954678334 4.105560618158931 4.264562997420372 4.302320178347698 4.050084518251851 4.236244017697849 4.013279506756297 4.022557214122902 4.004190501010748 4.077872904589594 4.152126383386034 4.124123872267262 4.09638298767736 4.2550531631440744 4.217469681706391 4.031664040933904 4.09638298767736 4.189465240303201 4.4739184571649115 4.531723093439896 4.706907035824327 4.589824969666061
2.910000 2.6510662756753334 2.7353365011881885 3.092629880406265 2.947211099811094 3.092629880406265 3.0275955901797973 3.003450744285498 2.883634459153842 3.1913838645082113 3.003450744285498 3.183179005903807 2.9953203443393015 3.0600322532138695 3.0114377622100448 3.393172123155076 3.316919059168708 3.5134806146228708 3.41887543958404 3.3338139991916433 3.393172123155076 3.2330348235664155 3.427352221294627 3.367721434473514 3.487624461659719 3.5222306692969467 3.5308219592547823 3.478913368272576 3.5308219592547823 3.583075966486862 3.2163765290620767 3.5395914360977594 3.5656197122137576 3.4360045872801006 3.300063394777207 3.5308219592547823 3.266470160233948 3.300063394777207 3.487624461659719 3.427352221294627 3.224620615797176 3.5049083193135044 3.2915692445190046 3.316919059168708 3.5482016839953343 3.274772857790347 3.768741640443454 3.976618659079132 3.8766393410359554 3.679851275526602 3.7508886629289946 3.6886118167516244 3.8405254894299046 3.8314321765100012 3.813449298647461 3.706333425945615 3.9401027488501636 3.849452029292252 3.6356733016454257 3.8675087672497956 3.8405254894299046 3.7508886629289946 3.7775948223096445 3.885602299887906 3.8766393410359554 3.994931013794065 3.813449298647461 3.858563995863041 3.7955034845365736 3.8766393410359554 3.9675654368237803 3.858563995863041 3.7240926157308536 3.7508886629289946 3.7955034845365736 3.786631899160151 3.6709278713963025 3.6532816723590718 3.7597233992346464 3.6886118167516244 4.292775448258381 4.114928663178128 4.2834243201376205 4.105560618158931 4.124123872267262 4.013279506756297 4.27389700972598 4.077872904589594 4.2550531631440744 4.050084518251851 4.264562997420372 4.245736319763044 4.1987302626375635 4.068540840102059 4.031664040933904 4.013279506756297 4.077872904589594 4.464219566817621 4.435548777559674 4.45471686346053 4.716620349901103
2.920000 2.643544776344315 2.7817903811287406 3.084543418727391 3.0114377622100448 3.0357668950244268 3.0357668950244268 2.828614621459107 2.947211099811094 3.0114377622100448 3.1913838645082113 3.141827112759656 3.0437937726389976 3.1748251019000335 2.963206958809479 3.266470160233948 3.591903471894591 3.583075966486862 3.2163765290620767 3.2832470730245484 3.5049083193135044 3.308405008172237 3.393172123155076 3.410242724324369 3.4445005425392914 3.4360045872801006 3.308405008172237 3.2497327220614505 3.5134806146228708 3.258015913974275 3.487624461659719 3.4531725219753477 3.41887543958404 3.2079823900123703 3.3761404886397117 3.2497327220614505 3.367721434473514 3.2412984784516516 3.5222306692969467 3.5395914360977594 3.4017851508814365 3.4961777259428795 3.5308219592547823 3.5744279146298683 3.32528008209297 3.5049083193135044 3.7240926157308536 3.813449298647461 3.7508886629289946 3.7240926157308536 3.8405254894299046 3.6356733016454257 3.804559352137678 3.7775948223096445 3.6269688296878213 3.7418893017975585 3.849452029292252 3.994931013794065 3.9037325359196138 3.849452029292252 3.679851275526602 3.949307278152234 3.9218993832188556 3.7775948223096445 3.9675654368237803 3.885602299887906 3.6975542749607624 3.949307278152234 3.949307278152234 3.849452029292252 3.768741640443454 3.7955034845365736 3.6709278713963025 3.813449298647461 3.6886118167516244 3.6181028403300237 3.786631899160151 3.6269688296878213 3.976618659079132 3.8314321765100012 4.236244017697849 4.397313599800975 4.34021505789757 4.27389700972598 4.050084518251851 4.2834243201376205 4.292775448258381 4.09638298767736 4.114928663178128 4.2550531631440744 4.217469681706391 4.302320178347698 4.152126383386034 4.2550531631440744 4.27389700972598 4.09638298767736 4.1800258668376475 4.464219566817621 4.5510575218429565 4.502689204348403 4.45471686346053
2.930000 2.7817903811287406 2.742980616656126 2.883634459153842 2.9312558679539493 3.1172619647621516 3.1913838645082113 3.051985486538066 3.0437937726389976 2.9953203443393015 3.076310974966537 3.1583061641901065 3.0195886289076617 3.0195886289076617 2.875807928460546 3.583075966486862 3.359147890730457 3.5569905434876103 3.5049083193135044 3.4445005425392914 3.4445005425392914 3.258015913974275 3.32528008209297 3.2915692445190046 3.2412984784516516 3.3421943989254994 3.2330348235664155 3.5222306692969467 3.32528008209297 3.41887543958404 3.3847337923487957 3.5744279146298683 3.3847337923487957 3.41887543958404 3.3847337923487957 3.4961777259428795 3.5308219592547823 3.5049083193135044 3.410242724324369 3.5134806146228708 3.4616876158961567 3.5308219592547823 3.3507481470859304 3.4703791711716385 3.3421943989254994 3.427352221294627 3.9675654368237803 3.7508886629289946 3.8405254894299046 3.715294895303003 3.8314321765100012 3.6532816723590718 3.7955034845365736 3.912900182995015 3.9310854954678334 3.662185980192619 3.715294895303003 3.9310854954678334 3.9858598763479023 3.6532816723590718 3.679851275526602 3.7508886629289946 3.679851275526602 3.8947514340034837 3.7330730527728044 3.949307278152234 3.976618659079132 3.7240926157308536 3.6886118167516244 3.609417136670968 3.679851275526602 3.8947514340034837 3.6269688296878213 3.7955034845365736 3.849452029292252 3.9401027488501636 3.9401027488501636 3.6709278713963025 3.8314321765100012 3.6886118167516244 4.152126383386034 4.124123872267262 4.004190501010748 4.04095991813958 4.189465240303201 4.050084518251851 4.378246740791886 4.321250461472404 4.17077822183587 4.1800258668376475 4.004190501010748 4.152126383386034 4.161356600048034 4.34021505789757 4.2834243201376205 4.34021505789757 4.226944395924057 4.4067662805426995 4.657886382739784 4.5994423537970714 4.531723093439896
2.940000 2.689254230838056 2.773949354294852 3.0195886289076617 3.084543418727391 3.092629880406265 2.9953203443393015 3.1583061641901065 3.199757902151695 3.183179005903807 3.1253880083974157 3.0437937726389976 2.9792433916584864 2.9074745108151703 3.1748251019000335 3.5744279146298683 3.274772857790347 3.4360045872801006 3.258015913974275 3.41887543958404 3.3761404886397117 3.2497327220614505 3.2330348235664155 3.5049083193135044 3.5308219592547823 3.4616876158961567 3.3847337923487957 3.5134806146228708 3.3761404886397117 3.5222306692969467 3.5308219592547823 3.359147890730457 3.308405008172237 3.3421943989254994 3.591903471894591 3.5744279146298683 3.41887543958404 3.2079823900123703 3.4017851508814365 3.5744279146298683 3.2497327220614505 3.3761404886397117 3.410242724324369 3.300063394777207 3.478913368272576 3.5482016839953343 3.715294895303003 3.7418893017975585 3.994931013794065 3.858563995863041 3.9310854954678334 3.912900182995015 3.9675654368237803 3.813449298647461 3.8766393410359554 3.9310854954678334 3.7240926157308536 3.6532816723590718 3.849452029292252 3.706333425945615 3.6886118167516244 3.768741640443454 3.9583425389599913 3.9218993832188556 3.768741640443454 3.7330730527728044 3.6269688296878213 3.8675087672497956 3.9310854954678334 3.976618659079132 3.7330730527728044 3.6975542749607624 3.6181028403300237 3.6181028403300237 3.8314321765100012 3.9310854954678334 3.9218993832188556 3.6269688296878213 3.706333425945615 3.9218993832188556 4.2550531631440744 4.226944395924057 4.368632905651625 4.35921385541505 4.004190501010748 4.1987302626375635 4.004190501010748 4.27389700972598 4.2550531631440744 4.09638298767736 4.124123872267262 4.2834243201376205 4.208187333724751 4.133509829299363 4.087032906984074 4.124123872267262 4.321250461472404 4.628723044707949 4.445034863749972 4.541291684561032 4.512421692304587
2.950000 2.6968371342160555 2.758444374347024 2.828614621459107 3.092629880406265 3.1748251019000335 3.0275955901797973 3.1336813213896 3.084543418727391 2.9074745108151703 3.1583061641901065 3.183179005903807 2.9792433916584864 3.100882644135794 3.1172619647621516 3.487624461659719 3.5134806146228708 3.3761404886397117 3.478913368272576 3.5656197122137576 3.2412984784516516 3.4017851508814365 3.266470160233948 3.2832470730245484 3.5569905434876103 3.5569905434876103 3.3761404886397117 3.4531725219753477 3.478913368272576 3.5049083193135044 3.2412984784516516 3.3421943989254994 3.2497327220614505 3.5569905434876103 3.5222306692969467 3.3338139991916433 3.583075966486862 3.4445005425392914 3.4017851508814365 3.4961777259428795 3.4017851508814365 3.5482016839953343 3.583075966486862 3.266470160233948 3.5656197122137576 3.316919059168708 3.7418893017975585 3.8675087672497956 3.768741640443454 3.7955034845365736 3.6269688296878213 3.6356733016454257 3.7330730527728044 3.7955034845365736 3.8675087672497956 3.804559352137678 3.6005703687441484 3.6445584711110413 3.6975542749607624 3.6356733016454257 3.8405254894299046 3.9675654368237803 3.768741640443454 3.768741640443454 3.6709278713963025 3.976618659079132 3.813449298647461 3.7597233992346464 3.804559352137678 3.8405254894299046 3.7597233992346464 3.768741640443454 3.6269688296878213 3.9218993832188556 3.7418893017975585 3.715294895303003 3.609417136670968 3.813449298647461 3.679851275526602 3.849452029292252 4.2834243201376205 4.013279506756297 4.105560618158931 4.35921385541505 4.087032906984074 4.059398514738147 4.013279506756297 4.226944395924057 4.378246740791886 4.368632905651625 4.004190501010748 4.161356600048034 4.17077822183587 4.059398514738147 4.368632905651625 4.059398514738147 4.2834243201376205 4.45471686346053 4.5510575218429565 4.445034863749972 4.512421692304587
2.960000 2.7817903811287406 2.712176951408701 3.1336813213896 3.183179005903807 3.1172619647621516 3.0114377622100448 3.0195886289076617 2.923368963259543 3.1089889111804934 2.9312558679539493 3.068244346893695 3.051985486538066 3.1583061641901065 3.1172619647621516 3.5656197122137576 3.5222306692969467 3.266470160233948 3.393172123155076 3.5308219592547823 3.4961777259428795 3.4703791711716385 3.4616876158961567 3.4961777259428795 3.4360045872801006 3.4616876158961567 3.4703791711716385 3.5049083193135044 3.3338139991916433 3.4531725219753477 3.5222306692969467 3.5395914360977594 3.478913368272576 3.4703791711716385 3.359147890730457 3.5049083193135044 3.3761404886397117 3.4531725219753477 3.5569905434876103 3.2412984784516516 3.591903471894591 3.4703791711716385 3.2915692445190046 3.2915692445190046 3.5222306692969467 3.4360045872801006 3.885602299887906 3.8675087672497956 3.6886118167516244 3.994931013794065 3.715294895303003 3.8947514340034837 3.662185980192619 3.706333425945615 3.8405254894299046 3.679851275526602 3.9583425389599913 3.885602299887906 3.8314321765100012 3.6532816723590718 3.7240926157308536 3.9675654368237803 3.6356733016454257 3.6181028403300237 3.6269688296878213 3.8947514340034837 3.7508886629289946 3.6886118167516244 3.912900182995015 3.7955034845365736 3.7508886629289946 3.949307278152234 3.8225239117406637 3.715294895303003 3.804559352137678 3.679851275526602 3.976618659079132 3.8225239117406637 3.804559352137678 3.7508886629289946 4.031664040933904 4.35921385541505 4.34961720950167 4.368632905651625 4.34021505789757 4.1800258668376475 4.087032906984074 4.004190501010748 4.27389700972598 4.114928663178128 4.022557214122902 4.330635659446139 4.09638298767736 4.245736319763044 4.004190501010748 4.245736319763044 4.189465240303201 4.5704248550692625 4.5704248550692625 4.464219566817621 4.4739184571649115
2.970000 2.7353365011881885 2.704573622330376 2.8050827943071095 3.0437937726389976 2.875807928460546 3.1336813213896 3.1583061641901065 3.183179005903807 2.9792433916584864 3.199757902151695 3.0114377622100448 3.0195886289076617 3.1172619647621516 3.051985486538066 3.258015913974275 3.3421943989254994 3.300063394777207 3.393172123155076 3.478913368272576 3.4703791711716385 3.5656197122137576 3.5569905434876103 3.2832470730245484 3.478913368272576 3.5049083193135044 3.274772857790347 3.487624461659719 3.487624461659719 3.4531725219753477 3.359147890730457 3.41887543958404 3.410242724324369 3.5744279146298683 3.367721434473514 3.5482016839953343 3.427352221294627 3.2832470730245484 3.4531725219753477 3.2412984784516516 3.591903471894591 3.367721434473514 3.3507481470859304 3.3421943989254994 3.591903471894591 3.5222306692969467 3.6975542749607624 3.994931013794065 3.6445584711110413 3.715294895303003 3.768741640443454 3.976618659079132 3.6005703687441484 3.7597233992346464 3.786631899160151 3.9858598763479023 3.9401027488501636 3.6975542749607624 3.8947514340034837 3.7508886629289946 3.662185980192619 3.7955034845365736 3.6181028403300237 3.813449298647461 3.976618659079132 3.7955034845365736 3.976618659079132 3.6709278713963025 3.7330730527728044 3.8766393410359554 3.912900182995015 3.804559352137678 3.8405254894299046 3.7775948223096445 3.849452029292252 3.706333425945615 3.994931013794065 3.813449298647461 3.7418893017975585 3.7240926157308536 4.34021505789757 4.013279506756297 4.217469681706391 4.022557214122902 4.142722567221125 4.050084518251851 4.152126383386034 4.236244017697849 4.1800258668376475 4.236244017697849 4.378246740791886 4.077872904589594 4.013279506756297 4.311688368423777 4.114928663178128 4.142722567221125 4.114928663178128 4.512421692304587 4.4739184571649115 4.483437720084692 4.531723093439896
2.980000 2.5457231966463083 2.5086647413104144 3.1336813213896 3.1583061641901065 3.084543418727391 3.1089889111804934 2.8443047815867 3.0114377622100448 3.1253880083974157 3.183179005903807 2.947211099811094 2.8443047815867 3.150140654150466 3.068244346893695 3.4017851508814365 3.427352221294627 3.224620615797176 3.583075966486862 3.4445005425392914 3.591903471894591 3.3761404886397117 3.32528008209297 3.5569905434876103 3.2832470730245484 3.4017851508814365 3.2330348235664155 3.427352221294627 3.4360045872801006 3.4703791711716385 3.5656197122137576 3.5569905434876103 3.3847337923487957 3.5569905434876103 3.4360045872801006 3.4445005425392914 3.3338139991916433 3.367721434473514 3.41887543958404 3.2330348235664155 3.5482016839953343 3.4445005425392914 3.5049083193135044 3.2079823900123703 3.4017851508814365 3.266470160233948 3.8405254894299046 3.885602299887906 3.6532816723590718 3.9310854954678334 3.7418893017975585 3.7508886629289946 3.8225239117406637 3.804559352137678 3.768741640443454 3.8766393410359554 3.9675654368237803 3.8675087672497956 3.6005703687441484 3.6709278713963025 3.6181028403300237 3.849452029292252 3.7330730527728044 3.6356733016454257 3.813449298647461 3.8314321765100012 3.976618659079132 3.912900182995015 3.976618659079132 3.6181028403300237 3.813449298647461 3.7418893017975585 3.8947514340034837 3.9037325359196138 3.7418893017975585 3.858563995863041 3.7955034845365736 3.6709278713963025 3.8314321765100012 3.912900182995015 4.321250461472404 4.236244017697849 4.208187333724751 4.387682634199195 4.397313599800975 4.068540840102059 4.077872904589594 4.161356600048034 4.105560618158931 4.031664040933904 4.077872904589594 4.189465240303201 4.114928663178128 4.378246740791886 4.068540840102059 4.124123872267262 4.105560618158931 4.657886382739784 4.435548777559674 4.464219566817621 4.502689204348403
2.990000 2.712176951408701 2.471731876352579 3.076310974966537 3.0437937726389976 2.9712963409361106 2.9074745108151703 2.8600359004679246 2.9153413159340302 3.0114377622100448 3.1913838645082113 3.141827112759656 3.183179005903807 2.883634459153842 2.9792433916584864 3.4360045872801006 3.410242724324369 3.5222306692969467 3.258015913974275 3.2497327220614505 3.4445005425392914 3.2412984784516516 3.3847337923487957 3.427352221294627 3.2915692445190046 3.591903471894591 3.3507481470859304 3.41887543958404 3.4360045872801006 3.3847337923487957 3.5482016839953343 3.2832470730245484 3.5222306692969467 3.478913368272576 3.4445005425392914 3.316919059168708 3.478913368272576 3.427352221294627 3.5308219592547823 3.5134806146228708 3.308405008172237 3.2832470730245484 3.478913368272576 3.5134806146228708 3.5744279146298683 3.3507481470859304 3.6709278713963025 3.7240926157308536 3.7955034845365736 3.885602299887906 3.8314321765100012 3.7418893017975585 3.804559352137678 3.813449298647461 3.7597233992346464 3.6005703687441484 3.885602299887906 3.7597233992346464 3.7775948223096445 3.6005703687441484 3.804559352137678 3.8947514340034837 3.9310854954678334 3.8314321765100012 3.679851275526602 3.786631899160151 3.768741640443454 3.9218993832188556 3.6886118167516244 3.849452029292252 3.786631899160151 3.662185980192619 3.7508886629289946 3.9401027488501636 3.6445584711110413 3.679851275526602 3.609417136670968 3.804559352137678 3.949307278152234 3.804559352137678 4.050084518251851 4.27389700972598 4.264562997420372 4.226944395924057 4.387682634199195 4.378246740791886 4.022557214122902 4.050084518251851 4.302320178347698 4.004190501010748 4.050084518251851 4.077872904589594 4.35921385541505 4.09638298767736 4.068540840102059 4.27389700972598 4.031664040933904 4.589824969666061 4.638372653851022 4.4258837292217255 4.638372653851022
3.000000 2.689254230838056 2.6283913418621196 3.150140654150466 3.141827112759656 2.9312558679539493 2.8363805576478125 3.150140654150466 3.092629880406265 3.1253880083974157 3.150140654150466 3.1666399026804894 2.9712963409361106 2.883634459153842 3.1913838645082113 3.41887543958404 3.5656197122137576 3.5134806146228708 3.478913368272576 3.4616876158961567 3.2412984784516516 3.316919059168708 3.3338139991916433 3.3761404886397117 3.308405008172237 3.258015913974275 3.5395914360977594 3.5482016839953343 3.2497327220614505 3.5395914360977594 3.5744279146298683 3.4531725219753477 3.3421943989254994 3.5222306692969467 3.5482016839953343 3.393172123155076 3.2412984784516516 3.2330348235664155 3.2832470730245484 3.5222306692969467 3.410242724324369 3.3338139991916433 3.5134806146228708 3.5656197122137576 3.5308219592547823 3.3847337923487957 3.6709278713963025 3.9218993832188556 3.6709278713963025 3.9583425389599913 3.8314321765100012 3.885602299887906 3.804559352137678 3.6532816723590718 3.804559352137678 3.7775948223096445 3.9401027488501636 3.9037325359196138 3.9401027488501636 3.885602299887906 3.994931013794065 3.715294895303003 3.6005703687441484 3.9583425389599913 3.858563995863041 3.679851275526602 3.849452029292252 3.804559352137678 3.7240926157308536 3.6356733016454257 3.9218993832188556 3.8766393410359554 3.813449298647461 3.7418893017975585 3.768741640443454 3.8947514340034837 3.8225239117406637 3.8947514340034837 3.6181028403300237 3.9401027488501636 4.189465240303201 4.04095991813958 4.059398514738147 4.050084518251851 4.087032906984074 4.124123872267262 4.161356600048034 4.292775448258381 4.09638298767736 4.077872904589594 4.2550531631440744 4.050084518251851 4.189465240303201 4.397313599800975 4.34021505789757 4.152126383386034 4.114928663178128 4.795377261468363 4.560642437348045 4.4067662805426995 4.512421692304587
3.010000 2.689254230838056 2.704573622330376 3.092629880406265 3.1172619647621516 2.963206958809479 3.1336813213896 3.1748251019000335 3.1089889111804934 3.003450744285498 3.150140654150466 3.0275955901797973 3.1089889111804934 2.9712963409361106 3.183179005903807 3.5308219592547823 3.308405008172237 3.3507481470859304 3.5395914360977594 3.5395914360977594 3.478913368272576 3.3338139991916433 3.359147890730457 3.478913368272576 3.393172123155076 3.41887543958404 3.308405008172237 3.5744279146298683 3.583075966486862 3.41887543958404 3.367721434473514 3.3338139991916433 3.2832470730245484 3.367721434473514 3.5134806146228708 3.4445005425392914 3.5569905434876103 3.4445005425392914 3.427352221294627 3.5134806146228708 3.367721434473514 3.2079823900123703 3.427352221294627 3.583075966486862 3.427352221294627 3.4531725219753477 3.7775948223096445 3.6445584711110413 3.9583425389599913 3.6005703687441484 3.8225239117406637 3.706333425945615 3.6005703687441484 3.6269688296878213 3.6975542749607624 3.662185980192619 3.813449298647461 3.662185980192619 3.9310854954678334 3.662185980192619 3.813449298647461 3.885602299887906 3.6975542749607624 3.858563995863041 3.6356733016454257 3.9401027488501636 3.813449298647461 3.7240926157308536 3.7418893017975585 3.6532816723590718 3.885602299887906 3.7418893017975585 3.9858598763479023 3.7330730527728044 3.6709278713963025 3.6269688296878213 3.6975542749607624 3.9401027488501636 3.6181028403300237 3.6532816723590718 4.368632905651625 4.1987302626375635 4.004190501010748 4.292775448258381 4.292775448258381 4.022557214122902 4.236244017697849 4.264562997420372 4.2834243201376205 4.27389700972598 4.368632905651625 4.124123872267262 4.059398514738147 4.217469681706391 4.161356600048034 4.133509829299363 4.226944395924057 4.5994423537970714 4.687312877728655 4.560642437348045 4.531723093439896
3.020000 2.7973573730146533 2.689254230838056 3.051985486538066 3.141827112759656 3.051985486538066 3.1913838645082113 2.9953203443393015 2.9153413159340302 3.1913838645082113 3.0195886289076617 2.939304120852559 2.9873532967155483 2.9873532967155483 3.1913838645082113 3.2412984784516516 3.300063394777207 3.478913368272576 3.4703791711716385 3.3507481470859304 3.5569905434876103 3.4017851508814365 3.2497327220614505 3.591903471894591 3.2079823900123703 3.2163765290620767 3.4531725219753477 3.3338139991916433 3.5308219592547823 3.2330348235664155 3.2163765290620767 3.4703791711716385 3.3338139991916433 3.5395914360977594 3.359147890730457 3.3507481470859304 3.4616876158961567 3.2915692445190046 3.410242724324369 3.5744279146298683 3.2079823900123703 3.5134806146228708 3.427352221294627 3.258015913974275 3.5482016839953343 3.5049083193135044 3.8947514340034837 3.994931013794065 3.6886118167516244 3.885602299887906 3.715294895303003 3.949307278152234 3.6445584711110413 3.6886118167516244 3.609417136670968 3.6709278713963025 3.8225239117406637 3.609417136670968 3.6886118167516244 3.6886118167516244 3.976618659079132 3.786631899160151 3.6532816723590718 3.662185980192619 3.9218993832188556 3.849452029292252 3.9218993832188556 3.8225239117406637 3.6269688296878213 3.768741640443454 3.715294895303003 3.8405254894299046 3.849452029292252 3.858563995863041 3.7955034845365736 3.7240926157308536 3.849452029292252 3.8947514340034837 3.858563995863041 3.7240926157308536 4.142722567221125 4.04095991813958 4.031664040933904 4.022557214122902 4.031664040933904 4.004190501010748 4.077872904589594 4.013279506756297 4.059398514738147 4.17077822183587 4.330635659446139 4.27389700972598 4.004190501010748 4.27389700972598 4.226944395924057 4.189465240303201 4.35921385541505 4.706907035824327 4.5510575218429565 4.4067662805426995 4.435548777559674
3.030000 2.773949354294852 2.493887123373745 2.812965469114768 3.1089889111804934 2.9712963409361106 3.1913838645082113 3.1336813213896 3.1172619647621516 3.199757902151695 3.0195886289076617 3.1089889111804934 3.0114377622100448 2.9873532967155483 3.068244346893695 3.4360045872801006 3.410242724324369 3.2497327220614505 3.4360045872801006 3.32528008209297 3.2832470730245484 3.5744279146298683 3.2915692445190046 3.5395914360977594 3.2915692445190046 3.5569905434876103 3.41887543958404 3.359147890730457 3.367721434473514 3.4445005425392914 3.410242724324369 3.274772857790347 3.2330348235664155 3.478913368272576 3.591903471894591 3.4961777259428795 3.3847337923487957 3.5744279146298683 3.316919059168708 3.2497327220614505 3.410242724324369 3.5395914360977594 3.5656197122137576 3.5308219592547823 3.5569905434876103 3.5134806146228708 3.662185980192619 3.7597233992346464 3.8225239117406637 3.6709278713963025 3.9218993832188556 3.6356733016454257 3.6356733016454257 3.813449298647461 3.662185980192619 3.912900182995015 3.786631899160151 3.9218993832188556 3.7240926157308536 3.768741640443454 3.804559352137678 3.9858598763479023 3.6269688296878213 3.9310854954678334 3.7330730527728044 3.912900182995015 3.6356733016454257 3.7330730527728044 3.7240926157308536 3.6005703687441484 3.7240926157308536 3.6269688296878213 3.6886118167516244 3.7240926157308536 3.7240926157308536 3.6269688296878213 3.6886118167516244 3.706333425945615 3.6445584711110413 3.858563995863041 4.1987302626375635 4.292775448258381 4.105560618158931 4.226944395924057 4.236244017697849 4.330635659446139 4.34961720950167 4.1800258668376475 4.087032906984074 4.217469681706391 4.022557214122902 4.059398514738147 4.397313599800975 4.2550531631440744 4.397313599800975 4.04095991813958 4.226944395924057 4.61889126864975 4.445034863749972 4.5994423537970714 4.445034863749972
3.040000 2.719934394004002 2.6739762636570186 3.0600322532138695 3.183179005903807 2.939304120852559 3.1583061641901065 3.1089889111804934 3.0357668950244268 3.1583061641901065 2.939304120852559 3.0357668950244268 3.1666399026804894 3.0195886289076617 3.150140654150466 3.4017851508814365 3.3847337923487957 3.359147890730457 3.583075966486862 3.5222306692969467 3.4961777259428795 3.5656197122137576 3.4360045872801006 3.5222306692969467 3.300063394777207 3.5308219592547823 3.4360045872801006 3.32528008209297 3.2330348235664155 3.300063394777207 3.2330348235664155 3.4616876158961567 3.5049083193135044 3.41887543958404 3.5656197122137576 3.5395914360977594 3.359147890730457 3.3847337923487957 3.5308219592547823 3.32528008209297 3.5308219592547823 3.5744279146298683 3.367721434473514 3.2832470730245484 3.5744279146298683 3.258015913974275 3.949307278152234 3.7330730527728044 3.8405254894299046 3.8225239117406637 3.715294895303003 3.6975542749607624 3.6356733016454257 3.8314321765100012 3.813449298647461 3.849452029292252 3.885602299887906 3.6445584711110413 3.8947514340034837 3.706333425945615 3.6532816723590718 3.7330730527728044 3.994931013794065 3.8675087672497956 3.994931013794065 3.6269688296878213 3.858563995863041 3.7775948223096445 3.9858598763479023 3.885602299887906 3.6709278713963025 3.7775948223096445 3.8947514340034837 3.813449298647461 3.662185980192619 3.9583425389599913 3.7597233992346464 3.6975542749607624 3.6709278713963025 3.768741640443454 4.397313599800975 4.022557214122902 4.311688368423777 4.311688368423777 4.189465240303201 4.27389700972598 4.2550531631440744 4.114928663178128 4.321250461472404 4.368632905651625 4.04095991813958 4.068540840102059 4.105560618158931 4.311688368423777 4.245736319763044 4.133509829299363 4.059398514738147 4.697010359996532 4.435548777559674 4.521973899542435 4.5704248550692625
3.050000 2.560647071112147 2.758444374347024 3.0275955901797973 3.1336813213896 2.867842256978591 3.003450744285498 2.9792433916584864 3.150140654150466 3.1913838645082113 2.8363805576478125 3.199757902151695 3.0600322532138695 3.100882644135794 2.8916208154516734 3.5744279146298683 3.41887543958404 3.5134806146228708 3.4017851508814365 3.300063394777207 3.5395914360977594 3.478913368272576 3.5482016839953343 3.393172123155076 3.2079823900123703 3.5395914360977594 3.5308219592547823 3.5395914360977594 3.2163765290620767 3.5049083193135044 3.4360045872801006 3.367721434473514 3.5569905434876103 3.4445005425392914 3.5134806146228708 3.224620615797176 3.4961777259428795 3.2412984784516516 3.2079823900123703 3.2079823900123703 3.5744279146298683 3.4616876158961567 3.2832470730245484 3.2832470730245484 3.3338139991916433 3.32528008209297 3.7330730527728044 3.6975542749607624 3.6532816723590718 3.7775948223096445 3.885602299887906 3.9218993832188556 3.994931013794065 3.6445584711110413 3.9675654368237803 3.858563995863041 3.768741640443454 3.6532816723590718 3.6005703687441484 3.9583425389599913 3.609417136670968 3.7508886629289946 3.609417136670968 3.609417136670968 3.8947514340034837 3.662185980192619 3.7240926157308536 3.706333425945615 3.7330730527728044 3.813449298647461 3.912900182995015 3.768741640443454 3.7775948223096445 3.6886118167516244 3.994931013794065 3.885602299887906 3.8766393410359554 3.7330730527728044 3.8766393410359554 3.6886118167516244 4.059398514738147 4.09638298767736 4.114928663178128 4.013279506756297 4.09638298767736 4.189465240303201 4.387682634199195 4.2834243201376205 4.059398514738147 4.077872904589594 4.311688368423777 4.311688368423777 4.059398514738147 4.152126383386034 4.17077822183587 4.022557214122902 4.004190501010748 4.560642437348045 4.7658803301983514 4.580026035009029 4.416414317370283
3.060000 2.7894955100188352 2.750779898693886 3.1253880083974157 3.0357668950244268 3.150140654150466 3.0357668950244268 3.183179005903807 2.9873532967155483 3.199757902151695 2.9712963409361106 3.084543418727391 3.0195886289076617 2.9153413159340302 3.150140654150466 3.583075966486862 3.3338139991916433 3.591903471894591 3.5482016839953343 3.2915692445190046 3.4616876158961567 3.5308219592547823 3.3507481470859304 3.41887543958404 3.2079823900123703 3.2412984784516516 3.2163765290620767 3.224620615797176 3.583075966486862 3.2915692445190046 3.591903471894591 3.591903471894591 3.5308219592547823 3.41887543958404 3.2412984784516516 3.478913368272576 3.410242724324369 3.410242724324369 3.316919059168708 3.2497327220614505 3.478913368272576 3.427352221294627 3.41887543958404 3.5134806146228708 3.427352221294627 3.3338139991916433 3.6356733016454257 3.6886118167516244 3.7597233992346464 3.7775948223096445 3.804559352137678 3.8314321765100012 3.849452029292252 3.8766393410359554 3.7240926157308536 3.6356733016454257 3.6356733016454257 3.8675087672497956 3.8947514340034837 3.6356733016454257 3.6356733016454257 3.9218993832188556 3.6356733016454257 3.6975542749607624 3.6532816723590718 3.7775948223096445 3.8314321765100012 3.858563995863041 3.6269688296878213 3.849452029292252 3.7955034845365736 3.609417136670968 3.6886118167516244 3.786631899160151 3.679851275526602 3.6532816723590718 3.9401027488501636 3.7955034845365736 3.912900182995015 3.9401027488501636 4.387682634199195 4.368632905651625 4.152126383386034 4.2550531631440744 4.142722567221125 4.077872904589594 4.022557214122902 4.004190501010748 4.031664040933904 4.059398514738147 4.004190501010748 4.022557214122902 4.105560618158931 4.04095991813958 4.013279506756297 4.059398514738147 4.1800258668376475 4.435548777559674 4.512421692304587 4.628723044707949 4.697010359996532
3.070000 2.6587397644483315 2.4206290534294337 3.141827112759656 2.8916208154516734 3.0357668950244268 2.963206958809479 2.947211099811094 3.150140654150466 3.0357668950244268 3.068244346893695 3.1253880083974157 2.867842256978591 3.1172619647621516 2.867842256978591 3.4360045872801006 3.410242724324369 3.3847337923487957 3.316919059168708 3.2163765290620767 3.5395914360977594 3.5134806146228708 3.5222306692969467 3.359147890730457 3.308405008172237 3.4017851508814365 3.4531725219753477 3.4531725219753477 3.32528008209297 3.427352221294627 3.367721434473514 3.258015913974275 3.583075966486862 3.4616876158961567 3.41887543958404 3.591903471894591 3.5222306692969467 3.5222306692969467 3.4445005425392914 3.300063394777207 3.3507481470859304 3.478913368272576 3.4531725219753477 3.591903471894591 3.4445005425392914 3.258015913974275 3.7240926157308536 3.6356733016454257 3.994931013794065 3.609417136670968 3.6532816723590718 3.8675087672497956 3.6269688296878213 3.8766393410359554 3.9858598763479023 3.6356733016454257 3.9675654368237803 3.8405254894299046 3.9583425389599913 3.9583425389599913 3.7775948223096445 3.6181028403300237 3.6005703687441484 3.6445584711110413 3.813449298647461 3.6709278713963025 3.786631899160151 3.8766393410359554 3.976618659079132 3.885602299887906 3.949307278152234 3.858563995863041 3.994931013794065 3.994931013794065 3.8947514340034837 3.7330730527728044 3.8405254894299046 3.7418893017975585 3.9037325359196138 3.8675087672497956 4.321250461472404 4.004190501010748 4.105560618158931 4.059398514738147 4.013279506756297 4.302320178347698 4.330635659446139 4.04095991813958 4.059398514738147 4.292775448258381 4.04095991813958 4.161356600048034 4.208187333724751 4.1987302626375635 4.04095991813958 4.311688368423777 4.217469681706391 4.628723044707949 4.638372653851022 4.502689204348403 4.531723093439896
3.080000 2.7973573730146533 2.773949354294852 3.199757902151695 2.8050827943071095 3.0357668950244268 2.8363805576478125 3.1336813213896 3.1336813213896 3.0275955901797973 2.9792433916584864 3.0357668950244268 3.0357668950244268 2.828614621459107 3.199757902151695 3.427352221294627 3.300063394777207 3.5222306692969467 3.5656197122137576 3.2915692445190046 3.5049083193135044 3.300063394777207 3.2412984784516516 3.274772857790347 3.274772857790347 3.2079823900123703 3.5656197122137576 3.4017851508814365 3.410242724324369 3.478913368272576 3.427352221294627 3.591903471894591 3.2330348235664155 3.5744279146298683 3.2412984784516516 3.5569905434876103 3.4445005425392914 3.478913368272576 3.5222306692969467 3.5222306692969467 3.4531725219753477 3.427352221294627 3.224620615797176 3.487624461659719 3.3507481470859304 3.3338139991916433 3.7597233992346464 3.6005703687441484 3.804559352137678 3.7418893017975585 3.7597233992346464 3.9583425389599913 3.9037325359196138 3.768741640443454 3.6886118167516244 3.6356733016454257 3.7775948223096445 3.662185980192619 3.804559352137678 3.976618659079132 3.813449298647461 3.679851275526602 3.9037325359196138 3.706333425945615 3.858563995863041 3.8405254894299046 3.679851275526602 3.912900182995015 3.7330730527728044 3.9675654368237803 3.6005703687441484 3.7418893017975585 3.6532816723590718 3.9037325359196138 3.6709278713963025 3.662185980192619 3.6356733016454257 3.8225239117406637 3.786631899160151 3.768741640443454 4.050084518251851 4.217469681706391 4.004190501010748 4.311688368423777 4.068540840102059 4.302320178347698 4.208187333724751 4.302320178347698 4.04095991813958 4.226944395924057 4.077872904589594 4.27389700972598 4.35921385541505 4.013279506756297 4.245736319763044 4.217469681706391 4.09638298767736 4.521973899542435 4.531723093439896 4.755935679775094 4.502689204348403
3.090000 2.758444374347024 2.5457231966463083 2.947211099811094 3.1172619647621516 3.1336813213896 2.9153413159340302 2.875807928460546 3.051985486538066 3.0600322532138695 3.1089889111804934 3.1583061641901065 2.9712963409361106 2.95527993109547 2.9792433916584864 3.5395914360977594 3.4017851508814365 3.32528008209297 3.5049083193135044 3.4017851508814365 3.4017851508814365 3.367721434473514 3.4360045872801006 3.4703791711716385 3.274772857790347 3.266470160233948 3.274772857790347 3.2915692445190046 3.266470160233948 3.427352221294627 3.5222306692969467 3.4531725219753477 3.258015913974275 3.427352221294627 3.2330348235664155 3.5569905434876103 3.274772857790347 3.4703791711716385 3.591903471894591 3.583075966486862 3.5744279146298683 3.5134806146228708 3.5656197122137576 3.5482016839953343 3.427352221294627 3.2163765290620767 3.8947514340034837 3.7240926157308536 3.7597233992346464 3.6886118167516244 3.786631899160151 3.8947514340034837 3.949307278152234 3.6356733016454257 3.7508886629289946 3.9583425389599913 3.849452029292252 3.662185980192619 3.8405254894299046 3.7240926157308536 3.6269688296878213 3.6181028403300237 3.6356733016454257 3.7508886629289946 3.9310854954678334 3.7775948223096445 3.9037325359196138 3.8947514340034837 3.6356733016454257 3.994931013794065 3.8225239117406637 3.7240926157308536 3.7418893017975585 3.6356733016454257 3.7418893017975585 3.9218993832188556 3.6532816723590718 3.9310854954678334 3.6356733016454257 3.804559352137678 4.114928663178128 4.133509829299363 4.34021505789757 4.17077822183587 4.387682634199195 4.077872904589594 4.087032906984074 4.302320178347698 4.068540840102059 4.27389700972598 4.004190501010748 4.302320178347698 4.17077822183587 4.1800258668376475 4.34961720950167 4.004190501010748 4.004190501010748 4.416414317370283 4.464219566817621 4.648220753516788 4.445034863749972
3.100000 2.681538720054648 2.719934394004002 3.1253880083974157 2.9712963409361106 3.1666399026804894 3.0114377622100448 3.003450744285498 3.0195886289076617 3.1253880083974157 3.068244346893695 3.0195886289076617 2.923368963259543 2.9953203443393015 3.1583061641901065 3.5049083193135044 3.393172123155076 3.5482016839953343 3.410242724324369 3.2330348235664155 3.5482016839953343 3.4017851508814365 3.5744279146298683 3.274772857790347 3.583075966486862 3.2832470730245484 3.410242724324369 3.5656197122137576 3.2330348235664155 3.316919059168708 3.4360045872801006 3.3847337923487957 3.2832470730245484 3.410242724324369 3.5049083193135044 3.4445005425392914 3.359147890730457 3.5569905434876103 3.5049083193135044 3.4531725219753477 3.427352221294627 3.427352221294627 3.300063394777207 3.3421943989254994 3.5395914360977594 3.2412984784516516 3.9401027488501636 3.609417136670968 3.679851275526602 3.786631899160151 3.994931013794065 3.6005703687441484 3.6005703687441484 3.9583425389599913 3.6445584711110413 3.6709278713963025 3.8314321765100012 3.7418893017975585 3.813449298647461 3.7955034845365736 3.9037325359196138 3.7508886629289946 3.976618659079132 3.662185980192619 3.7597233992346464 3.7330730527728044 3.8405254894299046 3.6886118167516244 3.6269688296878213 3.662185980192619 3.949307278152234 3.6445584711110413 3.6181028403300237 3.9401027488501636 3.679851275526602 3.8675087672497956 3.858563995863041 3.8766393410359554 3.8675087672497956 3.6445584711110413 4.245736319763044 4.292775448258381 4.133509829299363 4.114928663178128 4.004190501010748 4.124123872267262 4.133509829299363 4.1987302626375635 4.022557214122902 4.35921385541505 4.368632905651625 4.133509829299363 4.321250461472404 4.2550531631440744 4.311688368423777 4.35921385541505 4.059398514738147 4.5994423537970714 4.4739184571649115 4.648220753516788 4.7658803301983514
3.110000 2.6510662756753334 2.560647071112147 2.8363805576478125 3.1583061641901065 3.003450744285498 3.076310974966537 2.8050827943071095 3.1748251019000335 2.8050827943071095 2.8600359004679246 2.9074745108151703 2.947211099811094 3.068244346893695 3.003450744285498 3.4616876158961567 3.359147890730457 3.4961777259428795 3.224620615797176 3.5744279146298683 3.3847337923487957 3.583075966486862 3.4531725219753477 3.367721434473514 3.4961777259428795 3.359147890730457 3.3421943989254994 3.487624461659719 3.2832470730245484 3.3421943989254994 3.427352221294627 3.5134806146228708 3.4531725219753477 3.5134806146228708 3.3338139991916433 3.3761404886397117 3.410242724324369 3.3847337923487957 3.5222306692969467 3.478913368272576 3.5222306692969467 3.41887543958404 3.4017851508814365 3.359147890730457 3.4531725219753477 3.4445005425392914 3.9310854954678334 3.9037325359196138 3.9037325359196138 3.786631899160151 3.8405254894299046 3.7597233992346464 3.804559352137678 3.976618659079132 3.8766393410359554 3.9858598763479023 3.6181028403300237 3.6445584711110413 3.6445584711110413 3.662185980192619 3.8405254894299046 3.9583425389599913 3.6445584711110413 3.706333425945615 3.6269688296878213 3.885602299887906 3.715294895303003 3.7330730527728044 3.8947514340034837 3.786631899160151 3.858563995863041 3.7240926157308536 3.912900182995015 3.8225239117406637 3.8675087672497956 3.9218993832188556 3.8405254894299046 3.7508886629289946 3.8225239117406637 3.8766393410359554 4.1987302626375635 4.022557214122902 4.031664040933904 4.077872904589594 4.27389700972598 4.114928663178128 4.077872904589594 4.208187333724751 4.031664040933904 4.152126383386034 4.050084518251851 4.114928663178128 4.264562997420372 4.34961720950167 4.245736319763044 4.133509829299363 4.292775448258381 4.5704248550692625 4.4739184571649115 4.736262166944972 4.531723093439896
3.120000 2.6968371342160555 2.5308411410140725 2.8600359004679246 3.1336813213896 3.1253880083974157 3.1253880083974157 2.828614621459107 2.867842256978591 3.068244346893695 3.0357668950244268 3.1913838645082113 3.1913838645082113 2.875807928460546 3.100882644135794 3.5222306692969467 3.4445005425392914 3.4445005425392914 3.3338139991916433 3.300063394777207 3.266470160233948 3.5482016839953343 3.3761404886397117 3.583075966486862 3.3761404886397117 3.410242724324369 3.359147890730457 3.4961777259428795 3.393172123155076 3.393172123155076 3.2330348235664155 3.4360045872801006 3.591903471894591 3.300063394777207 3.478913368272576 3.393172123155076 3.4360045872801006 3.3421943989254994 3.4616876158961567 3.258015913974275 3.316919059168708 3.4445005425392914 3.5569905434876103 3.5569905434876103 3.300063394777207 3.4017851508814365 3.813449298647461 3.849452029292252 3.9037325359196138 3.6975542749607624 3.6886118167516244 3.994931013794065 3.7508886629289946 3.976618659079132 3.6709278713963025 3.7418893017975585 3.804559352137678 3.9218993832188556 3.9401027488501636 3.6005703687441484 3.7508886629289946 3.6181028403300237 3.9858598763479023 3.6886118167516244 3.8405254894299046 3.7955034845365736 3.7597233992346464 3.679851275526602 3.9583425389599913 3.609417136670968 3.9310854954678334 3.976618659079132 3.8766393410359554 3.849452029292252 3.6269688296878213 3.858563995863041 3.8766393410359554 3.715294895303003 3.786631899160151 3.8225239117406637 4.387682634199195 4.09638298767736 4.17077822183587 4.311688368423777 4.059398514738147 4.330635659446139 4.217469681706391 4.059398514738147 4.34021505789757 4.013279506756297 4.133509829299363 4.031664040933904 4.368632905651625 4.34021505789757 4.087032906984074 4.031664040933904 4.189465240303201 4.706907035824327 4.60925774129937 4.483437720084692 4.493153440002571
3.130000 2.6739762636570186 2.681538720054648 2.867842256978591 3.141827112759656 3.199757902151695 2.828614621459107 3.003450744285498 2.947211099811094 3.1666399026804894 3.076310974966537 3.0357668950244268 3.068244346893695 3.150140654150466 3.100882644135794 3.359147890730457 3.410242724324369 3.2915692445190046 3.5134806146228708 3.5049083193135044 3.316919059168708 3.5134806146228708 3.2832470730245484 3.4961777259428795 3.410242724324369 3.5308219592547823 3.5744279146298683 3.4445005425392914 3.5569905434876103 3.5049083193135044 3.258015913974275 3.359147890730457 3.393172123155076 3.3421943989254994 3.359147890730457 3.359147890730457 3.2079823900123703 3.410242724324369 3.478913368272576 3.5569905434876103 3.591903471894591 3.2497327220614505 3.359147890730457 3.359147890730457 3.2412984784516516 3.4445005425392914 3.6445584711110413 3.7418893017975585 3.7955034845365736 3.9675654368237803 3.768741640443454 3.6975542749607624 3.9218993832188556 3.8225239117406637 3.885602299887906 3.7955034845365736 3.9675654368237803 3.6005703687441484 3.912900182995015 3.858563995863041 3.9218993832188556 3.9401027488501636 3.7508886629289946 3.949307278152234 3.6269688296878213 3.7775948223096445 3.8675087672497956 3.6709278713963025 3.949307278152234 3.804559352137678 3.7240926157308536 3.6181028403300237 3.9310854954678334 3.8314321765100012 3.7775948223096445 3.8766393410359554 3.8314321765100012 3.768741640443454 3.7418893017975585 3.9310854954678334 4.264562997420372 4.161356600048034 4.013279506756297 4.236244017697849 4.004190501010748 4.1800258668376475 4.152126383386034 4.004190501010748 4.387682634199195 4.27389700972598 4.087032906984074 4.022557214122902 4.031664040933904 4.1987302626375635 4.087032906984074 4.368632905651625 4.04095991813958 4.502689204348403 4.512421692304587 4.435548777559674 4.687312877728655
3.140000 2.704573622330376 2.6968371342160555 2.8520909398927943 2.923368963259543 3.0357668950244268 3.0275955901797973 3.1913838645082113 3.084543418727391 3.141827112759656 3.199757902151695 2.9074745108151703 2.9312558679539493 2.812965469114768 2.963206958809479 3.41887543958404 3.5569905434876103 3.427352221294627 3.4703791711716385 3.5569905434876103 3.5049083193135044 3.4017851508814365 3.224620615797176 3.32528008209297 3.487624461659719 3.5569905434876103 3.359147890730457 3.3421943989254994 3.300063394777207 3.4531725219753477 3.4017851508814365 3.3507481470859304 3.5482016839953343 3.258015913974275 3.4531725219753477 3.583075966486862 3.41887543958404 3.2079823900123703 3.308405008172237 3.5482016839953343 3.2497327220614505 3.2330348235664155 3.4703791711716385 3.5482016839953343 3.4360045872801006 3.41887543958404 3.6356733016454257 3.6005703687441484 3.8405254894299046 3.706333425945615 3.8225239117406637 3.9858598763479023 3.7775948223096445 3.7775948223096445 3.679851275526602 3.609417136670968 3.9310854954678334 3.609417136670968 3.6181028403300237 3.9218993832188556 3.976618659079132 3.6269688296878213 3.885602299887906 3.7418893017975585 3.849452029292252 3.804559352137678 3.6975542749607624 3.6356733016454257 3.6886118167516244 3.6181028403300237 3.6445584711110413 3.7597233992346464 3.768741640443454 3.9583425389599913 3.6532816723590718 3.949307278152234 3.6005703687441484 3.6005703687441484 3.786631899160151 3.949307278152234 4.34021505789757 4.1800258668376475 4.27389700972598 4.09638298767736 4.1987302626375635 4.004190501010748 4.236244017697849 4.1987302626375635 4.292775448258381 4.077872904589594 4.004190501010748 4.124123872267262 4.04095991813958 4.17077822183587 4.087032906984074 4.2834243201376205 4.09638298767736 4.45471686346053 4.521973899542435 4.512421692304587 4.45471686346053
3.150000 2.7894955100188352 2.471731876352579 2.939304120852559 3.0437937726389976 3.1913838645082113 3.1336813213896 3.0600322532138695 2.8443047815867 3.1583061641901065 3.0114377622100448 3.199757902151695 3.1913838645082113 3.150140654150466 2.923368963259543 3.316919059168708 3.487624461659719 3.3847337923487957 3.4017851508814365 3.3421943989254994 3.367721434473514 3.2832470730245484 3.487624461659719 3.274772857790347 3.2915692445190046 3.4445005425392914 3.2412984784516516 3.3847337923487957 3.316919059168708 3.5395914360977594 3.5134806146228708 3.3847337923487957 3.3761404886397117 3.410242724324369 3.2079823900123703 3.4445005425392914 3.3338139991916433 3.5744279146298683 3.5134806146228708 3.266470160233948 3.487624461659719 3.274772857790347 3.478913368272576 3.2915692445190046 3.5656197122137576 3.5656197122137576 3.6005703687441484 3.949307278152234 3.679851275526602 3.715294895303003 3.6181028403300237 3.8675087672497956 3.8766393410359554 3.858563995863041 3.6005703687441484 3.6886118167516244 3.6445584711110413 3.9310854954678334 3.8405254894299046 3.786631899160151 3.7508886629289946 3.8766393410359554 3.6356733016454257 3.7240926157308536 3.949307278152234 3.6445584711110413 3.7597233992346464 3.9310854954678334 3.885602299887906 3.6445584711110413 3.6975542749607624 3.9310854954678334 3.9310854954678334 3.976618659079132 3.8675087672497956 3.7597233992346464 3.8314321765100012 3.679851275526602 3.885602299887906 3.6886118167516244 4.1800258668376475 4.114928663178128 4.050084518251851 4.161356600048034 4.050084518251851 4.077872904589594 4.124123872267262 4.013279506756297 4.226944395924057 4.068540840102059 4.068540840102059 4.245736319763044 4.068540840102059 4.34961720950167 4.09638298767736 4.087032906984074 4.09638298767736 4.4258837292217255 4.502689204348403 4.648220753516788 4.435548777559674
3.160000 2.7353365011881885 2.5086647413104144 3.051985486538066 3.0600322532138695 3.1089889111804934 3.199757902151695 3.0437937726389976 2.939304120852559 3.183179005903807 3.051985486538066 2.947211099811094 2.9873532967155483 3.092629880406265 2.9074745108151703 3.5134806146228708 3.2330348235664155 3.308405008172237 3.367721434473514 3.4961777259428795 3.3847337923487957 3.4445005425392914 3.3847337923487957 3.5569905434876103 3.5656197122137576 3.5308219592547823 3.4961777259428795 3.308405008172237 3.2832470730245484 3.393172123155076 3.5569905434876103 3.5049083193135044 3.2832470730245484 3.3761404886397117 3.3761404886397117 3.258015913974275 3.316919059168708 3.5395914360977594 3.5049083193135044 3.32528008209297 3.4703791711716385 3.410242724324369 3.5656197122137576 3.478913368272576 3.5569905434876103 3.427352221294627 3.8405254894299046 3.8675087672497956 3.8405254894299046 3.804559352137678 3.6975542749607624 3.994931013794065 3.8766393410359554 3.6975542749607624 3.8405254894299046 3.912900182995015 3.768741640443454 3.679851275526602 3.9401027488501636 3.9583425389599913 3.8947514340034837 3.813449298647461 3.9218993832188556 3.609417136670968 3.7418893017975585 3.715294895303003 3.9401027488501636 3.7330730527728044 3.8405254894299046 3.976618659079132 3.6445584711110413 3.994931013794065 3.6886118167516244 3.6975542749607624 3.7508886629289946 3.804559352137678 3.7418893017975585 3.6886118167516244 3.994931013794065 3.8947514340034837 4.152126383386034 4.050084518251851 4.124123872267262 4.087032906984074 4.114928663178128 4.04095991813958 4.022557214122902 4.2834243201376205 4.114928663178128 4.27389700972598 4.105560618158931 4.114928663178128 4.031664040933904 4.068540840102059 4.124123872267262 4.013279506756297 4.189465240303201 4.726533084856339 4.45471686346053 4.541291684561032 4.4067662805426995
3.170000 2.750779898693886 2.7817903811287406 3.1172619647621516 2.95527993109547 2.939304120852559 3.0357668950244268 2.8207111595260184 3.150140654150466 3.1666399026804894 3.084543418727391 2.9953203443393015 2.939304120852559 3.1336813213896 3.1666399026804894 3.266470160233948 3.3421943989254994 3.5049083193135044 3.2412984784516516 3.3507481470859304 3.4017851508814365 3.5134806146228708 3.5656197122137576 3.4961777259428795 3.427352221294627 3.410242724324369 3.41887543958404 3.224620615797176 3.266470160233948 3.3507481470859304 3.359147890730457 3.5744279146298683 3.5395914360977594 3.3421943989254994 3.583075966486862 3.4616876158961567 3.5308219592547823 3.410242724324369 3.5656197122137576 3.4961777259428795 3.5656197122137576 3.367721434473514 3.5395914360977594 3.591903471894591 3.367721434473514 3.3761404886397117 3.804559352137678 3.9583425389599913 3.6445584711110413 3.8225239117406637 3.715294895303003 3.7955034845365736 3.813449298647461 3.7240926157308536 3.6975542749607624 3.7418893017975585 3.609417136670968 3.609417136670968 3.6709278713963025 3.849452029292252 3.7955034845365736 3.7597233992346464 3.706333425945615 3.609417136670968 3.679851275526602 3.994931013794065 3.6445584711110413 3.7330730527728044 3.9858598763479023 3.885602299887906 3.8225239117406637 3.8766393410359554 3.6445584711110413 3.8766393410359554 3.6975542749607624 3.6445584711110413 3.768741640443454 3.976618659079132 3.768741640443454 3.6005703687441484 4.087032906984074 4.031664040933904 4.022557214122902 4.27389700972598 4.124123872267262 4.077872904589594 4.004190501010748 4.09638298767736 4.133509829299363 4.217469681706391 4.077872904589594 4.068540840102059 4.022557214122902 4.050084518251851 4.022557214122902 4.2550531631440744 4.397313599800975 4.416414317370283 4.638372653851022 4.483437720084692 4.77564075582857
3.180000 2.6056692116350813 2.6968371342160555 3.100882644135794 3.0195886289076617 3.0600322532138695 2.8443047815867 3.141827112759656 3.1748251019000335 2.828614621459107 3.183179005903807 3.003450744285498 3.1583061641901065 3.150140654150466 2.9953203443393015 3.4360045872801006 3.359147890730457 3.4616876158961567 3.2497327220614505 3.5308219592547823 3.5569905434876103 3.367721434473514 3.5744279146298683 3.5308219592547823 3.5308219592547823 3.5134806146228708 3.2079823900123703 3.4616876158961567 3.5395914360977594 3.308405008172237 3.4445005425392914 3.3507481470859304 3.3847337923487957 3.266470160233948 3.591903471894591 3.224620615797176 3.5656197122137576 3.2915692445190046 3.427352221294627 3.258015913974275 3.427352221294627 3.591903471894591 3.367721434473514 3.5569905434876103 3.258015913974275 3.4703791711716385 3.8405254894299046 3.949307278152234 3.7508886629289946 3.9218993832188556 3.8314321765100012 3.949307278152234 3.786631899160151 3.7508886629289946 3.7775948223096445 3.706333425945615 3.9401027488501636 3.786631899160151 3.858563995863041 3.7775948223096445 3.849452029292252 3.6532816723590718 3.6886118167516244 3.8675087672497956 3.8225239117406637 3.804559352137678 3.6709278713963025 3.7597233992346464 3.6445584711110413 3.885602299887906 3.7240926157308536 3.6709278713963025 3.8947514340034837 3.9310854954678334 3.8225239117406637 3.7955034845365736 3.6886118167516244 3.609417136670968 3.768741640443454 3.6269688296878213 4.189465240303201 4.226944395924057 4.1987302626375635 4.264562997420372 4.189465240303201 4.004190501010748 4.2550531631440744 4.1987302626375635 4.321250461472404 4.152126383386034 4.133509829299363 4.04095991813958 4.059398514738147 4.013279506756297 4.34961720950167 4.059398514738147 4.050084518251851 4.5994423537970714 4.677432327650685 4.5510575218429565 4.61889126864975
3.190000 2.704573622330376 2.773949354294852 3.0600322532138695 2.883634459153842 3.051985486538066 3.0437937726389976 3.0195886289076617 2.8520909398927943 3.1336813213896 3.1172619647621516 2.95527993109547 3.183179005903807 2.9312558679539493 3.199757902151695 3.4360045872801006 3.4961777259428795 3.258015913974275 3.2497327220614505 3.478913368272576 3.5134806146228708 3.2497327220614505 3.308405008172237 3.316919059168708 3.359147890730457 3.3338139991916433 3.308405008172237 3.359147890730457 3.2079823900123703 3.359147890730457 3.258015913974275 3.2079823900123703 3.41887543958404 3.2497327220614505 3.4616876158961567 3.274772857790347 3.5569905434876103 3.5744279146298683 3.5395914360977594 3.591903471894591 3.2832470730245484 3.583075966486862 3.4961777259428795 3.41887543958404 3.4531725219753477 3.583075966486862 3.8675087672497956 3.6269688296878213 3.813449298647461 3.949307278152234 3.9858598763479023 3.7418893017975585 3.768741640443454 3.976618659079132 3.7240926157308536 3.768741640443454 3.885602299887906 3.9218993832188556 3.6886118167516244 3.6356733016454257 3.8225239117406637 3.609417136670968 3.662185980192619 3.8405254894299046 3.7240926157308536 3.8405254894299046 3.6886118167516244 3.804559352137678 3.7775948223096445 3.949307278152234 3.6532816723590718 3.7955034845365736 3.6445584711110413 3.7240926157308536 3.9037325359196138 3.6532816723590718 3.6269688296878213 3.7508886629289946 3.849452029292252 3.976618659079132 4.34961720950167 4.208187333724751 4.1800258668376475 4.087032906984074 4.022557214122902 4.068540840102059 4.217469681706391 4.226944395924057 4.161356600048034 4.226944395924057 4.34021505789757 4.330635659446139 4.077872904589594 4.022557214122902 4.226944395924057 4.217469681706391 4.1800258668376475 4.580026035009029 4.483437720084692 4.45471686346053 4.512421692304587
3.200000 2.750779898693886 2.719934394004002 3.0357668950244268 3.0600322532138695 2.883634459153842 3.0195886289076617 3.1666399026804894 3.0600322532138695 3.068244346893695 3.199757902151695 2.9312558679539493 2.89946749583966 3.183179005903807 2.95527993109547 3.4703791711716385 3.308405008172237 3.427352221294627 3.258015913974275 3.5222306692969467 3.5049083193135044 3.5482016839953343 3.5222306692969467 3.266470160233948 3.4531725219753477 3.487624461659719 3.4531725219753477 3.5049083193135044 3.4017851508814365 3.316919059168708 3.427352221294627 3.393172123155076 3.5049083193135044 3.583075966486862 3.4017851508814365 3.300063394777207 3.258015913974275 3.32528008209297 3.274772857790347 3.2163765290620767 3.5222306692969467 3.478913368272576 3.300063394777207 3.367721434473514 3.5222306692969467 3.258015913974275 3.6532816723590718 3.7597233992346464 3.6975542749607624 3.9310854954678334 3.786631899160151 3.813449298647461 3.768741640443454 3.8766393410359554 3.9583425389599913 3.6975542749607624 3.6005703687441484 3.6181028403300237 3.7330730527728044 3.7330730527728044 3.768741640443454 3.7955034845365736 3.7597233992346464 3.9583425389599913 3.6532816723590718 3.9310854954678334 3.804559352137678 3.706333425945615 3.679851275526602 3.609417136670968 3.804559352137678 3.7597233992346464 3.6532816723590718 3.715294895303003 3.8225239117406637 3.6709278713963025 3.858563995863041 3.6005703687441484 3.994931013794065 3.8225239117406637 4.368632905651625 4.330635659446139 4.004190501010748 4.292775448258381 4.378246740791886 4.378246740791886 4.031664040933904 4.311688368423777 4.236244017697849 4.013279506756297 4.142722567221125 4.004190501010748 4.152126383386034 4.2550531631440744 4.050084518251851 4.302320178347698 4.321250461472404 4.716620349901103 4.687312877728655 4.628723044707949 4.493153440002571
3.210000 2.7353365011881885 2.7662645407768167 3.1583061641901065 3.1748251019000335 3.1666399026804894 3.1913838645082113 3.183179005903807 3.1748251019000335 3.068244346893695 2.9873532967155483 3.150140654150466 2.89946749583966 3.1748251019000335 3.1666399026804894 3.266470160233948 3.4531725219753477 3.4017851508814365 3.5482016839953343 3.5744279146298683 3.274772857790347 3.5308219592547823 3.410242724324369 3.4360045872801006 3.41887543958404 3.41887543958404 3.2412984784516516 3.393172123155076 3.5569905434876103 3.427352221294627 3.5395914360977594 3.3761404886397117 3.5049083193135044 3.4445005425392914 3.3421943989254994 3.5569905434876103 3.4616876158961567 3.5308219592547823 3.4445005425392914 3.3338139991916433 3.4017851508814365 3.5744279146298683 3.5049083193135044 3.3847337923487957 3.4445005425392914 3.32528008209297 3.8947514340034837 3.7597233992346464 3.6181028403300237 3.9675654368237803 3.8675087672497956 3.6005703687441484 3.8225239117406637 3.6005703687441484 3.949307278152234 3.609417136670968 3.8947514340034837 3.858563995863041 3.949307278152234 3.9858598763479023 3.8947514340034837 3.8675087672497956 3.8675087672497956 3.949307278152234 3.706333425945615 3.6356733016454257 3.912900182995015 3.715294895303003 3.849452029292252 3.6005703687441484 3.9858598763479023 3.609417136670968 3.8225239117406637 3.6975542749607624 3.7775948223096445 3.7508886629289946 3.9858598763479023 3.715294895303003 3.976618659079132 3.912900182995015 4.031664040933904 4.031664040933904 4.059398514738147 4.124123872267262 4.022557214122902 4.17077822183587 4.004190501010748 4.34021505789757 4.189465240303201 4.124123872267262 4.068540840102059 4.208187333724751 4.068540840102059 4.050084518251851 4.264562997420372 4.217469681706391 4.34961720950167 4.706907035824327 4.531723093439896 4.5994423537970714 4.483437720084692
3.220000 2.704573622330376 2.7353365011881885 3.1748251019000335 3.0600322532138695 3.183179005903807 2.875807928460546 2.939304120852559 2.9792433916584864 3.141827112759656 3.1172619647621516 3.1336813213896 3.199757902151695 2.9153413159340302 2.9712963409361106 3.4017851508814365 3.4531725219753477 3.4017851508814365 3.2915692445190046 3.5569905434876103 3.427352221294627 3.5308219592547823 3.5744279146298683 3.5744279146298683 3.2497327220614505 3.5569905434876103 3.410242724324369 3.2412984784516516 3.427352221294627 3.4531725219753477 3.4445005425392914 3.5482016839953343 3.4703791711716385 3.5308219592547823 3.316919059168708 3.4616876158961567 3.4961777259428795 3.274772857790347 3.32528008209297 3.2915692445190046 3.266470160233948 3.4360045872801006 3.5222306692969467 3.5569905434876103 3.5656197122137576 3.274772857790347 3.7240926157308536 3.6445584711110413 3.6445584711110413 3.768741640443454 3.7240926157308536 3.813449298647461 3.7955034845365736 3.6975542749607624 3.8675087672497956 3.9401027488501636 3.662185980192619 3.7240926157308536 3.858563995863041 3.9037325359196138 3.6181028403300237 3.7330730527728044 3.8675087672497956 3.6445584711110413 3.8947514340034837 3.6709278713963025 3.9583425389599913 3.9037325359196138 3.6886118167516244 3.6975542749607624 3.679851275526602 3.6445584711110413 3.6181028403300237 3.609417136670968 3.885602299887906 3.706333425945615 3.6886118167516244 3.6005703687441484 3.8225239117406637 3.9583425389599913 4.378246740791886 4.302320178347698 4.368632905651625 4.330635659446139 4.217469681706391 4.217469681706391 4.27389700972598 4.09638298767736 4.217469681706391 4.17077822183587 4.368632905651625 4.152126383386034 4.133509829299363 4.050084518251851 4.133509829299363 4.087032906984074 4.031664040933904 4.445034863749972 4.4739184571649115 4.416414317370283 4.580026035009029
3.230000 2.758444374347024 2.681538720054648 3.0437937726389976 3.100882644135794 3.1172619647621516 3.0195886289076617 3.068244346893695 3.183179005903807 2.8916208154516734 2.9712963409361106 2.8050827943071095 2.875807928460546 2.8520909398927943 3.092629880406265 3.487624461659719 3.4445005425392914 3.2412984784516516 3.5482016839953343 3.258015913974275 3.591903471894591 3.3338139991916433 3.5656197122137576 3.4961777259428795 3.274772857790347 3.4445005425392914 3.3507481470859304 3.5569905434876103 3.41887543958404 3.487624461659719 3.2497327220614505 3.367721434473514 3.5656197122137576 3.308405008172237 3.2915692445190046 3.266470160233948 3.5049083193135044 3.2832470730245484 3.4445005425392914 3.5656197122137576 3.5134806146228708 3.274772857790347 3.300063394777207 3.300063394777207 3.5049083193135044 3.5656197122137576 3.9858598763479023 3.8675087672497956 3.9583425389599913 3.6445584711110413 3.849452029292252 3.9583425389599913 3.7240926157308536 3.7955034845365736 3.885602299887906 3.813449298647461 3.9858598763479023 3.662185980192619 3.7508886629289946 3.6005703687441484 3.706333425945615 3.6181028403300237 3.715294895303003 3.6005703687441484 3.912900182995015 3.715294895303003 3.9858598763479023 3.7418893017975585 3.8225239117406637 3.6886118167516244 3.9675654368237803 3.912900182995015 3.8225239117406637 3.9218993832188556 3.949307278152234 3.8314321765100012 3.6532816723590718 3.8314321765100012 3.6975542749607624 3.8947514340034837 4.077872904589594 4.27389700972598 4.208187333724751 4.068540840102059 4.330635659446139 4.27389700972598 4.27389700972598 4.142722567221125 4.152126383386034 4.17077822183587 4.311688368423777 4.059398514738147 4.050084518251851 4.292775448258381 4.133509829299363 4.050084518251851 4.161356600048034 4.435548777559674 4.464219566817621 4.580026035009029 4.78560126157025
3.240000 2.712176951408701 2.758444374347024 3.051985486538066 2.8916208154516734 2.9712963409361106 2.9953203443393015 3.1172619647621516 3.003450744285498 3.1583061641901065 2.8520909398927943 2.923368963259543 3.1336813213896 2.923368963259543 3.0195886289076617 3.5222306692969467 3.2412984784516516 3.300063394777207 3.3507481470859304 3.316919059168708 3.583075966486862 3.591903471894591 3.3761404886397117 3.3421943989254994 3.4017851508814365 3.2412984784516516 3.4445005425392914 3.3421943989254994 3.4703791711716385 3.427352221294627 3.4531725219753477 3.316919059168708 3.41887543958404 3.274772857790347 3.2079823900123703 3.316919059168708 3.2330348235664155 3.487624461659719 3.2079823900123703 3.3761404886397117 3.5222306692969467 3.5395914360977594 3.274772857790347 3.4961777259428795 3.2412984784516516 3.2330348235664155 3.885602299887906 3.786631899160151 3.6709278713963025 3.7775948223096445 3.7330730527728044 3.8766393410359554 3.8405254894299046 3.949307278152234 3.8314321765100012 3.8947514340034837 3.9675654368237803 3.8314321765100012 3.8225239117406637 3.715294895303003 3.912900182995015 3.6005703687441484 3.6005703687441484 3.7597233992346464 3.706333425945615 3.912900182995015 3.6886118167516244 3.6709278713963025 3.609417136670968 3.9583425389599913 3.715294895303003 3.858563995863041 3.6886118167516244 3.6445584711110413 3.7508886629289946 3.8947514340034837 3.8225239117406637 3.8225239117406637 3.715294895303003 3.7508886629289946 4.031664040933904 4.031664040933904 4.031664040933904 4.050084518251851 4.031664040933904 4.1987302626375635 4.105560618158931 4.321250461472404 4.1987302626375635 4.321250461472404 4.031664040933904 4.022557214122902 4.105560618158931 4.087032906984074 4.068540840102059 4.004190501010748 4.378246740791886 4.493153440002571 4.4067662805426995 4.4067662805426995 4.493153440002571
3.250000 2.4570594880003367 2.4570594880003367 3.0437937726389976 2.9953203443393015 3.0195886289076617 2.8207111595260184 2.9712963409361106 2.8916208154516734 3.1253880083974157 2.9792433916584864 3.0195886289076617 2.95527993109547 3.1748251019000335 2.95527993109547 3.3421943989254994 3.478913368272576 3.4531725219753477 3.300063394777207 3.2163765290620767 3.5744279146298683 3.3338139991916433 3.5482016839953343 3.2915692445190046 3.41887543958404 3.4961777259428795 3.274772857790347 3.4017851508814365 3.3507481470859304 3.2412984784516516 3.2915692445190046 3.2497327220614505 3.487624461659719 3.224620615797176 3.4531725219753477 3.2915692445190046 3.591903471894591 3.427352221294627 3.5395914360977594 3.5222306692969467 3.5656197122137576 3.427352221294627 3.5744279146298683 3.274772857790347 3.4703791711716385 3.5049083193135044 3.8766393410359554 3.6356733016454257 3.786631899160151 3.994931013794065 3.8225239117406637 3.7418893017975585 3.9310854954678334 3.9401027488501636 3.849452029292252 3.9037325359196138 3.976618659079132 3.885602299887906 3.858563995863041 3.7597233992346464 3.786631899160151 3.804559352137678 3.8314321765100012 3.8314321765100012 3.8405254894299046 3.7240926157308536 3.9310854954678334 3.768741640443454 3.813449298647461 3.662185980192619 3.912900182995015 3.813449298647461 3.6356733016454257 3.912900182995015 3.9310854954678334 3.9675654368237803 3.786631899160151 3.9218993832188556 3.804559352137678 3.8766393410359554 4.264562997420372 4.04095991813958 4.236244017697849 4.152126383386034 4.077872904589594 4.387682634199195 4.059398514738147 4.152126383386034 4.245736319763044 4.105560618158931 4.292775448258381 4.059398514738147 4.330635659446139 4.050084518251851 4.397313599800975 4.161356600048034 4.105560618158931 4.648220753516788 4.5704248550692625 4.677432327650685 4.4258837292217255
3.260000 2.643544776344315 2.5906201187502864 2.883634459153842 3.068244346893695 3.1089889111804934 2.9712963409361106 3.092629880406265 2.9712963409361106 3.100882644135794 3.1253880083974157 2.9953203443393015 3.100882644135794 3.183179005903807 3.084543418727391 3.5482016839953343 3.410242724324369 3.367721434473514 3.2079823900123703 3.5395914360977594 3.274772857790347 3.393172123155076 3.4531725219753477 3.5656197122137576 3.591903471894591 3.5395914360977594 3.487624461659719 3.3338139991916433 3.2915692445190046 3.5049083193135044 3.4531725219753477 3.2412984784516516 3.4616876158961567 3.4961777259428795 3.5395914360977594 3.4961777259428795 3.3761404886397117 3.4445005425392914 3.5482016839953343 3.2915692445190046 3.4531725219753477 3.2412984784516516 3.2915692445190046 3.5308219592547823 3.316919059168708 3.2832470730245484 3.715294895303003 3.6269688296878213 3.976618659079132 3.6886118167516244 3.6356733016454257 3.858563995863041 3.912900182995015 3.7330730527728044 3.715294895303003 3.679851275526602 3.6269688296878213 3.7418893017975585 3.7418893017975585 3.9583425389599913 3.804559352137678 3.706333425945615 3.7508886629289946 3.715294895303003 3.8314321765100012 3.885602299887906 3.7508886629289946 3.858563995863041 3.786631899160151 3.9037325359196138 3.786631899160151 3.6181028403300237 3.7418893017975585 3.768741640443454 3.9583425389599913 3.768741640443454 3.9858598763479023 3.768741640443454 3.7508886629289946 3.9675654368237803 4.397313599800975 4.311688368423777 4.264562997420372 4.2550531631440744 4.068540840102059 4.189465240303201 4.152126383386034 4.152126383386034 4.013279506756297 4.09638298767736 4.050084518251851 4.152126383386034 4.189465240303201 4.311688368423777 4.35921385541505 4.077872904589594 4.34021505789757 4.5994423537970714 4.45471686346053 4.483437720084692 4.628723044707949
3.270000 2.7894955100188352 2.758444374347024 3.100882644135794 2.95527993109547 2.9074745108151703 2.963206958809479 2.9792433916584864 2.8600359004679246 3.1666399026804894 2.963206958809479 3.076310974966537 3.0357668950244268 3.084543418727391 3.199757902151695 3.4445005425392914 3.427352221294627 3.4360045872801006 3.5395914360977594 3.5222306692969467 3.5308219592547823 3.5134806146228708 3.3847337923487957 3.478913368272576 3.316919059168708 3.5482016839953343 3.308405008172237 3.308405008172237 3.2163765290620767 3.2079823900123703 3.2079823900123703 3.2079823900123703 3.2412984784516516 3.410242724324369 3.308405008172237 3.591903471894591 3.5222306692969467 3.308405008172237 3.5049083193135044 3.4703791711716385 3.393172123155076 3.583075966486862 3.3761404886397117 3.5395914360977594 3.5656197122137576 3.5395914360977594 3.609417136670968 3.7597233992346464 3.8947514340034837 3.8405254894299046 3.804559352137678 3.6886118167516244 3.7418893017975585 3.8314321765100012 3.8225239117406637 3.9310854954678334 3.768741640443454 3.679851275526602 3.849452029292252 3.609417136670968 3.7775948223096445 3.912900182995015 3.706333425945615 3.662185980192619 3.885602299887906 3.662185980192619 3.768741640443454 3.6445584711110413 3.6445584711110413 3.7775948223096445 3.813449298647461 3.9218993832188556 3.8947514340034837 3.6445584711110413 3.9310854954678334 3.8405254894299046 3.6532816723590718 3.9675654368237803 3.9401027488501636 3.885602299887906 4.142722567221125 4.387682634199195 4.368632905651625 4.068540840102059 4.068540840102059 4.27389700972598 4.292775448258381 4.004190501010748 4.087032906984074 4.09638298767736 4.09638298767736 4.397313599800975 4.1800258668376475 4.217469681706391 4.013279506756297 4.09638298767736 4.077872904589594 4.697010359996532 4.580026035009029 4.416414317370283 4.483437720084692
3.280000 2.6132795030938096 2.6510662756753334 3.1336813213896 2.812965469114768 3.076310974966537 2.9792433916584864 2.883634459153842 3.0275955901797973 2.95527993109547 3.003450744285498 2.883634459153842 2.8443047815867 3.1336813213896 3.068244346893695 3.591903471894591 3.4360045872801006 3.2079823900123703 3.4961777259428795 3.5744279146298683 3.41887543958404 3.5222306692969467 3.266470160233948 3.2412984784516516 3.224620615797176 3.5744279146298683 3.393172123155076 3.2497327220614505 3.367721434473514 3.224620615797176 3.5395914360977594 3.487624461659719 3.478913368272576 3.2915692445190046 3.266470160233948 3.5482016839953343 3.487624461659719 3.5134806146228708 3.4703791711716385 3.410242724324369 3.5656197122137576 3.4703791711716385 3.478913368272576 3.2330348235664155 3.5308219592547823 3.3338139991916433 3.768741640443454 3.6005703687441484 3.9037325359196138 3.813449298647461 3.7597233992346464 3.715294895303003 3.7597233992346464 3.6532816723590718 3.9218993832188556 3.6975542749607624 3.8766393410359554 3.768741640443454 3.885602299887906 3.662185980192619 3.6005703687441484 3.849452029292252 3.6269688296878213 3.6356733016454257 3.6532816723590718 3.6532816723590718 3.7955034845365736 3.7597233992346464 3.609417136670968 3.609417136670968 3.6709278713963025 3.8947514340034837 3.9310854954678334 3.849452029292252 3.6269688296878213 3.7955034845365736 3.813449298647461 3.715294895303003 3.786631899160151 3.706333425945615 4.142722567221125 4.068540840102059 4.142722567221125 4.031664040933904 4.302320178347698 4.1800258668376475 4.059398514738147 4.208187333724751 4.1800258668376475 4.311688368423777 4.397313599800975 4.378246740791886 4.245736319763044 4.17077822183587 4.2550531631440744 4.245736319763044 4.321250461472404 4.4067662805426995 4.541291684561032 4.5510575218429565 4.445034863749972
3.290000 2.758444374347024 2.7894955100188352 3.1666399026804894 3.0357668950244268 2.9712963409361106 2.89946749583966 2.8520909398927943 3.0195886289076617 2.883634459153842 3.076310974966537 2.939304120852559 3.1336813213896 3.092629880406265 3.1913838645082113 3.2079823900123703 3.5049083193135044 3.32528008209297 3.487624461659719 3.5134806146228708 3.5134806146228708 3.4531725219753477 3.274772857790347 3.591903471894591 3.4360045872801006 3.3421943989254994 3.2915692445190046 3.258015913974275 3.4017851508814365 3.5395914360977594 3.5656197122137576 3.5744279146298683 3.2330348235664155 3.224620615797176 3.4445005425392914 3.583075966486862 3.3507481470859304 3.3421943989254994 3.410242724324369 3.3338139991916433 3.3421943989254994 3.5482016839953343 3.4703791711716385 3.591903471894591 3.2330348235664155 3.274772857790347 3.8225239117406637 3.9675654368237803 3.706333425945615 3.6709278713963025 3.609417136670968 3.679851275526602 3.786631899160151 3.949307278152234 3.6886118167516244 3.706333425945615 3.949307278152234 3.976618659079132 3.9858598763479023 3.7508886629289946 3.609417136670968 3.9218993832188556 3.768741640443454 3.6445584711110413 3.7240926157308536 3.885602299887906 3.885602299887906 3.706333425945615 3.7508886629289946 3.6532816723590718 3.849452029292252 3.7330730527728044 3.8675087672497956 3.6181028403300237 3.8675087672497956 3.6532816723590718 3.768741640443454 3.6269688296878213 3.858563995863041 3.813449298647461 4.087032906984074 4.1800258668376475 4.189465240303201 4.387682634199195 4.368632905651625 4.161356600048034 4.161356600048034 4.087032906984074 4.022557214122902 4.311688368423777 4.077872904589594 4.050084518251851 4.031664040933904 4.378246740791886 4.059398514738147 4.031664040933904 4.17077822183587 4.736262166944972 4.502689204348403 4.45471686346053 4.512421692304587
3.300000 2.598209301621978 2.7973573730146533 3.199757902151695 2.9153413159340302 2.923368963259543 3.141827112759656 3.1583061641901065 3.092629880406265 3.199757902151695 3.084543418727391 3.1666399026804894 3.1336813213896 2.9953203443393015 2.8600359004679246 3.487624461659719 3.3507481470859304 3.3421943989254994 3.5222306692969467 3.2163765290620767 3.32528008209297 3.5744279146298683 3.5308219592547823 3.478913368272576 3.487624461659719 3.2832470730245484 3.5395914360977594 3.478913368272576 3.3847337923487957 3.274772857790347 3.367721434473514 3.5049083193135044 3.2412984784516516 3.266470160233948 3.5049083193135044 3.5569905434876103 3.3507481470859304 3.4017851508814365 3.5569905434876103 3.367721434473514 3.5656197122137576 3.5744279146298683 3.359147890730457 3.2915692445190046 3.583075966486862 3.2497327220614505 3.849452029292252 3.706333425945615 3.849452029292252 3.9858598763479023 3.768741640443454 3.885602299887906 3.9218993832188556 3.6975542749607624 3.7775948223096445 3.9401027488501636 3.9583425389599913 3.9310854954678334 3.6005703687441484 3.7418893017975585 3.7240926157308536 3.6181028403300237 3.8766393410359554 3.6532816723590718 3.6532816723590718 3.8766393410359554 3.813449298647461 3.768741640443454 3.7418893017975585 3.9401027488501636 3.7240926157308536 3.885602299887906 3.9858598763479023 3.6532816723590718 3.6532816723590718 3.7775948223096445 3.6445584711110413 3.7955034845365736 3.6269688296878213 3.7508886629289946 4.2834243201376205 4.022557214122902 4.050084518251851 4.031664040933904 4.217469681706391 4.09638298767736 4.387682634199195 4.292775448258381 4.004190501010748 4.27389700972598 4.142722567221125 4.124123872267262 4.105560618158931 4.013279506756297 4.013279506756297 4.292775448258381 4.114928663178128 4.464219566817621 4.435548777559674 4.560642437348045 4.697010359996532
3.310000 2.7894955100188352 2.7973573730146533 3.1583061641901065 2.812965469114768 3.1253880083974157 3.1253880083974157 2.9712963409361106 3.0600322532138695 3.0357668950244268 2.867842256978591 3.183179005903807 2.8363805576478125 3.084543418727391 3.1336813213896 3.3338139991916433 3.308405008172237 3.266470160233948 3.5482016839953343 3.3421943989254994 3.5395914360977594 3.583075966486862 3.2330348235664155 3.41887543958404 3.300063394777207 3.478913368272576 3.2330348235664155 3.5482016839953343 3.393172123155076 3.487624461659719 3.4616876158961567 3.393172123155076 3.3761404886397117 3.583075966486862 3.5482016839953343 3.410242724324369 3.4445005425392914 3.367721434473514 3.5222306692969467 3.367721434473514 3.5744279146298683 3.5744279146298683 3.4360045872801006 3.41887543958404 3.5656197122137576 3.478913368272576 3.849452029292252 3.6975542749607624 3.662185980192619 3.8675087672497956 3.8947514340034837 3.6445584711110413 3.9583425389599913 3.7508886629289946 3.7955034845365736 3.6975542749607624 3.6181028403300237 3.6886118167516244 3.9218993832188556 3.6269688296878213 3.8766393410359554 3.9583425389599913 3.994931013794065 3.8947514340034837 3.7775948223096445 3.8225239117406637 3.6709278713963025 3.768741640443454 3.8225239117406637 3.609417136670968 3.6181028403300237 3.7597233992346464 3.7330730527728044 3.6709278713963025 3.6886118167516244 3.6356733016454257 3.813449298647461 3.9583425389599913 3.662185980192619 3.679851275526602 4.133509829299363 4.330635659446139 4.004190501010748 4.142722567221125 4.397313599800975 4.013279506756297 4.17077822183587 4.077872904589594 4.133509829299363 4.059398514738147 4.34961720950167 4.2550531631440744 4.004190501010748 4.1800258668376475 4.189465240303201 4.17077822183587 4.105560618158931 4.531723093439896 4.416414317370283 4.4258837292217255 4.657886382739784
3.320000 2.689254230838056 2.643544776344315 3.1913838645082113 3.141827112759656 2.939304120852559 3.076310974966537 3.0195886289076617 2.9873532967155483 3.1089889111804934 3.0195886289076617 2.9153413159340302 3.0114377622100448 2.9712963409361106 3.1336813213896 3.5482016839953343 3.4703791711716385 3.487624461659719 3.393172123155076 3.478913368272576 3.3761404886397117 3.4616876158961567 3.393172123155076 3.308405008172237 3.3421943989254994 3.266470160233948 3.3338139991916433 3.4961777259428795 3.5222306692969467 3.4616876158961567 3.2163765290620767 3.487624461659719 3.316919059168708 3.5222306692969467 3.4360045872801006 3.5656197122137576 3.258015913974275 3.478913368272576 3.393172123155076 3.274772857790347 3.258015913974275 3.583075966486862 3.5222306692969467 3.5395914360977594 3.5308219592547823 3.5569905434876103 3.7597233992346464 3.912900182995015 3.885602299887906 3.6886118167516244 3.679851275526602 3.8675087672497956 3.8766393410359554 3.8405254894299046 3.679851275526602 3.786631899160151 3.8314321765100012 3.6181028403300237 3.6356733016454257 3.7775948223096445 3.7775948223096445 3.858563995863041 3.706333425945615 3.8314321765100012 3.949307278152234 3.8675087672497956 3.994931013794065 3.662185980192619 3.6269688296878213 3.6532816723590718 3.7597233992346464 3.6181028403300237 3.6356733016454257 3.858563995863041 3.6532816723590718 3.6709278713963025 3.885602299887906 3.8225239117406637 3.976618659079132 3.7508886629289946 4.142722567221125 4.245736319763044 4.105560618158931 4.087032906984074 4.04095991813958 4.27389700972598 4.330635659446139 4.059398514738147 4.04095991813958 4.04095991813958 4.161356600048034 4.004190501010748 4.236244017697849 4.161356600048034 4.031664040933904 4.013279506756297 4.124123872267262 4.657886382739784 4.5510575218429565 4.445034863749972 4.726533084856339
3.330000 2.6968371342160555 2.464457781287439 3.183179005903807 3.0114377622100448 2.8207111595260184 3.0357668950244268 3.0357668950244268 2.8207111595260184 3.092629880406265 3.0437937726389976 2.9312558679539493 3.1583061641901065 3.1666399026804894 3.1913838645082113 3.2832470730245484 3.5656197122137576 3.5656197122137576 3.266470160233948 3.2330348235664155 3.359147890730457 3.4017851508814365 3.2832470730245484 3.4445005425392914 3.258015913974275 3.258015913974275 3.5049083193135044 3.3338139991916433 3.2412984784516516 3.367721434473514 3.2497327220614505 3.3761404886397117 3.410242724324369 3.427352221294627 3.4961777259428795 3.4445005425392914 3.3761404886397117 3.274772857790347 3.5222306692969467 3.4616876158961567 3.393172123155076 3.224620615797176 3.591903471894591 3.367721434473514 3.4360045872801006 3.308405008172237 3.949307278152234 3.6181028403300237 3.7418893017975585 3.6356733016454257 3.912900182995015 3.858563995863041 3.7418893017975585 3.976618659079132 3.8675087672497956 3.8675087672497956 3.9401027488501636 3.7330730527728044 3.715294895303003 3.768741640443454 3.8766393410359554 3.6975542749607624 3.858563995863041 3.715294895303003 3.7775948223096445 3.7775948223096445 3.679851275526602 3.6005703687441484 3.609417136670968 3.6709278713963025 3.9310854954678334 3.9401027488501636 3.7240926157308536 3.858563995863041 3.858563995863041 3.768741640443454 3.976618659079132 3.9310854954678334 3.8314321765100012 3.8225239117406637 4.34961720950167 4.17077822183587 4.031664040933904 4.087032906984074 4.1800258668376475 4.114928663178128 4.2834243201376205 4.068540840102059 4.04095991813958 4.04095991813958 4.321250461472404 4.04095991813958 4.013279506756297 4.226944395924057 4.245736319763044 4.087032906984074 4.09638298767736 4.435548777559674 4.628723044707949 4.677432327650685 4.726533084856339
3.340000 2.598209301621978 2.773949354294852 3.1336813213896 2.95527993109547 2.8443047815867 3.0357668950244268 2.867842256978591 2.8916208154516734 3.068244346893695 3.1089889111804934 3.199757902151695 3.1583061641901065 3.068244346893695 3.003450744285498 3.5222306692969467 3.5395914360977594 3.5395914360977594 3.224620615797176 3.266470160233948 3.3421943989254994 3.274772857790347 3.4531725219753477 3.308405008172237 3.32528008209297 3.316919059168708 3.478913368272576 3.5308219592547823 3.32528008209297 3.3338139991916433 3.367721434473514 3.5656197122137576 3.2497327220614505 3.2915692445190046 3.5049083193135044 3.410242724324369 3.3761404886397117 3.4531725219753477 3.487624461659719 3.224620615797176 3.487624461659719 3.258015913974275 3.487624461659719 3.3761404886397117 3.4017851508814365 3.3847337923487957 3.7418893017975585 3.912900182995015 3.6269688296878213 3.706333425945615 3.7418893017975585 3.8405254894299046 3.609417136670968 3.9675654368237803 3.7240926157308536 3.7418893017975585 3.9675654368237803 3.849452029292252 3.706333425945615 3.849452029292252 3.8405254894299046 3.6975542749607624 3.976618659079132 3.7240926157308536 3.6181028403300237 3.6356733016454257 3.8314321765100012 3.768741640443454 3.6181028403300237 3.6005703687441484 3.786631899160151 3.885602299887906 3.976618659079132 3.912900182995015 3.6975542749607624 3.9218993832188556 3.9037325359196138 3.679851275526602 3.858563995863041 3.7775948223096445 4.1987302626375635 4.031664040933904 4.013279506756297 4.368632905651625 4.236244017697849 4.217469681706391 4.17077822183587 4.302320178347698 4.217469681706391 4.152126383386034 4.004190501010748 4.17077822183587 4.031664040933904 4.34961720950167 4.077872904589594 4.2834243201376205 4.2834243201376205 4.435548777559674 4.416414317370283 4.5704248550692625 4.45471686346053
3.350000 2.7817903811287406 2.7817903811287406 3.1913838645082113 3.003450744285498 2.883634459153842 3.1748251019000335 2.939304120852559 3.0275955901797973 3.1172619647621516 3.1583061641901065 3.150140654150466 2.95527993109547 3.1172619647621516 3.0195886289076617 3.316919059168708 3.367721434473514 3.41887543958404 3.2330348235664155 3.2079823900123703 3.5222306692969467 3.410242724324369 3.4531725219753477 3.2412984784516516 3.5049083193135044 3.583075966486862 3.4961777259428795 3.5049083193135044 3.258015913974275 3.32528008209297 3.5395914360977594 3.316919059168708 3.5134806146228708 3.3338139991916433 3.5569905434876103 3.2163765290620767 3.3507481470859304 3.5134806146228708 3.5656197122137576 3.2412984784516516 3.300063394777207 3.5222306692969467 3.478913368272576 3.32528008209297 3.5049083193135044 3.5049083193135044 3.885602299887906 3.679851275526602 3.9583425389599913 3.768741640443454 3.7775948223096445 3.609417136670968 3.813449298647461 3.609417136670968 3.8947514340034837 3.804559352137678 3.8405254894299046 3.9310854954678334 3.6532816723590718 3.6709278713963025 3.7775948223096445 3.786631899160151 3.6005703687441484 3.6181028403300237 3.6356733016454257 3.9858598763479023 3.7418893017975585 3.7508886629289946 3.6709278713963025 3.6005703687441484 3.715294895303003 3.6886118167516244 3.7597233992346464 3.949307278152234 3.662185980192619 3.6005703687441484 3.9310854954678334 3.662185980192619 3.7597233992346464 3.706333425945615 4.04095991813958 4.368632905651625 4.114928663178128 4.105560618158931 4.17077822183587 4.189465240303201 4.189465240303201 4.133509829299363 4.292775448258381 4.04095991813958 4.189465240303201 4.087032906984074 4.004190501010748 4.330635659446139 4.1987302626375635 4.17077822183587 4.050084518251851 4.60925774129937 4.795377261468363 4.521973899542435 4.435548777559674
3.360000 2.666281752772024 2.5234842737170373 3.076310974966537 3.1172619647621516 3.1089889111804934 3.0357668950244268 3.1172619647621516 3.1913838645082113 3.092629880406265 3.1172619647621516 2.8916208154516734 3.1172619647621516 3.0437937726389976 3.092629880406265 3.41887543958404 3.427352221294627 3.274772857790347 3.5395914360977594 3.2163765290620767 3.5569905434876103 3.4531725219753477 3.410242724324369 3.274772857790347 3.5744279146298683 3.4445005425392914 3.308405008172237 3.4961777259428795 3.32528008209297 3.2915692445190046 3.5222306692969467 3.591903471894591 3.4445005425392914 3.410242724324369 3.3847337923487957 3.393172123155076 3.367721434473514 3.367721434473514 3.5569905434876103 3.427352221294627 3.3761404886397117 3.308405008172237 3.3338139991916433 3.3338139991916433 3.5656197122137576 3.3761404886397117 3.7597233992346464 3.8766393410359554 3.7418893017975585 3.609417136670968 3.9037325359196138 3.679851275526602 3.609417136670968 3.7775948223096445 3.8225239117406637 3.7418893017975585 3.6181028403300237 3.6445584711110413 3.7508886629289946 3.9401027488501636 3.885602299887906 3.9858598763479023 3.804559352137678 3.849452029292252 3.804559352137678 3.786631899160151 3.7240926157308536 3.949307278152234 3.7775948223096445 3.768741640443454 3.6709278713963025 3.715294895303003 3.912900182995015 3.8225239117406637 3.6269688296878213 3.6181028403300237 3.804559352137678 3.994931013794065 3.949307278152234 3.804559352137678 4.031664040933904 4.35921385541505 4.087032906984074 4.161356600048034 4.050084518251851 4.27389700972598 4.330635659446139 4.226944395924057 4.09638298767736 4.105560618158931 4.013279506756297 4.302320178347698 4.236244017697849 4.1987302626375635 4.368632905651625 4.378246740791886 4.245736319763044 4.493153440002571 4.4067662805426995 4.638372653851022 4.7658803301983514
3.370000 2.7973573730146533 2.742980616656126 3.1172619647621516 2.8600359004679246 3.1666399026804894 3.1336813213896 3.0114377622100448 3.0195886289076617 3.1583061641901065 2.9312558679539493 2.9153413159340302 2.8916208154516734 2.8916208154516734 3.199757902151695 3.3507481470859304 3.2915692445190046 3.591903471894591 3.583075966486862 3.410242724324369 3.274772857790347 3.4531725219753477 3.2079823900123703 3.5744279146298683 3.5744279146298683 3.4445005425392914 3.5569905434876103 3.4017851508814365 3.2832470730245484 3.3421943989254994 3.5049083193135044 3.5222306692969467 3.5308219592547823 3.393172123155076 3.427352221294627 3.478913368272576 3.41887543958404 3.274772857790347 3.3507481470859304 3.3421943989254994 3.5222306692969467 3.3761404886397117 3.308405008172237 3.2330348235664155 3.4445005425392914 3.266470160233948 3.8947514340034837 3.6445584711110413 3.662185980192619 3.8947514340034837 3.7330730527728044 3.8405254894299046 3.715294895303003 3.768741640443454 3.7240926157308536 3.9218993832188556 3.994931013794065 3.6532816723590718 3.8225239117406637 3.6269688296878213 3.7955034845365736 3.7508886629289946 3.6975542749607624 3.9675654368237803 3.7240926157308536 3.7330730527728044 3.715294895303003 3.9401027488501636 3.6886118167516244 3.994931013794065 3.6886118167516244 3.706333425945615 3.8947514340034837 3.885602299887906 3.7955034845365736 3.858563995863041 3.8947514340034837 3.9858598763479023 3.849452029292252 3.7240926157308536 4.133509829299363 4.004190501010748 4.189465240303201 4.087032906984074 4.1800258668376475 4.04095991813958 4.1987302626375635 4.236244017697849 4.105560618158931 4.152126383386034 4.022557214122902 4.34961720950167 4.142722567221125 4.050084518251851 4.031664040933904 4.04095991813958 4.09638298767736 4.60925774129937 4.493153440002571 4.416414317370283 4.483437720084692
3.380000 2.553248929158992 2.7275581271899076 2.9074745108151703 3.0275955901797973 3.0195886289076617 3.1336813213896 3.1172619647621516 3.1089889111804934 2.9074745108151703 2.828614621459107 3.003450744285498 3.1913838645082113 2.9792433916584864 3.1913838645082113 3.258015913974275 3.5134806146228708 3.591903471894591 3.2915692445190046 3.2412984784516516 3.5744279146298683 3.41887543958404 3.427352221294627 3.359147890730457 3.4531725219753477 3.2915692445190046 3.300063394777207 3.367721434473514 3.4616876158961567 3.478913368272576 3.5222306692969467 3.410242724324369 3.427352221294627 3.4961777259428795 3.2330348235664155 3.4445005425392914 3.410242724324369 3.5395914360977594 3.274772857790347 3.367721434473514 3.4445005425392914 3.3761404886397117 3.5134806146228708 3.4703791711716385 3.5395914360977594 3.393172123155076 3.7508886629289946 3.7418893017975585 3.679851275526602 3.706333425945615 3.679851275526602 3.9675654368237803 3.885602299887906 3.7330730527728044 3.7418893017975585 3.6356733016454257 3.609417136670968 3.7597233992346464 3.6181028403300237 3.849452029292252 3.7775948223096445 3.6975542749607624 3.6356733016454257 3.6005703687441484 3.6886118167516244 3.8675087672497956 3.9037325359196138 3.9401027488501636 3.7955034845365736 3.7330730527728044 3.8405254894299046 3.7240926157308536 3.6445584711110413 3.7240926157308536 3.9858598763479023 3.7775948223096445 3.6269688296878213 3.7597233992346464 3.609417136670968 3.679851275526602 4.087032906984074 4.105560618158931 4.09638298767736 4.217469681706391 4.004190501010748 4.142722567221125 4.114928663178128 4.1987302626375635 4.09638298767736 4.068540840102059 4.068540840102059 4.302320178347698 4.1800258668376475 4.124123872267262 4.09638298767736 4.1800258668376475 4.189465240303201 4.4739184571649115 4.435548777559674 4.61889126864975 4.657886382739784
3.390000 2.7275581271899076 2.750779898693886 2.89946749583966 3.0437937726389976 2.963206958809479 3.0195886289076617 3.199757902151695 3.1583061641901065 2.9312558679539493 3.1583061641901065 2.947211099811094 3.1172619647621516 2.9712963409361106 3.199757902151695 3.5049083193135044 3.316919059168708 3.41887543958404 3.4703791711716385 3.591903471894591 3.487624461659719 3.5395914360977594 3.2915692445190046 3.2915692445190046 3.4703791711716385 3.4616876158961567 3.4360045872801006 3.300063394777207 3.4445005425392914 3.5744279146298683 3.5744279146298683 3.591903471894591 3.308405008172237 3.4703791711716385 3.5656197122137576 3.478913368272576 3.591903471894591 3.5656197122137576 3.4017851508814365 3.3507481470859304 3.5049083193135044 3.4703791711716385 3.4531725219753477 3.274772857790347 3.4017851508814365 3.2330348235664155 3.858563995863041 3.849452029292252 3.7597233992346464 3.885602299887906 3.849452029292252 3.8314321765100012 3.6005703687441484 3.679851275526602 3.6532816723590718 3.7597233992346464 3.6445584711110413 3.976618659079132 3.715294895303003 3.813449298647461 3.6181028403300237 3.609417136670968 3.6181028403300237 3.6356733016454257 3.8314321765100012 3.6886118167516244 3.9858598763479023 3.706333425945615 3.813449298647461 3.9401027488501636 3.8405254894299046 3.6975542749607624 3.8766393410359554 3.8766393410359554 3.7597233992346464 3.9401027488501636 3.6975542749607624 3.7955034845365736 3.912900182995015 3.8225239117406637 4.013279506756297 4.124123872267262 4.245736319763044 4.17077822183587 4.004190501010748 4.013279506756297 4.09638298767736 4.004190501010748 4.068540840102059 4.34021505789757 4.068540840102059 4.152126383386034 4.226944395924057 4.1987302626375635 4.059398514738147 4.124123872267262 4.022557214122902 4.445034863749972 4.716620349901103 4.531723093439896 4.45471686346053
3.400000 2.553248929158992 2.7973573730146533 3.1336813213896 2.8916208154516734 3.141827112759656 3.068244346893695 2.939304120852559 3.003450744285498 3.1336813213896 3.092629880406265 2.9712963409361106 3.150140654150466 2.923368963259543 2.883634459153842 3.4531725219753477 3.4017851508814365 3.3421943989254994 3.3847337923487957 3.393172123155076 3.5395914360977594 3.5395914360977594 3.41887543958404 3.5395914360977594 3.2330348235664155 3.4531725219753477 3.5482016839953343 3.427352221294627 3.4616876158961567 3.3421943989254994 3.274772857790347 3.478913368272576 3.478913368272576 3.359147890730457 3.5134806146228708 3.410242724324369 3.393172123155076 3.3847337923487957 3.3507481470859304 3.2330348235664155 3.410242724324369 3.5308219592547823 3.5744279146298683 3.4360045872801006 3.258015913974275 3.5482016839953343 3.7240926157308536 3.7775948223096445 3.7418893017975585 3.6269688296878213 3.813449298647461 3.6709278713963025 3.7240926157308536 3.679851275526602 3.976618659079132 3.609417136670968 3.662185980192619 3.6356733016454257 3.804559352137678 3.8225239117406637 3.949307278152234 3.885602299887906 3.9310854954678334 3.6356733016454257 3.7597233992346464 3.7955034845365736 3.6532816723590718 3.6975542749607624 3.6975542749607624 3.813449298647461 3.7330730527728044 3.768741640443454 3.976618659079132 3.6886118167516244 3.9858598763479023 3.8225239117406637 3.768741640443454 3.6886118167516244 3.7955034845365736 3.6181028403300237 4.04095991813958 4.059398514738147 4.013279506756297 4.09638298767736 4.2834243201376205 4.378246740791886 4.04095991813958 4.013279506756297 4.2834243201376205 4.152126383386034 4.133509829299363 4.387682634199195 4.27389700972598 4.236244017697849 4.087032906984074 4.04095991813958 4.1987302626375635 4.4258837292217255 4.445034863749972 4.493153440002571 4.464219566817621
3.410000 2.5906201187502864 2.7894955100188352 3.1172619647621516 2.95527993109547 3.1336813213896 3.0275955901797973 3.0114377622100448 2.9074745108151703 3.1253880083974157 2.947211099811094 3.1089889111804934 3.100882644135794 3.0600322532138695 3.084543418727391 3.5395914360977594 3.410242724324369 3.487624461659719 3.5134806146228708 3.583075966486862 3.5308219592547823 3.3847337923487957 3.3761404886397117 3.5134806146228708 3.583075966486862 3.5395914360977594 3.258015913974275 3.4531725219753477 3.367721434473514 3.2079823900123703 3.3761404886397117 3.367721434473514 3.5134806146228708 3.4703791711716385 3.4017851508814365 3.591903471894591 3.583075966486862 3.4616876158961567 3.2497327220614505 3.316919059168708 3.4961777259428795 3.5744279146298683 3.4017851508814365 3.5134806146228708 3.5656197122137576 3.5482016839953343 3.7418893017975585 3.6181028403300237 3.715294895303003 3.609417136670968 3.849452029292252 3.8225239117406637 3.706333425945615 3.8675087672497956 3.786631899160151 3.6886118167516244 3.6886118167516244 3.6532816723590718 3.6005703687441484 3.662185980192619 3.786631899160151 3.768741640443454 3.976618659079132 3.9310854954678334 3.7775948223096445 3.706333425945615 3.7418893017975585 3.7330730527728044 3.6709278713963025 3.949307278152234 3.662185980192619 3.7508886629289946 3.994931013794065 3.6445584711110413 3.976618659079132 3.6886118167516244 3.858563995863041 3.8314321765100012 3.6886118167516244 3.6445584711110413 4.302320178347698 4.013279506756297 4.114928663178128 4.17077822183587 4.022557214122902 4.050084518251851 4.1987302626375635 4.013279506756297 4.022557214122902 4.059398514738147 4.059398514738147 4.142722567221125 4.1987302626375635 4.217469681706391 4.368632905651625 4.152126383386034 4.208187333724751 4.502689204348403 4.502689204348403 4.755935679775094 4.628723044707949
3.420000 2.7275581271899076 2.6358923316510894 2.883634459153842 3.1336813213896 3.003450744285498 3.1913838645082113 2.95527993109547 2.9153413159340302 2.9792433916584864 2.8363805576478125 3.068244346893695 3.183179005903807 2.89946749583966 2.947211099811094 3.3338139991916433 3.5395914360977594 3.5049083193135044 3.393172123155076 3.2163765290620767 3.5482016839953343 3.5049083193135044 3.5656197122137576 3.2497327220614505 3.266470160233948 3.583075966486862 3.4961777259428795 3.367721434473514 3.4017851508814365 3.4445005425392914 3.5134806146228708 3.266470160233948 3.300063394777207 3.5049083193135044 3.410242724324369 3.308405008172237 3.5569905434876103 3.224620615797176 3.4616876158961567 3.487624461659719 3.3761404886397117 3.41887543958404 3.4360045872801006 3.308405008172237 3.5569905434876103 3.3847337923487957 3.9218993832188556 3.9675654368237803 3.9218993832188556 3.7775948223096445 3.6269688296878213 3.804559352137678 3.8225239117406637 3.9310854954678334 3.912900182995015 3.8314321765100012 3.6356733016454257 3.8766393410359554 3.949307278152234 3.6269688296878213 3.8766393410359554 3.7418893017975585 3.6356733016454257 3.8675087672497956 3.8766393410359554 3.609417136670968 3.6269688296878213 3.8225239117406637 3.804559352137678 3.858563995863041 3.9583425389599913 3.7955034845365736 3.7240926157308536 3.994931013794065 3.6005703687441484 3.9218993832188556 3.976618659079132 3.976618659079132 3.715294895303003 3.912900182995015 4.004190501010748 4.124123872267262 4.330635659446139 4.013279506756297 4.133509829299363 4.378246740791886 4.161356600048034 4.133509829299363 4.264562997420372 4.004190501010748 4.087032906984074 4.031664040933904 4.031664040933904 4.152126383386034 4.217469681706391 4.050084518251851 4.09638298767736 4.541291684561032 4.736262166944972 4.648220753516788 4.445034863749972
3.430000 2.689254230838056 2.7275581271899076 3.1748251019000335 3.068244346893695 3.1666399026804894 3.0114377622100448 3.0600322532138695 3.092629880406265 3.141827112759656 2.939304120852559 3.0275955901797973 3.0437937726389976 3.076310974966537 3.1666399026804894 3.4616876158961567 3.5308219592547823 3.5569905434876103 3.591903471894591 3.2412984784516516 3.5049083193135044 3.2330348235664155 3.3761404886397117 3.5569905434876103 3.410242724324369 3.583075966486862 3.3421943989254994 3.3421943989254994 3.316919059168708 3.2412984784516516 3.359147890730457 3.4017851508814365 3.591903471894591 3.4616876158961567 3.316919059168708 3.2497327220614505 3.224620615797176 3.5308219592547823 3.2412984784516516 3.4616876158961567 3.266470160233948 3.5656197122137576 3.5049083193135044 3.367721434473514 3.591903471894591 3.5569905434876103 3.6975542749607624 3.804559352137678 3.7775948223096445 3.6181028403300237 3.715294895303003 3.7508886629289946 3.6005703687441484 3.662185980192619 3.6975542749607624 3.609417136670968 3.7775948223096445 3.6532816723590718 3.6709278713963025 3.6005703687441484 3.7955034845365736 3.706333425945615 3.994931013794065 3.609417136670968 3.9218993832188556 3.7418893017975585 3.9858598763479023 3.9310854954678334 3.7240926157308536 3.849452029292252 3.609417136670968 3.9218993832188556 3.9037325359196138 3.609417136670968 3.885602299887906 3.6975542749607624 3.9583425389599913 3.9310854954678334 3.8225239117406637 3.8314321765100012 4.022557214122902 4.236244017697849 4.217469681706391 4.124123872267262 4.04095991813958 4.17077822183587 4.302320178347698 4.17077822183587 4.311688368423777 4.245736319763044 4.34961720950167 4.04095991813958 4.142722567221125 4.04095991813958 4.059398514738147 4.217469681706391 4.013279506756297 4.483437720084692 4.589824969666061 4.5704248550692625 4.4067662805426995
3.440000 2.758444374347024 2.7894955100188352 3.199757902151695 3.199757902151695 3.1336813213896 3.0275955901797973 3.068244346893695 3.003450744285498 2.875807928460546 3.183179005903807 3.1172619647621516 2.875807928460546 3.141827112759656 2.923368963259543 3.5308219592547823 3.487624461659719 3.5482016839953343 3.266470160233948 3.487624461659719 3.300063394777207 3.3338139991916433 3.41887543958404 3.2163765290620767 3.316919059168708 3.5308219592547823 3.583075966486862 3.3761404886397117 3.266470160233948 3.359147890730457 3.4445005425392914 3.591903471894591 3.5308219592547823 3.2915692445190046 3.5049083193135044 3.393172123155076 3.359147890730457 3.2832470730245484 3.393172123155076 3.5656197122137576 3.3847337923487957 3.266470160233948 3.487624461659719 3.583075966486862 3.2915692445190046 3.4616876158961567 3.679851275526602 3.7597233992346464 3.7955034845365736 3.6975542749607624 3.9218993832188556 3.768741640443454 3.7597233992346464 3.858563995863041 3.7955034845365736 3.7775948223096445 3.609417136670968 3.6269688296878213 3.912900182995015 3.9037325359196138 3.7597233992346464 3.849452029292252 3.6709278713963025 3.715294895303003 3.885602299887906 3.8675087672497956 3.9858598763479023 3.6709278713963025 3.8766393410359554 3.9310854954678334 3.6269688296878213 3.885602299887906 3.9675654368237803 3.813449298647461 3.6269688296878213 3.8405254894299046 3.9218993832188556 3.6005703687441484 3.9858598763479023 3.7330730527728044 4.077872904589594 4.004190501010748 4.114928663178128 4.1800258668376475 4.087032906984074 4.031664040933904 4.013279506756297 4.105560618158931 4.245736319763044 4.04095991813958 4.311688368423777 4.133509829299363 4.022557214122902 4.292775448258381 4.1987302626375635 4.013279506756297 4.077872904589594 4.589824969666061 4.795377261468363 4.4067662805426995 4.4067662805426995
3.450000 2.7662645407768167 2.6056692116350813 3.0275955901797973 3.100882644135794 3.1748251019000335 3.084543418727391 3.1253880083974157 2.95527993109547 2.9873532967155483 3.199757902151695 3.1172619647621516 3.068244346893695 3.1583061641901065 2.828614621459107 3.274772857790347 3.359147890730457 3.5744279146298683 3.3421943989254994 3.393172123155076 3.308405008172237 3.410242724324369 3.5395914360977594 3.41887543958404 3.583075966486862 3.367721434473514 3.3507481470859304 3.583075966486862 3.487624461659719 3.5569905434876103 3.3761404886397117 3.410242724324369 3.5222306692969467 3.5395914360977594 3.5134806146228708 3.410242724324369 3.5308219592547823 3.2915692445190046 3.4703791711716385 3.4961777259428795 3.5656197122137576 3.5134806146228708 3.266470160233948 3.427352221294627 3.5395914360977594 3.359147890730457 3.849452029292252 3.6975542749607624 3.6532816723590718 3.6445584711110413 3.6532816723590718 3.8225239117406637 3.8947514340034837 3.9037325359196138 3.6975542749607624 3.849452029292252 3.7418893017975585 3.858563995863041 3.8405254894299046 3.849452029292252 3.7330730527728044 3.858563995863041 3.7418893017975585 3.609417136670968 3.912900182995015 3.706333425945615 3.7597233992346464 3.6269688296878213 3.885602299887906 3.786631899160151 3.6269688296878213 3.9583425389599913 3.8947514340034837 3.786631899160151 3.768741640443454 3.8675087672497956 3.6005703687441484 3.976618659079132 3.7240926157308536 3.9037325359196138 4.133509829299363 4.133509829299363 4.004190501010748 4.09638298767736 4.114928663178128 4.226944395924057 4.133509829299363 4.189465240303201 4.087032906984074 4.031664040933904 4.087032906984074 4.161356600048034 4.013279506756297 4.114928663178128 4.311688368423777 4.013279506756297 4.152126383386034 4.560642437348045 4.464219566817621 4.521973899542435 4.512421692304587
3.460000 2.6358923316510894 2.758444374347024 3.1089889111804934 2.9873532967155483 3.1748251019000335 3.1583061641901065 2.9153413159340302 3.1913838645082113 3.183179005903807 3.1583061641901065 3.1172619647621516 3.199757902151695 3.068244346893695 3.150140654150466 3.591903471894591 3.393172123155076 3.5222306692969467 3.5049083193135044 3.5569905434876103 3.5222306692969467 3.5482016839953343 3.5569905434876103 3.5222306692969467 3.4445005425392914 3.5482016839953343 3.5049083193135044 3.258015913974275 3.5656197122137576 3.5222306692969467 3.2079823900123703 3.300063394777207 3.316919059168708 3.5656197122137576 3.2832470730245484 3.2915692445190046 3.224620615797176 3.487624461659719 3.410242724324369 3.4445005425392914 3.4531725219753477 3.5744279146298683 3.4531725219753477 3.487624461659719 3.3761404886397117 3.4531725219753477 3.9583425389599913 3.9583425389599913 3.6005703687441484 3.679851275526602 3.8225239117406637 3.7775948223096445 3.7418893017975585 3.6269688296878213 3.7418893017975585 3.6269688296878213 3.9401027488501636 3.662185980192619 3.7418893017975585 3.858563995863041 3.6181028403300237 3.9310854954678334 3.7775948223096445 3.8675087672497956 3.8314321765100012 3.6356733016454257 3.706333425945615 3.679851275526602 3.7240926157308536 3.7418893017975585 3.706333425945615 3.8947514340034837 3.6532816723590718 3.813449298647461 3.6181028403300237 3.6005703687441484 3.662185980192619 3.994931013794065 3.7240926157308536 3.8225239117406637 4.292775448258381 4.059398514738147 4.013279506756297 4.124123872267262 4.330635659446139 4.208187333724751 4.236244017697849 4.217469681706391 4.236244017697849 4.34021505789757 4.059398514738147 4.226944395924057 4.2834243201376205 4.031664040933904 4.226944395924057 4.142722567221125 4.35921385541505 4.493153440002571 4.502689204348403 4.435548777559674 4.531723093439896
3.470000 2.704573622330376 2.5681939743236386 3.1089889111804934 3.092629880406265 3.0275955901797973 2.9792433916584864 2.9873532967155483 2.95527993109547 2.9074745108151703 3.0600322532138695 3.1583061641901065 2.9074745108151703 2.8600359004679246 3.068244346893695 3.4445005425392914 3.4360045872801006 3.3761404886397117 3.300063394777207 3.3421943989254994 3.5222306692969467 3.4445005425392914 3.5744279146298683 3.3761404886397117 3.4961777259428795 3.591903471894591 3.3421943989254994 3.316919059168708 3.4616876158961567 3.3507481470859304 3.2079823900123703 3.4531725219753477 3.3847337923487957 3.2915692445190046 3.2330348235664155 3.2915692445190046 3.5482016839953343 3.5569905434876103 3.3507481470859304 3.266470160233948 3.4017851508814365 3.5656197122137576 3.4703791711716385 3.3338139991916433 3.478913368272576 3.478913368272576 3.885602299887906 3.6445584711110413 3.813449298647461 3.662185980192619 3.7418893017975585 3.8675087672497956 3.7418893017975585 3.9858598763479023 3.6445584711110413 3.7955034845365736 3.7508886629289946 3.9218993832188556 3.949307278152234 3.9675654368237803 3.7508886629289946 3.6975542749607624 3.885602299887906 3.9858598763479023 3.804559352137678 3.9401027488501636 3.912900182995015 3.6975542749607624 3.706333425945615 3.6532816723590718 3.6356733016454257 3.6445584711110413 3.885602299887906 3.6005703687441484 3.7597233992346464 3.6886118167516244 3.8405254894299046 3.679851275526602 3.8405254894299046 3.7240926157308536 4.133509829299363 4.087032906984074 4.17077822183587 4.1987302626375635 4.114928663178128 4.1987302626375635 4.264562997420372 4.087032906984074 4.068540840102059 4.34021505789757 4.321250461472404 4.35921385541505 4.022557214122902 4.397313599800975 4.059398514738147 4.27389700972598 4.34961720950167 4.4739184571649115 4.445034863749972 4.687312877728655 4.445034863749972
3.480000 2.598209301621978 2.5383456825436705 3.183179005903807 3.150140654150466 2.8207111595260184 2.963206958809479 3.076310974966537 3.141827112759656 3.1583061641901065 3.092629880406265 3.0195886289076617 2.9712963409361106 3.0437937726389976 3.084543418727391 3.2412984784516516 3.3421943989254994 3.41887543958404 3.5656197122137576 3.4531725219753477 3.359147890730457 3.5049083193135044 3.4017851508814365 3.32528008209297 3.4961777259428795 3.583075966486862 3.32528008209297 3.5569905434876103 3.224620615797176 3.591903471894591 3.3507481470859304 3.367721434473514 3.427352221294627 3.32528008209297 3.3421943989254994 3.5308219592547823 3.5569905434876103 3.2163765290620767 3.5395914360977594 3.41887543958404 3.410242724324369 3.258015913974275 3.5395914360977594 3.2163765290620767 3.5395914360977594 3.4017851508814365 3.9583425389599913 3.7508886629289946 3.706333425945615 3.912900182995015 3.6181028403300237 3.8225239117406637 3.8947514340034837 3.609417136670968 3.976618659079132 3.768741640443454 3.6532816723590718 3.7775948223096445 3.609417136670968 3.9858598763479023 3.7597233992346464 3.7597233992346464 3.8675087672497956 3.8405254894299046 3.976618659079132 3.912900182995015 3.662185980192619 3.912900182995015 3.949307278152234 3.715294895303003 3.849452029292252 3.813449298647461 3.679851275526602 3.6886118167516244 3.6356733016454257 3.715294895303003 3.7955034845365736 3.6356733016454257 3.858563995863041 3.813449298647461 4.27389700972598 4.368632905651625 4.105560618158931 4.321250461472404 4.09638298767736 4.059398514738147 4.105560618158931 4.105560618158931 4.114928663178128 4.09638298767736 4.004190501010748 4.2550531631440744 4.142722567221125 4.133509829299363 4.022557214122902 4.004190501010748 4.1987302626375635 4.493153440002571 4.61889126864975 4.648220753516788 4.512421692304587
3.490000 2.689254230838056 2.7353365011881885 3.1089889111804934 2.9712963409361106 2.9074745108151703 2.9312558679539493 3.1336813213896 3.100882644135794 3.0437937726389976 3.1748251019000335 3.183179005903807 2.8916208154516734 2.8600359004679246 2.9074745108151703 3.4703791711716385 3.5395914360977594 3.591903471894591 3.583075966486862 3.300063394777207 3.4531725219753477 3.5656197122137576 3.308405008172237 3.5049083193135044 3.2915692445190046 3.5222306692969467 3.2915692445190046 3.2163765290620767 3.266470160233948 3.5569905434876103 3.2915692445190046 3.478913368272576 3.3421943989254994 3.5222306692969467 3.4017851508814365 3.5569905434876103 3.308405008172237 3.2915692445190046 3.316919059168708 3.5134806146228708 3.5482016839953343 3.583075966486862 3.478913368272576 3.316919059168708 3.4017851508814365 3.591903471894591 3.885602299887906 3.9583425389599913 3.7240926157308536 3.768741640443454 3.7597233992346464 3.7775948223096445 3.7775948223096445 3.6886118167516244 3.768741640443454 3.662185980192619 3.813449298647461 3.976618659079132 3.8314321765100012 3.6269688296878213 3.715294895303003 3.768741640443454 3.8766393410359554 3.9401027488501636 3.9310854954678334 3.949307278152234 3.858563995863041 3.813449298647461 3.7597233992346464 3.6445584711110413 3.7330730527728044 3.8675087672497956 3.679851275526602 3.6445584711110413 3.8225239117406637 3.8314321765100012 3.849452029292252 3.7597233992346464 3.679851275526602 3.8766393410359554 4.004190501010748 4.321250461472404 4.133509829299363 4.17077822183587 4.022557214122902 4.004190501010748 4.311688368423777 4.1800258668376475 4.077872904589594 4.022557214122902 4.142722567221125 4.124123872267262 4.105560618158931 4.27389700972598 4.004190501010748 4.022557214122902 4.2550531631440744 4.638372653851022 4.493153440002571 4.483437720084692 4.493153440002571
3.500000 2.6056692116350813 2.6358923316510894 3.084543418727391 3.1336813213896 2.8050827943071095 2.9873532967155483 3.092629880406265 3.1253880083974157 3.1666399026804894 3.1913838645082113 3.1253880083974157 3.141827112759656 2.8207111595260184 3.1336813213896 3.3421943989254994 3.5656197122137576 3.2163765290620767 3.487624461659719 3.316919059168708 3.3421943989254994 3.367721434473514 3.5049083193135044 3.4616876158961567 3.393172123155076 3.5222306692969467 3.367721434473514 3.359147890730457 3.300063394777207 3.4360045872801006 3.2163765290620767 3.274772857790347 3.5049083193135044 3.4531725219753477 3.4961777259428795 3.4017851508814365 3.4531725219753477 3.3338139991916433 3.427352221294627 3.427352221294627 3.3507481470859304 3.393172123155076 3.41887543958404 3.4017851508814365 3.5569905434876103 3.5656197122137576 3.679851275526602 3.7955034845365736 3.7418893017975585 3.6269688296878213 3.8675087672497956 3.813449298647461 3.6005703687441484 3.609417136670968 3.786631899160151 3.9583425389599913 3.976618659079132 3.9675654368237803 3.849452029292252 3.7330730527728044 3.8405254894299046 3.8225239117406637 3.8314321765100012 3.7508886629289946 3.8766393410359554 3.8947514340034837 3.813449298647461 3.609417136670968 3.804559352137678 3.7240926157308536 3.609417136670968 3.7775948223096445 3.8405254894299046 3.6886118167516244 3.8947514340034837 3.9218993832188556 3.786631899160151 3.7240926157308536 3.949307278152234 3.7240926157308536 4.04095991813958 4.236244017697849 4.013279506756297 4.264562997420372 4.264562997420372 4.013279506756297 4.087032906984074 4.04095991813958 4.245736319763044 4.04095991813958 4.302320178347698 4.1800258668376475 4.022557214122902 4.004190501010748 4.142722567221125 4.330635659446139 4.09638298767736 4.706907035824327 4.493153440002571 4.4258837292217255 4.7658803301983514
3.510000 2.7894955100188352 2.773949354294852 3.1583061641901065 3.051985486538066 3.092629880406265 3.076310974966537 3.076310974966537 3.100882644135794 2.939304120852559 2.947211099811094 3.141827112759656 3.1336813213896 3.1666399026804894 3.1336813213896 3.5134806146228708 3.41887543958404 3.5482016839953343 3.5222306692969467 3.316919059168708 3.3507481470859304 3.316919059168708 3.4703791711716385 3.583075966486862 3.4531725219753477 3.224620615797176 3.3421943989254994 3.393172123155076 3.5134806146228708 3.224620615797176 3.266470160233948 3.224620615797176 3.583075966486862 3.32528008209297 3.5656197122137576 3.224620615797176 3.316919059168708 3.316919059168708 3.4360045872801006 3.3338139991916433 3.5744279146298683 3.3338139991916433 3.478913368272576 3.2915692445190046 3.487624461659719 3.359147890730457 3.715294895303003 3.9858598763479023 3.6269688296878213 3.858563995863041 3.7240926157308536 3.786631899160151 3.715294895303003 3.849452029292252 3.9218993832188556 3.813449298647461 3.706333425945615 3.9218993832188556 3.6975542749607624 3.706333425945615 3.6886118167516244 3.6181028403300237 3.706333425945615 3.7240926157308536 3.6269688296878213 3.8675087672497956 3.6269688296878213 3.9037325359196138 3.9218993832188556 3.994931013794065 3.6709278713963025 3.9037325359196138 3.7597233992346464 3.706333425945615 3.6445584711110413 3.6975542749607624 3.8675087672497956 3.9675654368237803 3.9310854954678334 3.8225239117406637 4.105560618158931 4.330635659446139 4.013279506756297 4.34961720950167 4.022557214122902 4.124123872267262 4.142722567221125 4.114928663178128 4.004190501010748 4.133509829299363 4.077872904589594 4.189465240303201 4.031664040933904 4.133509829299363 4.133509829299363 4.17077822183587 4.161356600048034 4.502689204348403 4.464219566817621 4.4258837292217255 4.628723044707949
3.520000 2.7894955100188352 2.6587397644483315 3.076310974966537 2.812965469114768 3.1336813213896 3.183179005903807 2.8520909398927943 2.947211099811094 3.1583061641901065 3.1583061641901065 3.183179005903807 3.1336813213896 2.923368963259543 3.1253880083974157 3.4445005425392914 3.5222306692969467 3.478913368272576 3.367721434473514 3.5569905434876103 3.3421943989254994 3.3338139991916433 3.300063394777207 3.3847337923487957 3.266470160233948 3.591903471894591 3.4961777259428795 3.2163765290620767 3.2079823900123703 3.3847337923487957 3.5222306692969467 3.5482016839953343 3.367721434473514 3.2163765290620767 3.4017851508814365 3.4360045872801006 3.2915692445190046 3.4017851508814365 3.4360045872801006 3.224620615797176 3.258015913974275 3.5222306692969467 3.2412984784516516 3.2330348235664155 3.4017851508814365 3.4445005425392914 3.786631899160151 3.7508886629289946 3.8675087672497956 3.7775948223096445 3.7418893017975585 3.994931013794065 3.6005703687441484 3.9218993832188556 3.768741640443454 3.6709278713963025 3.6886118167516244 3.7955034845365736 3.8225239117406637 3.6532816723590718 3.6709278713963025 3.9675654368237803 3.949307278152234 3.849452029292252 3.662185980192619 3.679851275526602 3.6269688296878213 3.6709278713963025 3.706333425945615 3.6975542749607624 3.768741640443454 3.7597233992346464 3.8766393410359554 3.6269688296878213 3.662185980192619 3.6886118167516244 3.6886118167516244 3.768741640443454 3.813449298647461 3.679851275526602 4.1800258668376475 4.133509829299363 4.04095991813958 4.264562997420372 4.04095991813958 4.311688368423777 4.09638298767736 4.2550531631440744 4.124123872267262 4.17077822183587 4.34021505789757 4.245736319763044 4.09638298767736 4.031664040933904 4.004190501010748 4.152126383386034 4.022557214122902 4.4739184571649115 4.795377261468363 4.445034863749972 4.667750740597353
3.530000 2.4498061310288275 2.7662645407768167 3.084543418727391 3.141827112759656 2.947211099811094 3.084543418727391 3.0437937726389976 2.9153413159340302 2.947211099811094 2.923368963259543 2.923368963259543 3.003450744285498 3.199757902151695 3.1666399026804894 3.300063394777207 3.4531725219753477 3.4017851508814365 3.427352221294627 3.3338139991916433 3.300063394777207 3.367721434473514 3.3421943989254994 3.224620615797176 3.3338139991916433 3.4017851508814365 3.3421943989254994 3.4445005425392914 3.5656197122137576 3.308405008172237 3.2412984784516516 3.316919059168708 3.41887543958404 3.5482016839953343 3.487624461659719 3.4531725219753477 3.5134806146228708 3.2163765290620767 3.5222306692969467 3.224620615797176 3.487624461659719 3.32528008209297 3.5222306692969467 3.5656197122137576 3.300063394777207 3.2412984784516516 3.768741640443454 3.7955034845365736 3.7508886629289946 3.9858598763479023 3.7775948223096445 3.994931013794065 3.609417136670968 3.813449298647461 3.7240926157308536 3.6445584711110413 3.7955034845365736 3.6356733016454257 3.6181028403300237 3.768741640443454 3.786631899160151 3.8675087672497956 3.6356733016454257 3.6532816723590718 3.8675087672497956 3.8405254894299046 3.849452029292252 3.6709278713963025 3.662185980192619 3.8675087672497956 3.6886118167516244 3.706333425945615 3.7240926157308536 3.9401027488501636 3.9218993832188556 3.6356733016454257 3.7955034845365736 3.706333425945615 3.8225239117406637 3.7775948223096445 4.04095991813958 4.022557214122902 4.2550531631440744 4.022557214122902 4.105560618158931 4.133509829299363 4.087032906984074 4.17077822183587 4.004190501010748 4.004190501010748 4.330635659446139 4.004190501010748 4.1800258668376475 4.077872904589594 4.068540840102059 4.087032906984074 4.013279506756297 4.493153440002571 4.5994423537970714 4.521973899542435 4.5510575218429565
3.540000 2.493887123373745 2.773949354294852 2.875807928460546 3.0275955901797973 3.1913838645082113 2.939304120852559 2.9873532967155483 3.068244346893695 3.1748251019000335 2.923368963259543 2.9312558679539493 3.1253880083974157 3.0600322532138695 3.1172619647621516 3.410242724324369 3.478913368272576 3.5656197122137576 3.410242724324369 3.3847337923487957 3.5134806146228708 3.2412984784516516 3.41887543958404 3.4703791711716385 3.410242724324369 3.487624461659719 3.367721434473514 3.5049083193135044 3.41887543958404 3.32528008209297 3.5049083193135044 3.583075966486862 3.316919059168708 3.3507481470859304 3.2832470730245484 3.3847337923487957 3.478913368272576 3.32528008209297 3.4703791711716385 3.5482016839953343 3.5308219592547823 3.583075966486862 3.359147890730457 3.4445005425392914 3.393172123155076 3.5569905434876103 3.976618659079132 3.706333425945615 3.6709278713963025 3.6975542749607624 3.949307278152234 3.6886118167516244 3.6181028403300237 3.6709278713963025 3.7775948223096445 3.8225239117406637 3.858563995863041 3.813449298647461 3.7330730527728044 3.9037325359196138 3.813449298647461 3.912900182995015 3.9218993832188556 3.679851275526602 3.662185980192619 3.9858598763479023 3.6181028403300237 3.7330730527728044 3.7418893017975585 3.8766393410359554 3.8314321765100012 3.6709278713963025 3.6005703687441484 3.6181028403300237 3.679851275526602 3.8314321765100012 3.8947514340034837 3.8947514340034837 3.8225239117406637 3.949307278152234 4.142722567221125 4.34021505789757 4.068540840102059 4.105560618158931 4.133509829299363 4.022557214122902 4.013279506756297 4.068540840102059 4.077872904589594 4.114928663178128 4.208187333724751 4.34021505789757 4.077872904589594 4.2550531631440744 4.152126383386034 4.236244017697849 4.217469681706391 4.483437720084692 4.521973899542435 4.512421692304587 4.4739184571649115
3.550000 2.4570594880003367 2.7353365011881885 2.8600359004679246 2.883634459153842 2.9873532967155483 3.0437937726389976 3.100882644135794 3.1748251019000335 3.0114377622100448 2.812965469114768 3.150140654150466 2.95527993109547 2.9792433916584864 3.068244346893695 3.5222306692969467 3.5049083193135044 3.2497327220614505 3.478913368272576 3.4017851508814365 3.427352221294627 3.2330348235664155 3.3338139991916433 3.300063394777207 3.583075966486862 3.5308219592547823 3.274772857790347 3.4445005425392914 3.2832470730245484 3.3338139991916433 3.367721434473514 3.4703791711716385 3.41887543958404 3.3421943989254994 3.3847337923487957 3.367721434473514 3.5308219592547823 3.3421943989254994 3.359147890730457 3.4360045872801006 3.4531725219753477 3.5656197122137576 3.487624461659719 3.4531725219753477 3.32528008209297 3.224620615797176 3.976618659079132 3.8766393410359554 3.912900182995015 3.8314321765100012 3.8947514340034837 3.7330730527728044 3.813449298647461 3.768741640443454 3.8314321765100012 3.7955034845365736 3.7330730527728044 3.6975542749607624 3.9218993832188556 3.9310854954678334 3.9037325359196138 3.6445584711110413 3.6886118167516244 3.7240926157308536 3.715294895303003 3.949307278152234 3.849452029292252 3.994931013794065 3.6532816723590718 3.662185980192619 3.9218993832188556 3.6445584711110413 3.9858598763479023 3.7597233992346464 3.7955034845365736 3.949307278152234 3.6709278713963025 3.6181028403300237 3.7955034845365736 3.9218993832188556 4.35921385541505 4.311688368423777 4.04095991813958 4.087032906984074 4.330635659446139 4.114928663178128 4.236244017697849 4.152126383386034 4.321250461472404 4.077872904589594 4.2550531631440744 4.152126383386034 4.050084518251851 4.245736319763044 4.397313599800975 4.292775448258381 4.292775448258381 4.416414317370283 4.416414317370283 4.4067662805426995 4.416414317370283
3.560000 2.689254230838056 2.6510662756753334 3.150140654150466 2.9873532967155483 3.1089889111804934 2.8916208154516734 3.1336813213896 3.003450744285498 3.1253880083974157 3.100882644135794 3.1253880083974157 3.1172619647621516 3.183179005903807 3.1336813213896 3.4445005425392914 3.359147890730457 3.3847337923487957 3.5395914360977594 3.5569905434876103 3.5222306692969467 3.4616876158961567 3.5134806146228708 3.2915692445190046 3.427352221294627 3.4703791711716385 3.2163765290620767 3.4360045872801006 3.487624461659719 3.5656197122137576 3.2832470730245484 3.4445005425392914 3.2412984784516516 3.2497327220614505 3.5569905434876103 3.478913368272576 3.4445005425392914 3.4531725219753477 3.2079823900123703 3.410242724324369 3.478913368272576 3.5569905434876103 3.3847337923487957 3.258015913974275 3.4360045872801006 3.591903471894591 3.6709278713963025 3.7418893017975585 3.679851275526602 3.8225239117406637 3.679851275526602 3.912900182995015 3.8405254894299046 3.6886118167516244 3.9583425389599913 3.7330730527728044 3.6269688296878213 3.609417136670968 3.6886118167516244 3.804559352137678 3.849452029292252 3.9037325359196138 3.6181028403300237 3.6532816723590718 3.9675654368237803 3.9858598763479023 3.912900182995015 3.7418893017975585 3.9583425389599913 3.813449298647461 3.679851275526602 3.9583425389599913 3.804559352137678 3.6886118167516244 3.6005703687441484 3.679851275526602 3.9218993832188556 3.6445584711110413 3.912900182995015 3.885602299887906 4.292775448258381 4.068540840102059 4.236244017697849 4.321250461472404 4.302320178347698 4.068540840102059 4.152126383386034 4.387682634199195 4.368632905651625 4.09638298767736 4.1987302626375635 4.059398514738147 4.292775448258381 4.34961720950167 4.124123872267262 4.133509829299363 4.189465240303201 4.677432327650685 4.736262166944972 4.512421692304587 4.5994423537970714
3.570000 2.4206290534294337 2.598209301621978 2.9312558679539493 3.0357668950244268 2.8916208154516734 3.003450744285498 3.1089889111804934 3.092629880406265 3.092629880406265 3.1336813213896 2.8050827943071095 3.199757902151695 3.1666399026804894 3.100882644135794 3.4616876158961567 3.410242724324369 3.41887543958404 3.2163765290620767 3.266470160233948 3.4017851508814365 3.359147890730457 3.2330348235664155 3.2832470730245484 3.478913368272576 3.478913368272576 3.3847337923487957 3.367721434473514 3.4703791711716385 3.5308219592547823 3.5395914360977594 3.224620615797176 3.224620615797176 3.4531725219753477 3.5656197122137576 3.2412984784516516 3.3761404886397117 3.274772857790347 3.5134806146228708 3.591903471894591 3.32528008209297 3.5308219592547823 3.591903471894591 3.393172123155076 3.410242724324369 3.5656197122137576 3.7597233992346464 3.679851275526602 3.9675654368237803 3.6269688296878213 3.858563995863041 3.8225239117406637 3.8766393410359554 3.6269688296878213 3.786631899160151 3.8225239117406637 3.9401027488501636 3.6005703687441484 3.6975542749607624 3.976618659079132 3.8675087672497956 3.7330730527728044 3.7955034845365736 3.8947514340034837 3.813449298647461 3.7955034845365736 3.6709278713963025 3.6532816723590718 3.949307278152234 3.885602299887906 3.662185980192619 3.8225239117406637 3.949307278152234 3.7418893017975585 3.7597233992346464 3.7330730527728044 3.949307278152234 3.9310854954678334 3.6886118167516244 3.7240926157308536 4.050084518251851 4.087032906984074 4.161356600048034 4.031664040933904 4.105560618158931 4.208187333724751 4.368632905651625 4.226944395924057 4.387682634199195 4.330635659446139 4.031664040933904 4.161356600048034 4.208187333724751 4.397313599800975 4.105560618158931 4.077872904589594 4.022557214122902 4.795377261468363 4.512421692304587 4.589824969666061 4.60925774129937
3.580000 2.6056692116350813 2.471731876352579 3.199757902151695 2.883634459153842 3.1172619647621516 3.0357668950244268 3.084543418727391 3.0357668950244268 2.8600359004679246 3.003450744285498 3.1172619647621516 3.003450744285498 3.199757902151695 3.1336813213896 3.583075966486862 3.591903471894591 3.2497327220614505 3.3421943989254994 3.5744279146298683 3.5744279146298683 3.393172123155076 3.2915692445190046 3.4360045872801006 3.5308219592547823 3.5049083193135044 3.367721434473514 3.41887543958404 3.410242724324369 3.359147890730457 3.224620615797176 3.4961777259428795 3.266470160233948 3.487624461659719 3.4017851508814365 3.359147890730457 3.4703791711716385 3.4616876158961567 3.487624461659719 3.393172123155076 3.4703791711716385 3.5395914360977594 3.2163765290620767 3.266470160233948 3.2915692445190046 3.2832470730245484 3.6269688296878213 3.976618659079132 3.6356733016454257 3.9858598763479023 3.804559352137678 3.6532816723590718 3.715294895303003 3.609417136670968 3.7508886629289946 3.609417136670968 3.813449298647461 3.609417136670968 3.6005703687441484 3.9583425389599913 3.8225239117406637 3.9218993832188556 3.6005703687441484 3.7418893017975585 3.9401027488501636 3.6356733016454257 3.9037325359196138 3.6445584711110413 3.768741640443454 3.8766393410359554 3.7418893017975585 3.8314321765100012 3.7330730527728044 3.7597233992346464 3.6181028403300237 3.8947514340034837 3.8314321765100012 3.679851275526602 3.6975542749607624 3.6181028403300237 4.068540840102059 4.34021505789757 4.022557214122902 4.087032906984074 4.142722567221125 4.245736319763044 4.142722567221125 4.34961720950167 4.09638298767736 4.17077822183587 4.321250461472404 4.050084518251851 4.264562997420372 4.031664040933904 4.161356600048034 4.208187333724751 4.397313599800975 4.483437720084692 4.541291684561032 4.648220753516788 4.4067662805426995
3.590000 2.689254230838056 2.6283913418621196 3.1089889111804934 3.051985486538066 2.963206958809479 2.9712963409361106 2.8916208154516734 2.8363805576478125 2.95527993109547 3.1583061641901065 3.1583061641901065 3.0357668950244268 2.9153413159340302 3.003450744285498 3.5744279146298683 3.591903471894591 3.308405008172237 3.4703791711716385 3.5744279146298683 3.4017851508814365 3.3338139991916433 3.393172123155076 3.393172123155076 3.5569905434876103 3.5308219592547823 3.367721434473514 3.5134806146228708 3.3847337923487957 3.2497327220614505 3.4961777259428795 3.5134806146228708 3.5049083193135044 3.5222306692969467 3.4703791711716385 3.5134806146228708 3.478913368272576 3.5222306692969467 3.393172123155076 3.4703791711716385 3.3421943989254994 3.410242724324369 3.308405008172237 3.4961777259428795 3.4017851508814365 3.3847337923487957 3.8947514340034837 3.6532816723590718 3.7240926157308536 3.6975542749607624 3.679851275526602 3.9037325359196138 3.6005703687441484 3.849452029292252 3.7240926157308536 3.6445584711110413 3.7418893017975585 3.8225239117406637 3.715294895303003 3.6269688296878213 3.885602299887906 3.8314321765100012 3.715294895303003 3.9583425389599913 3.6356733016454257 3.786631899160151 3.858563995863041 3.994931013794065 3.7330730527728044 3.994931013794065 3.6886118167516244 3.8225239117406637 3.706333425945615 3.8675087672497956 3.9583425389599913 3.7508886629289946 3.6975542749607624 3.9858598763479023 3.786631899160151 3.9037325359196138 4.1800258668376475 4.189465240303201 4.013279506756297 4.031664040933904 4.302320178347698 4.27389700972598 4.133509829299363 4.022557214122902 4.087032906984074 4.077872904589594 4.031664040933904 4.031664040933904 4.1800258668376475 4.321250461472404 4.105560618158931 4.105560618158931 4.105560618158931 4.45471686346053 4.4067662805426995 4.4258837292217255 4.531723093439896
3.600000 2.6207599630340725 2.719934394004002 2.9312558679539493 3.1336813213896 3.150140654150466 3.1253880083974157 2.8050827943071095 3.0357668950244268 3.183179005903807 2.9712963409361106 3.141827112759656 2.9873532967155483 2.8600359004679246 3.0437937726389976 3.2412984784516516 3.2915692445190046 3.274772857790347 3.5308219592547823 3.583075966486862 3.3847337923487957 3.3761404886397117 3.2079823900123703 3.4703791711716385 3.5482016839953343 3.2915692445190046 3.5308219592547823 3.2832470730245484 3.367721434473514 3.487624461659719 3.2163765290620767 3.5744279146298683 3.583075966486862 3.5134806146228708 3.427352221294627 3.591903471894591 3.5222306692969467 3.32528008209297 3.258015913974275 3.3507481470859304 3.4703791711716385 3.266470160233948 3.2412984784516516 3.4616876158961567 3.32528008209297 3.5308219592547823 3.7240926157308536 3.706333425945615 3.9858598763479023 3.8405254894299046 3.813449298647461 3.7955034845365736 3.8314321765100012 3.7508886629289946 3.9218993832188556 3.813449298647461 3.9675654368237803 3.804559352137678 3.6532816723590718 3.9310854954678334 3.7775948223096445 3.8225239117406637 3.849452029292252 3.9037325359196138 3.6269688296878213 3.7508886629289946 3.7775948223096445 3.994931013794065 3.8405254894299046 3.849452029292252 3.849452029292252 3.7508886629289946 3.7418893017975585 3.7240926157308536 3.976618659079132 3.706333425945615 3.786631899160151 3.813449298647461 3.6269688296878213 3.9037325359196138 4.152126383386034 4.142722567221125 4.059398514738147 4.161356600048034 4.004190501010748 4.208187333724751 4.133509829299363 4.378246740791886 4.311688368423777 4.077872904589594 4.34961720950167 4.245736319763044 4.133509829299363 4.27389700972598 4.302320178347698 4.022557214122902 4.217469681706391 4.502689204348403 4.4739184571649115 4.464219566817621 4.4067662805426995
3.610000 2.4132947360270545 2.6207599630340725 3.0114377622100448 3.1172619647621516 2.939304120852559 3.100882644135794 3.100882644135794 2.947211099811094 3.1913838645082113 2.867842256978591 2.95527993109547 3.0195886289076617 3.0437937726389976 3.1172619647621516 3.583075966486862 3.3421943989254994 3.478913368272576 3.5395914360977594 3.2330348235664155 3.2915692445190046 3.2832470730245484 3.5656197122137576 3.3847337923487957 3.3338139991916433 3.2497327220614505 3.4531725219753477 3.5395914360977594 3.487624461659719 3.478913368272576 3.5569905434876103 3.5569905434876103 3.2330348235664155 3.5482016839953343 3.308405008172237 3.3507481470859304 3.427352221294627 3.5134806146228708 3.367721434473514 3.4445005425392914 3.367721434473514 3.359147890730457 3.5482016839953343 3.5222306692969467 3.300063394777207 3.258015913974275 3.9037325359196138 3.6886118167516244 3.768741640443454 3.6886118167516244 3.8405254894299046 3.949307278152234 3.813449298647461 3.9583425389599913 3.6356733016454257 3.6269688296878213 3.7508886629289946 3.6269688296878213 3.7330730527728044 3.679851275526602 3.6445584711110413 3.6005703687441484 3.7240926157308536 3.976618659079132 3.6709278713963025 3.9401027488501636 3.6005703687441484 3.6532816723590718 3.6532816723590718 3.8766393410359554 3.8405254894299046 3.786631899160151 3.858563995863041 3.912900182995015 3.8225239117406637 3.6709278713963025 3.6445584711110413 3.912900182995015 3.7597233992346464 3.6975542749607624 4.09638298767736 4.022557214122902 4.059398514738147 4.087032906984074 4.217469681706391 4.059398514738147 4.311688368423777 4.2834243201376205 4.059398514738147 4.311688368423777 4.27389700972598 4.09638298767736 4.114928663178128 4.189465240303201 4.142722567221125 4.004190501010748 4.050084518251851 4.493153440002571 4.483437720084692 4.7658803301983514 4.4067662805426995
3.620000 2.704573622330376 2.5831807784910445 3.0195886289076617 2.9074745108151703 3.068244346893695 3.100882644135794 3.1172619647621516 3.100882644135794 2.8916208154516734 2.867842256978591 2.95527993109547 2.9074745108151703 3.003450744285498 2.828614621459107 3.583075966486862 3.3507481470859304 3.266470160233948 3.3507481470859304 3.4616876158961567 3.591903471894591 3.583075966486862 3.2412984784516516 3.4703791711716385 3.224620615797176 3.478913368272576 3.5744279146298683 3.316919059168708 3.5656197122137576 3.2412984784516516 3.41887543958404 3.2832470730245484 3.583075966486862 3.5656197122137576 3.5569905434876103 3.3338139991916433 3.5656197122137576 3.4703791711716385 3.3421943989254994 3.410242724324369 3.2330348235664155 3.5308219592547823 3.5222306692969467 3.300063394777207 3.367721434473514 3.5482016839953343 3.7330730527728044 3.8225239117406637 3.6975542749607624 3.912900182995015 3.7330730527728044 3.912900182995015 3.8225239117406637 3.994931013794065 3.7508886629289946 3.6269688296878213 3.715294895303003 3.912900182995015 3.6445584711110413 3.662185980192619 3.6005703687441484 3.6709278713963025 3.6356733016454257 3.7775948223096445 3.912900182995015 3.7418893017975585 3.8225239117406637 3.768741640443454 3.715294895303003 3.6269688296878213 3.813449298647461 3.609417136670968 3.6886118167516244 3.6269688296878213 3.9037325359196138 3.7330730527728044 3.6709278713963025 3.849452029292252 3.6532816723590718 3.976618659079132 4.114928663178128 4.031664040933904 4.208187333724751 4.2834243201376205 4.114928663178128 4.142722567221125 4.161356600048034 4.1987302626375635 4.152126383386034 4.34961720950167 4.114928663178128 4.189465240303201 4.09638298767736 4.105560618158931 4.152126383386034 4.17077822183587 4.236244017697849 4.416414317370283 4.464219566817621 4.45471686346053 4.464219566817621
3.630000 2.5457231966463083 2.471731876352579 2.9074745108151703 3.150140654150466 3.0195886289076617 3.0437937726389976 2.947211099811094 2.8363805576478125 3.1666399026804894 2.883634459153842 3.1913838645082113 2.9153413159340302 3.0357668950244268 3.199757902151695 3.3338139991916433 3.4017851508814365 3.2330348235664155 3.4616876158961567 3.308405008172237 3.5049083193135044 3.3421943989254994 3.4616876158961567 3.5656197122137576 3.427352221294627 3.4531725219753477 3.4703791711716385 3.5744279146298683 3.359147890730457 3.4017851508814365 3.393172123155076 3.3507481470859304 3.3507481470859304 3.3338139991916433 3.3761404886397117 3.274772857790347 3.5482016839953343 3.2832470730245484 3.487624461659719 3.5049083193135044 3.4703791711716385 3.367721434473514 3.5569905434876103 3.4445005425392914 3.316919059168708 3.2412984784516516 3.706333425945615 3.7955034845365736 3.6005703687441484 3.849452029292252 3.885602299887906 3.6269688296878213 3.609417136670968 3.6181028403300237 3.7955034845365736 3.706333425945615 3.8314321765100012 3.7240926157308536 3.662185980192619 3.9310854954678334 3.858563995863041 3.6709278713963025 3.8225239117406637 3.813449298647461 3.9310854954678334 3.662185980192619 3.6005703687441484 3.715294895303003 3.768741640443454 3.609417136670968 3.8766393410359554 3.9858598763479023 3.7775948223096445 3.6269688296878213 3.8405254894299046 3.7330730527728044 3.8225239117406637 3.8405254894299046 3.7508886629289946 3.885602299887906 4.031664040933904 4.387682634199195 4.059398514738147 4.208187333724751 4.226944395924057 4.068540840102059 4.105560618158931 4.245736319763044 4.114928663178128 4.142722567221125 4.050084518251851 4.142722567221125 4.302320178347698 4.189465240303201 4.059398514738147 4.133509829299363 4.068540840102059 4.755935679775094 4.45471686346053 4.435548777559674 4.4067662805426995
3.640000 2.750779898693886 2.7817903811287406 2.8443047815867 2.9953203443393015 3.0357668950244268 3.1583061641901065 2.9153413159340302 3.1666399026804894 2.9873532967155483 2.9953203443393015 3.100882644135794 3.199757902151695 3.084543418727391 3.141827112759656 3.2497327220614505 3.258015913974275 3.32528008209297 3.3847337923487957 3.4531725219753477 3.316919059168708 3.5569905434876103 3.359147890730457 3.359147890730457 3.4961777259428795 3.427352221294627 3.393172123155076 3.583075966486862 3.41887543958404 3.5308219592547823 3.5395914360977594 3.308405008172237 3.3421943989254994 3.5482016839953343 3.2163765290620767 3.5395914360977594 3.274772857790347 3.2832470730245484 3.487624461659719 3.258015913974275 3.5134806146228708 3.4017851508814365 3.4961777259428795 3.4017851508814365 3.300063394777207 3.3338139991916433 3.7597233992346464 3.7418893017975585 3.9310854954678334 3.994931013794065 3.813449298647461 3.6975542749607624 3.8405254894299046 3.6532816723590718 3.6269688296878213 3.976618659079132 3.679851275526602 3.679851275526602 3.6975542749607624 3.949307278152234 3.6181028403300237 3.858563995863041 3.715294895303003 3.9401027488501636 3.706333425945615 3.8947514340034837 3.6532816723590718 3.8405254894299046 3.6445584711110413 3.858563995863041 3.7330730527728044 3.8947514340034837 3.9583425389599913 3.6269688296878213 3.7597233992346464 3.949307278152234 3.662185980192619 3.7240926157308536 3.8225239117406637 3.949307278152234 4.077872904589594 4.1800258668376475 4.2834243201376205 4.1987302626375635 4.142722567221125 4.311688368423777 4.397313599800975 4.161356600048034 4.059398514738147 4.114928663178128 4.161356600048034 4.387682634199195 4.189465240303201 4.189465240303201 4.152126383386034 4.077872904589594 4.09638298767736 4.648220753516788 4.416414317370283 4.4258837292217255 4.45471686346053
3.650000 2.643544776344315 2.7662645407768167 3.1666399026804894 3.141827112759656 3.003450744285498 2.867842256978591 3.199757902151695 3.076310974966537 3.0437937726389976 3.076310974966537 3.092629880406265 3.084543418727391 2.95527993109547 2.95527993109547 3.4445005425392914 3.427352221294627 3.487624461659719 3.4961777259428795 3.4360045872801006 3.5482016839953343 3.274772857790347 3.3421943989254994 3.32528008209297 3.316919059168708 3.4360045872801006 3.427352221294627 3.5308219592547823 3.4360045872801006 3.3507481470859304 3.427352221294627 3.5482016839953343 3.308405008172237 3.4017851508814365 3.41887543958404 3.3761404886397117 3.308405008172237 3.3761404886397117 3.266470160233948 3.5134806146228708 3.583075966486862 3.5222306692969467 3.359147890730457 3.5482016839953343 3.5222306692969467 3.4961777259428795 3.813449298647461 3.6975542749607624 3.786631899160151 3.8947514340034837 3.7775948223096445 3.7508886629289946 3.949307278152234 3.994931013794065 3.8314321765100012 3.7775948223096445 3.7597233992346464 3.858563995863041 3.994931013794065 3.8675087672497956 3.858563995863041 3.7775948223096445 3.6445584711110413 3.976618659079132 3.858563995863041 3.6445584711110413 3.949307278152234 3.9401027488501636 3.7775948223096445 3.813449298647461 3.768741640443454 3.6709278713963025 3.7508886629289946 3.6269688296878213 3.662185980192619 3.8947514340034837 3.912900182995015 3.8225239117406637 3.7418893017975585 3.7418893017975585 4.2834243201376205 4.124123872267262 4.087032906984074 4.208187333724751 4.105560618158931 4.245736319763044 4.022557214122902 4.09638298767736 4.087032906984074 4.04095991813958 4.114928663178128 4.077872904589594 4.087032906984074 4.087032906984074 4.004190501010748 4.050084518251851 4.264562997420372 4.4258837292217255 4.589824969666061 4.541291684561032 4.755935679775094
3.660000 2.7662645407768167 2.666281752772024 2.883634459153842 2.9153413159340302 2.939304120852559 3.150140654150466 3.1089889111804934 3.076310974966537 3.1913838645082113 3.1172619647621516 2.9712963409361106 3.084543418727391 2.9712963409361106 2.9712963409361106 3.410242724324369 3.5134806146228708 3.258015913974275 3.591903471894591 3.2915692445190046 3.5569905434876103 3.410242724324369 3.308405008172237 3.3338139991916433 3.5395914360977594 3.5395914360977594 3.3761404886397117 3.5308219592547823 3.4616876158961567 3.5395914360977594 3.3847337923487957 3.4616876158961567 3.5222306692969467 3.5656197122137576 3.5656197122137576 3.41887543958404 3.4703791711716385 3.5656197122137576 3.2330348235664155 3.4531725219753477 3.5482016839953343 3.4703791711716385 3.4445005425392914 3.478913368272576 3.4445005425392914 3.427352221294627 3.6975542749607624 3.6269688296878213 3.8947514340034837 3.9037325359196138 3.858563995863041 3.7508886629289946 3.7775948223096445 3.7418893017975585 3.786631899160151 3.7240926157308536 3.7775948223096445 3.8405254894299046 3.6709278713963025 3.6005703687441484 3.706333425945615 3.8947514340034837 3.6356733016454257 3.6269688296878213 3.8314321765100012 3.6356733016454257 3.7418893017975585 3.8947514340034837 3.6886118167516244 3.7330730527728044 3.9310854954678334 3.6445584711110413 3.7508886629289946 3.8225239117406637 3.786631899160151 3.7775948223096445 3.7330730527728044 3.804559352137678 3.715294895303003 3.6709278713963025 4.124123872267262 4.189465240303201 4.04095991813958 4.387682634199195 4.031664040933904 4.208187333724751 4.031664040933904 4.059398514738147 4.330635659446139 4.124123872267262 4.050084518251851 4.022557214122902 4.114928663178128 4.208187333724751 4.2550531631440744 4.124123872267262 4.013279506756297 4.464219566817621 4.493153440002571 4.4067662805426995 4.483437720084692
3.670000 2.7275581271899076 2.750779898693886 3.092629880406265 3.003450744285498 3.051985486538066 3.150140654150466 3.076310974966537 3.051985486538066 3.1666399026804894 2.875807928460546 3.1253880083974157 3.068244346893695 3.199757902151695 3.0357668950244268 3.2163765290620767 3.2915692445190046 3.5482016839953343 3.3338139991916433 3.359147890730457 3.5656197122137576 3.591903471894591 3.300063394777207 3.2079823900123703 3.427352221294627 3.2412984784516516 3.258015913974275 3.4961777259428795 3.308405008172237 3.5134806146228708 3.224620615797176 3.32528008209297 3.410242724324369 3.4360045872801006 3.5482016839953343 3.5744279146298683 3.4531725219753477 3.410242724324369 3.591903471894591 3.224620615797176 3.3847337923487957 3.410242724324369 3.4961777259428795 3.3507481470859304 3.2163765290620767 3.5308219592547823 3.6181028403300237 3.7418893017975585 3.715294895303003 3.813449298647461 3.8405254894299046 3.7597233992346464 3.9858598763479023 3.6181028403300237 3.912900182995015 3.8225239117406637 3.6005703687441484 3.6445584711110413 3.679851275526602 3.9310854954678334 3.9583425389599913 3.6181028403300237 3.949307278152234 3.949307278152234 3.768741640443454 3.8675087672497956 3.9037325359196138 3.6005703687441484 3.8766393410359554 3.6356733016454257 3.976618659079132 3.6975542749607624 3.6709278713963025 3.609417136670968 3.6709278713963025 3.8225239117406637 3.6532816723590718 3.609417136670968 3.6709278713963025 3.8225239117406637 4.17077822183587 4.236244017697849 4.09638298767736 4.387682634199195 4.04095991813958 4.013279506756297 4.387682634199195 4.330635659446139 4.124123872267262 4.077872904589594 4.236244017697849 4.142722567221125 4.133509829299363 4.013279506756297 4.2834243201376205 4.217469681706391 4.34021505789757 4.4067662805426995 4.78560126157025 4.531723093439896 4.464219566817621
3.680000 2.575612725121416 2.7353365011881885 2.9873532967155483 2.89946749583966 3.150140654150466 3.183179005903807 3.1336813213896 3.003450744285498 3.150140654150466 2.8363805576478125 3.1913838645082113 2.9873532967155483 2.947211099811094 3.1666399026804894 3.258015913974275 3.5222306692969467 3.3761404886397117 3.3847337923487957 3.4531725219753477 3.487624461659719 3.359147890730457 3.2497327220614505 3.5308219592547823 3.4703791711716385 3.4703791711716385 3.2915692445190046 3.4445005425392914 3.5744279146298683 3.2412984784516516 3.5482016839953343 3.367721434473514 3.5395914360977594 3.3761404886397117 3.367721434473514 3.266470160233948 3.5569905434876103 3.4961777259428795 3.4445005425392914 3.266470160233948 3.427352221294627 3.5395914360977594 3.3338139991916433 3.5395914360977594 3.3338139991916433 3.5395914360977594 3.9310854954678334 3.768741640443454 3.786631899160151 3.7330730527728044 3.715294895303003 3.6005703687441484 3.8225239117406637 3.994931013794065 3.8766393410359554 3.786631899160151 3.949307278152234 3.9675654368237803 3.8314321765100012 3.9858598763479023 3.6886118167516244 3.8225239117406637 3.8675087672497956 3.8766393410359554 3.6532816723590718 3.7240926157308536 3.786631899160151 3.9218993832188556 3.786631899160151 3.786631899160151 3.679851275526602 3.6532816723590718 3.858563995863041 3.8675087672497956 3.6709278713963025 3.7775948223096445 3.9037325359196138 3.8405254894299046 3.9675654368237803 3.8314321765100012 4.397313599800975 4.068540840102059 4.208187333724751 4.09638298767736 4.217469681706391 4.330635659446139 4.245736319763044 4.133509829299363 4.189465240303201 4.031664040933904 4.059398514738147 4.142722567221125 4.09638298767736 4.321250461472404 4.161356600048034 4.077872904589594 4.077872904589594 4.4067662805426995 4.755935679775094 4.4067662805426995 4.45471686346053
3.690000 2.712176951408701 2.6510662756753334 2.8207111595260184 3.003450744285498 3.199757902151695 2.867842256978591 3.1172619647621516 3.1253880083974157 3.199757902151695 3.0437937726389976 2.89946749583966 3.1666399026804894 2.95527993109547 3.1913838645082113 3.427352221294627 3.3761404886397117 3.4961777259428795 3.308405008172237 3.5482016839953343 3.4531725219753477 3.5569905434876103 3.41887543958404 3.359147890730457 3.478913368272576 3.410242724324369 3.2915692445190046 3.300063394777207 3.393172123155076 3.393172123155076 3.266470160233948 3.3338139991916433 3.5395914360977594 3.4961777259428795 3.4445005425392914 3.591903471894591 3.3761404886397117 3.393172123155076 3.5049083193135044 3.5482016839953343 3.3847337923487957 3.3338139991916433 3.5482016839953343 3.5049083193135044 3.3847337923487957 3.487624461659719 3.6356733016454257 3.7775948223096445 3.7508886629289946 3.8766393410359554 3.9583425389599913 3.6269688296878213 3.6886118167516244 3.9218993832188556 3.7330730527728044 3.7508886629289946 3.9583425389599913 3.6709278713963025 3.9401027488501636 3.885602299887906 3.8225239117406637 3.7508886629289946 3.6709278713963025 3.9218993832188556 3.679851275526602 3.7330730527728044 3.8405254894299046 3.9218993832188556 3.9037325359196138 3.8225239117406637 3.7775948223096445 3.7508886629289946 3.912900182995015 3.7418893017975585 3.994931013794065 3.9583425389599913 3.9310854954678334 3.609417136670968 3.804559352137678 3.6356733016454257 4.236244017697849 4.09638298767736 4.004190501010748 4.161356600048034 4.09638298767736 4.013279506756297 4.031664040933904 4.114928663178128 4.059398514738147 4.133509829299363 4.378246740791886 4.378246740791886 4.2834243201376205 4.105560618158931 4.264562997420372 4.1987302626375635 4.161356600048034 4.4739184571649115 4.60925774129937 4.416414317370283 4.628723044707949
3.700000 2.7817903811287406 2.6968371342160555 2.939304120852559 3.068244346893695 3.150140654150466 3.1666399026804894 2.9312558679539493 2.9712963409361106 2.8600359004679246 3.183179005903807 3.0357668950244268 3.0195886289076617 3.1336813213896 2.939304120852559 3.5222306692969467 3.224620615797176 3.2832470730245484 3.5569905434876103 3.3507481470859304 3.4360045872801006 3.5222306692969467 3.4531725219753477 3.4616876158961567 3.258015913974275 3.2832470730245484 3.359147890730457 3.274772857790347 3.2163765290620767 3.4616876158961567 3.4445005425392914 3.3847337923487957 3.3507481470859304 3.258015913974275 3.3421943989254994 3.5222306692969467 3.4531725219753477 3.5049083193135044 3.583075966486862 3.274772857790347 3.5482016839953343 3.5222306692969467 3.2079823900123703 3.367721434473514 3.2163765290620767 3.300063394777207 3.706333425945615 3.9675654368237803 3.6532816723590718 3.662185980192619 3.7240926157308536 3.715294895303003 3.6356733016454257 3.7418893017975585 3.6886118167516244 3.885602299887906 3.885602299887906 3.7955034845365736 3.6181028403300237 3.7597233992346464 3.6181028403300237 3.8947514340034837 3.912900182995015 3.6886118167516244 3.768741640443454 3.976618659079132 3.858563995863041 3.9310854954678334 3.7508886629289946 3.768741640443454 3.813449298647461 3.994931013794065 3.849452029292252 3.849452029292252 3.6181028403300237 3.858563995863041 3.9218993832188556 3.849452029292252 3.6709278713963025 3.7955034845365736 4.050084518251851 4.04095991813958 4.004190501010748 4.087032906984074 4.264562997420372 4.302320178347698 4.1987302626375635 4.1800258668376475 4.068540840102059 4.1987302626375635 4.050084518251851 4.114928663178128 4.050084518251851 4.077872904589594 4.17077822183587 4.133509829299363 4.050084518251851 4.445034863749972 4.736262166944972 4.5704248550692625 4.493153440002571
3.710000 2.6283913418621196 2.4132947360270545 2.9953203443393015 2.9792433916584864 2.8520909398927943 3.0195886289076617 3.051985486538066 2.875807928460546 3.199757902151695 3.1666399026804894 3.1336813213896 3.0437937726389976 3.100882644135794 3.076310974966537 3.3421943989254994 3.5744279146298683 3.308405008172237 3.5482016839953343 3.3507481470859304 3.5049083193135044 3.308405008172237 3.4703791711716385 3.393172123155076 3.2832470730245484 3.5134806146228708 3.4616876158961567 3.5482016839953343 3.4703791711716385 3.583075966486862 3.2915692445190046 3.4445005425392914 3.393172123155076 3.5395914360977594 3.32528008209297 3.5569905434876103 3.591903471894591 3.266470160233948 3.4531725219753477 3.367721434473514 3.3421943989254994 3.5569905434876103 3.3507481470859304 3.5222306692969467 3.5134806146228708 3.4445005425392914 3.609417136670968 3.9401027488501636 3.768741640443454 3.662185980192619 3.912900182995015 3.912900182995015 3.804559352137678 3.8225239117406637 3.6269688296878213 3.6005703687441484 3.9218993832188556 3.7508886629289946 3.7955034845365736 3.813449298647461 3.949307278152234 3.706333425945615 3.7597233992346464 3.7240926157308536 3.7418893017975585 3.662185980192619 3.858563995863041 3.768741640443454 3.9583425389599913 3.976618659079132 3.8766393410359554 3.8405254894299046 3.6445584711110413 3.7955034845365736 3.6709278713963025 3.768741640443454 3.8314321765100012 3.949307278152234 3.7508886629289946 3.6532816723590718 4.208187333724751 4.321250461472404 4.04095991813958 4.077872904589594 4.068540840102059 4.34021505789757 4.077872904589594 4.226944395924057 4.2834243201376205 4.208187333724751 4.35921385541505 4.189465240303201 4.321250461472404 4.09638298767736 4.226944395924057 4.09638298767736 4.013279506756297 4.416414317370283 4.483437720084692 4.512421692304587 4.4258837292217255
3.720000 2.742980616656126 2.7973573730146533 3.0600322532138695 3.0195886289076617 3.0114377622100448 3.1666399026804894 3.0275955901797973 2.89946749583966 3.150140654150466 3.1748251019000335 2.95527993109547 3.1748251019000335 3.1913838645082113 3.092629880406265 3.5656197122137576 3.5134806146228708 3.224620615797176 3.427352221294627 3.5308219592547823 3.3847337923487957 3.583075966486862 3.266470160233948 3.5569905434876103 3.2412984784516516 3.2163765290620767 3.5308219592547823 3.4616876158961567 3.308405008172237 3.274772857790347 3.32528008209297 3.5308219592547823 3.3421943989254994 3.3761404886397117 3.316919059168708 3.5395914360977594 3.2079823900123703 3.5308219592547823 3.3507481470859304 3.3507481470859304 3.410242724324369 3.427352221294627 3.224620615797176 3.4017851508814365 3.5656197122137576 3.2330348235664155 3.6532816723590718 3.768741640443454 3.9675654368237803 3.7597233992346464 3.8314321765100012 3.6532816723590718 3.8947514340034837 3.8314321765100012 3.9583425389599913 3.994931013794065 3.6005703687441484 3.6181028403300237 3.706333425945615 3.994931013794065 3.858563995863041 3.786631899160151 3.6445584711110413 3.7597233992346464 3.8225239117406637 3.6445584711110413 3.768741640443454 3.6269688296878213 3.7418893017975585 3.7240926157308536 3.858563995863041 3.912900182995015 3.912900182995015 3.994931013794065 3.8675087672497956 3.8225239117406637 3.8766393410359554 3.6886118167516244 3.9037325359196138 3.6532816723590718 4.050084518251851 4.1800258668376475 4.321250461472404 4.09638298767736 4.077872904589594 4.059398514738147 4.133509829299363 4.368632905651625 4.34961720950167 4.368632905651625 4.2834243201376205 4.09638298767736 4.330635659446139 4.302320178347698 4.152126383386034 4.1987302626375635 4.2550531631440744 4.4258837292217255 4.435548777559674 4.589824969666061 4.4739184571649115
3.730000 2.6968371342160555 2.7275581271899076 3.076310974966537 3.0600322532138695 2.9312558679539493 3.1336813213896 3.0275955901797973 2.875807928460546 2.963206958809479 3.1336813213896 2.875807928460546 3.1172619647621516 3.141827112759656 3.1172619647621516 3.5569905434876103 3.5482016839953343 3.487624461659719 3.5482016839953343 3.32528008209297 3.4616876158961567 3.478913368272576 3.2163765290620767 3.5049083193135044 3.5744279146298683 3.3421943989254994 3.5222306692969467 3.4616876158961567 3.4961777259428795 3.4017851508814365 3.5656197122137576 3.359147890730457 3.393172123155076 3.41887543958404 3.308405008172237 3.5395914360977594 3.274772857790347 3.5395914360977594 3.32528008209297 3.2832470730245484 3.367721434473514 3.4531725219753477 3.4360045872801006 3.5569905434876103 3.410242724324369 3.4961777259428795 3.662185980192619 3.6886118167516244 3.849452029292252 3.858563995863041 3.912900182995015 3.786631899160151 3.849452029292252 3.662185980192619 3.7508886629289946 3.8947514340034837 3.813449298647461 3.7597233992346464 3.715294895303003 3.849452029292252 3.6532816723590718 3.7508886629289946 3.6886118167516244 3.9037325359196138 3.715294895303003 3.8225239117406637 3.6181028403300237 3.7955034845365736 3.6356733016454257 3.706333425945615 3.7955034845365736 3.9218993832188556 3.9858598763479023 3.8314321765100012 3.912900182995015 3.8314321765100012 3.804559352137678 3.7597233992346464 3.679851275526602 3.9218993832188556 4.1800258668376475 4.152126383386034 4.013279506756297 4.378246740791886 4.133509829299363 4.378246740791886 4.004190501010748 4.004190501010748 4.105560618158931 4.245736319763044 4.142722567221125 4.031664040933904 4.34961720950167 4.321250461472404 4.004190501010748 4.245736319763044 4.189465240303201 4.677432327650685 4.5510575218429565 4.521973899542435 4.521973899542435
3.740000 2.7662645407768167 2.4061036973939647 3.150140654150466 3.141827112759656 3.1666399026804894 3.0275955901797973 3.1583061641901065 3.1913838645082113 3.1172619647621516 3.100882644135794 2.875807928460546 3.183179005903807 3.1748251019000335 3.183179005903807 3.591903471894591 3.4360045872801006 3.5049083193135044 3.4961777259428795 3.2330348235664155 3.4360045872801006 3.487624461659719 3.4531725219753477 3.4017851508814365 3.308405008172237 3.3507481470859304 3.3761404886397117 3.2915692445190046 3.5308219592547823 3.5222306692969467 3.4017851508814365 3.300063394777207 3.591903471894591 3.316919059168708 3.478913368272576 3.2832470730245484 3.359147890730457 3.2915692445190046 3.5222306692969467 3.5744279146298683 3.2497327220614505 3.4445005425392914 3.4616876158961567 3.583075966486862 3.3507481470859304 3.2412984784516516 3.6181028403300237 3.715294895303003 3.7955034845365736 3.9401027488501636 3.804559352137678 3.804559352137678 3.6269688296878213 3.6532816723590718 3.8405254894299046 3.7240926157308536 3.7418893017975585 3.9675654368237803 3.8405254894299046 3.8675087672497956 3.804559352137678 3.715294895303003 3.6532816723590718 3.6356733016454257 3.976618659079132 3.8675087672497956 3.662185980192619 3.6445584711110413 3.9401027488501636 3.679851275526602 3.885602299887906 3.849452029292252 3.768741640443454 3.7508886629289946 3.804559352137678 3.8314321765100012 3.885602299887906 3.706333425945615 3.912900182995015 3.786631899160151 4.302320178347698 4.302320178347698 4.04095991813958 4.09638298767736 4.368632905651625 4.161356600048034 4.397313599800975 4.031664040933904 4.387682634199195 4.27389700972598 4.04095991813958 4.302320178347698 4.068540840102059 4.114928663178128 4.068540840102059 4.077872904589594 4.09638298767736 4.4067662805426995 4.45471686346053 4.512421692304587 4.5994423537970714
3.750000 2.435196543113809 2.5308411410140725 3.068244346893695 2.8916208154516734 3.1089889111804934 3.092629880406265 3.1253880083974157 3.1089889111804934 3.0195886289076617 3.150140654150466 2.9074745108151703 2.9953203443393015 3.092629880406265 3.0114377622100448 3.367721434473514 3.3338139991916433 3.4360045872801006 3.3847337923487957 3.300063394777207 3.3507481470859304 3.5222306692969467 3.258015913974275 3.266470160233948 3.4531725219753477 3.359147890730457 3.5308219592547823 3.478913368272576 3.32528008209297 3.2915692445190046 3.4703791711716385 3.308405008172237 3.308405008172237 3.316919059168708 3.4360045872801006 3.478913368272576 3.5134806146228708 3.41887543958404 3.4531725219753477 3.591903471894591 3.3761404886397117 3.224620615797176 3.5569905434876103 3.4961777259428795 3.2832470730245484 3.393172123155076 3.9858598763479023 3.9858598763479023 3.7240926157308536 3.7955034845365736 3.8405254894299046 3.6181028403300237 3.9037325359196138 3.9583425389599913 3.8766393410359554 3.804559352137678 3.7240926157308536 3.715294895303003 3.8225239117406637 3.9401027488501636 3.8766393410359554 3.7330730527728044 3.706333425945615 3.9675654368237803 3.813449298647461 3.813449298647461 3.8947514340034837 3.8225239117406637 3.9583425389599913 3.858563995863041 3.9037325359196138 3.7597233992346464 3.7597233992346464 3.786631899160151 3.662185980192619 3.7418893017975585 3.786631899160151 3.6005703687441484 3.804559352137678 3.6181028403300237 4.031664040933904 4.236244017697849 4.236244017697849 4.387682634199195 4.1800258668376475 4.368632905651625 4.114928663178128 4.050084518251851 4.050084518251851 4.031664040933904 4.264562997420372 4.068540840102059 4.1800258668376475 4.35921385541505 4.34961720950167 4.022557214122902 4.105560618158931 4.4067662805426995 4.795377261468363 4.697010359996532 4.580026035009029
3.760000 2.7817903811287406 2.598209301621978 3.0114377622100448 3.0600322532138695 2.8916208154516734 3.068244346893695 3.1253880083974157 3.0195886289076617 2.875807928460546 3.0114377622100448 2.89946749583966 3.1666399026804894 3.1336813213896 3.003450744285498 3.2832470730245484 3.487624461659719 3.266470160233948 3.359147890730457 3.5482016839953343 3.41887543958404 3.3507481470859304 3.3847337923487957 3.5222306692969467 3.5482016839953343 3.5222306692969467 3.41887543958404 3.5569905434876103 3.4017851508814365 3.4961777259428795 3.4017851508814365 3.5744279146298683 3.32528008209297 3.316919059168708 3.274772857790347 3.591903471894591 3.2832470730245484 3.487624461659719 3.5222306692969467 3.5134806146228708 3.4961777259428795 3.5134806146228708 3.316919059168708 3.487624461659719 3.5744279146298683 3.4017851508814365 3.679851275526602 3.7240926157308536 3.9675654368237803 3.9858598763479023 3.768741640443454 3.885602299887906 3.679851275526602 3.6181028403300237 3.6532816723590718 3.6445584711110413 3.786631899160151 3.7955034845365736 3.6181028403300237 3.786631899160151 3.804559352137678 3.9401027488501636 3.662185980192619 3.976618659079132 3.715294895303003 3.9037325359196138 3.9675654368237803 3.9583425389599913 3.6532816723590718 3.6181028403300237 3.9583425389599913 3.9583425389599913 3.8314321765100012 3.9310854954678334 3.7955034845365736 3.7418893017975585 3.885602299887906 3.706333425945615 3.8947514340034837 3.7418893017975585 4.09638298767736 4.1987302626375635 4.208187333724751 4.004190501010748 4.059398514738147 4.35921385541505 4.077872904589594 4.031664040933904 4.1987302626375635 4.2550531631440744 4.2834243201376205 4.2550531631440744 4.34021505789757 4.004190501010748 4.321250461472404 4.321250461472404 4.161356600048034 4.61889126864975 4.445034863749972 4.4067662805426995 4.512421692304587
3.770000 2.7973573730146533 2.575612725121416 2.8916208154516734 3.1172619647621516 3.150140654150466 3.051985486538066 3.1253880083974157 2.9153413159340302 2.95527993109547 3.100882644135794 2.947211099811094 2.9312558679539493 3.199757902151695 3.003450744285498 3.5395914360977594 3.5134806146228708 3.4360045872801006 3.427352221294627 3.4360045872801006 3.308405008172237 3.3421943989254994 3.3847337923487957 3.5222306692969467 3.5395914360977594 3.4531725219753477 3.5656197122137576 3.4531725219753477 3.5222306692969467 3.300063394777207 3.41887543958404 3.2832470730245484 3.3847337923487957 3.2079823900123703 3.4017851508814365 3.5656197122137576 3.5656197122137576 3.2412984784516516 3.5222306692969467 3.5049083193135044 3.4961777259428795 3.487624461659719 3.4445005425392914 3.2079823900123703 3.3421943989254994 3.41887543958404 3.768741640443454 3.6886118167516244 3.7775948223096445 3.7240926157308536 3.7418893017975585 3.662185980192619 3.7955034845365736 3.7597233992346464 3.679851275526602 3.6181028403300237 3.8314321765100012 3.7240926157308536 3.7240926157308536 3.7508886629289946 3.7330730527728044 3.786631899160151 3.768741640443454 3.885602299887906 3.9675654368237803 3.715294895303003 3.8675087672497956 3.994931013794065 3.912900182995015 3.7508886629289946 3.679851275526602 3.858563995863041 3.949307278152234 3.7240926157308536 3.8314321765100012 3.9037325359196138 3.6269688296878213 3.9583425389599913 3.949307278152234 3.8766393410359554 4.226944395924057 4.387682634199195 4.013279506756297 4.34021505789757 4.27389700972598 4.077872904589594 4.245736319763044 4.17077822183587 4.050084518251851 4.302320178347698 4.004190501010748 4.105560618158931 4.022557214122902 4.152126383386034 4.04095991813958 4.34961720950167 4.013279506756297 4.560642437348045 4.435548777559674 4.580026035009029 4.5704248550692625
3.780000 2.742980616656126 2.4570594880003367 2.89946749583966 3.1748251019000335 3.003450744285498 3.1666399026804894 3.1253880083974157 2.8207111595260184 3.076310974966537 3.1172619647621516 3.199757902151695 3.051985486538066 3.183179005903807 3.084543418727391 3.2412984784516516 3.4531725219753477 3.4360045872801006 3.5744279146298683 3.2330348235664155 3.4703791711716385 3.583075966486862 3.2915692445190046 3.5134806146228708 3.410242724324369 3.410242724324369 3.3338139991916433 3.3761404886397117 3.5656197122137576 3.224620615797176 3.4360045872801006 3.410242724324369 3.258015913974275 3.32528008209297 3.5308219592547823 3.487624461659719 3.300063394777207 3.258015913974275 3.2079823900123703 3.3847337923487957 3.316919059168708 3.3338139991916433 3.4616876158961567 3.3761404886397117 3.2497327220614505 3.300063394777207 3.912900182995015 3.858563995863041 3.8405254894299046 3.6886118167516244 3.786631899160151 3.813449298647461 3.6269688296878213 3.6356733016454257 3.8405254894299046 3.9858598763479023 3.609417136670968 3.7955034845365736 3.8766393410359554 3.9401027488501636 3.786631899160151 3.7955034845365736 3.8766393410359554 3.7775948223096445 3.7240926157308536 3.7508886629289946 3.7418893017975585 3.8225239117406637 3.804559352137678 3.715294895303003 3.7330730527728044 3.7240926157308536 3.6532816723590718 3.8405254894299046 3.849452029292252 3.6269688296878213 3.7240926157308536 3.849452029292252 3.7955034845365736 3.912900182995015 4.013279506756297 4.031664040933904 4.152126383386034 4.397313599800975 4.09638298767736 4.34961720950167 4.34961720950167 4.208187333724751 4.004190501010748 4.34021505789757 4.013279506756297 4.1800258668376475 4.245736319763044 4.217469681706391 4.124123872267262 4.302320178347698 4.217469681706391 4.483437720084692 4.4739184571649115 4.795377261468363 4.628723044707949
3.790000 2.681538720054648 2.712176951408701 2.867842256978591 3.141827112759656 3.1583061641901065 2.9312558679539493 2.9873532967155483 3.1336813213896 2.923368963259543 3.1336813213896 3.1666399026804894 2.867842256978591 2.923368963259543 3.1748251019000335 3.3507481470859304 3.316919059168708 3.2079823900123703 3.4531725219753477 3.5482016839953343 3.4445005425392914 3.4445005425392914 3.308405008172237 3.4616876158961567 3.2915692445190046 3.5049083193135044 3.3338139991916433 3.4360045872801006 3.308405008172237 3.367721434473514 3.4531725219753477 3.5308219592547823 3.583075966486862 3.2412984784516516 3.367721434473514 3.3338139991916433 3.4703791711716385 3.41887543958404 3.224620615797176 3.3761404886397117 3.359147890730457 3.316919059168708 3.3761404886397117 3.5134806146228708 3.4017851508814365 3.4017851508814365 3.994931013794065 3.912900182995015 3.7418893017975585 3.8314321765100012 3.715294895303003 3.9858598763479023 3.9675654368237803 3.6886118167516244 3.662185980192619 3.6886118167516244 3.706333425945615 3.6181028403300237 3.8947514340034837 3.7775948223096445 3.7418893017975585 3.679851275526602 3.849452029292252 3.949307278152234 3.9858598763479023 3.7418893017975585 3.8766393410359554 3.849452029292252 3.9858598763479023 3.7955034845365736 3.7955034845365736 3.7330730527728044 3.9858598763479023 3.706333425945615 3.804559352137678 3.8405254894299046 3.679851275526602 3.8314321765100012 3.662185980192619 3.849452029292252 4.397313599800975 4.208187333724751 4.152126383386034 4.050084518251851 4.321250461472404 4.022557214122902 4.161356600048034 4.031664040933904 4.2834243201376205 4.161356600048034 4.34021505789757 4.226944395924057 4.068540840102059 4.09638298767736 4.161356600048034 4.022557214122902 4.114928663178128 4.512421692304587 4.483437720084692 4.5994423537970714 4.464219566817621
3.800000 2.4570594880003367 2.7275581271899076 3.141827112759656 3.092629880406265 2.9873532967155483 2.8916208154516734 3.150140654150466 3.100882644135794 3.0437937726389976 3.1089889111804934 3.1336813213896 2.9873532967155483 2.9953203443393015 2.963206958809479 3.4017851508814365 3.5395914360977594 3.4616876158961567 3.224620615797176 3.359147890730457 3.3761404886397117 3.5395914360977594 3.2412984784516516 3.258015913974275 3.367721434473514 3.274772857790347 3.5395914360977594 3.300063394777207 3.5308219592547823 3.3847337923487957 3.478913368272576 3.4445005425392914 3.4445005425392914 3.5049083193135044 3.5049083193135044 3.478913368272576 3.274772857790347 3.2079823900123703 3.4531725219753477 3.32528008209297 3.5049083193135044 3.478913368272576 3.4445005425392914 3.5744279146298683 3.4961777259428795 3.3847337923487957 3.679851275526602 3.885602299887906 3.7955034845365736 3.858563995863041 3.7418893017975585 3.9310854954678334 3.679851275526602 3.849452029292252 3.949307278152234 3.976618659079132 3.9310854954678334 3.8947514340034837 3.6356733016454257 3.7418893017975585 3.849452029292252 3.8405254894299046 3.7418893017975585 3.976618659079132 3.7775948223096445 3.715294895303003 3.6269688296878213 3.6709278713963025 3.662185980192619 3.679851275526602 3.9310854954678334 3.8675087672497956 3.7597233992346464 3.849452029292252 3.8225239117406637 3.7240926157308536 3.804559352137678 3.9218993832188556 3.7240926157308536 3.6356733016454257 4.004190501010748 4.34961720950167 4.114928663178128 4.04095991813958 4.087032906984074 4.114928663178128 4.114928663178128 4.245736319763044 4.236244017697849 4.087032906984074 4.387682634199195 4.311688368423777 4.2550531631440744 4.004190501010748 4.068540840102059 4.133509829299363 4.152126383386034 4.580026035009029 4.445034863749972 4.667750740597353 4.45471686346053
3.810000 2.681538720054648 2.719934394004002 3.141827112759656 3.1748251019000335 3.1172619647621516 3.1913838645082113 3.0437937726389976 3.141827112759656 3.1666399026804894 3.003450744285498 3.141827112759656 3.1583061641901065 3.1913838645082113 3.1748251019000335 3.41887543958404 3.4616876158961567 3.266470160233948 3.2832470730245484 3.32528008209297 3.5482016839953343 3.5222306692969467 3.2915692445190046 3.2330348235664155 3.5656197122137576 3.2915692445190046 3.5308219592547823 3.359147890730457 3.4703791711716385 3.367721434473514 3.4703791711716385 3.258015913974275 3.5049083193135044 3.410242724324369 3.300063394777207 3.4360045872801006 3.3507481470859304 3.3507481470859304 3.274772857790347 3.266470160233948 3.5049083193135044 3.2163765290620767 3.410242724324369 3.478913368272576 3.41887543958404 3.5482016839953343 3.813449298647461 3.849452029292252 3.8405254894299046 3.786631899160151 3.706333425945615 3.715294895303003 3.7775948223096445 3.6356733016454257 3.8314321765100012 3.8766393410359554 3.6181028403300237 3.8675087672497956 3.912900182995015 3.715294895303003 3.6269688296878213 3.6532816723590718 3.7775948223096445 3.7955034845365736 3.8675087672497956 3.804559352137678 3.9858598763479023 3.6975542749607624 3.7418893017975585 3.949307278152234 3.949307278152234 3.6886118167516244 3.715294895303003 3.8947514340034837 3.8947514340034837 3.8766393410359554 3.7597233992346464 3.768741640443454 3.609417136670968 3.768741640443454 4.152126383386034 4.105560618158931 4.142722567221125 4.022557214122902 4.114928663178128 4.330635659446139 4.35921385541505 4.142722567221125 4.09638298767736 4.330635659446139 4.124123872267262 4.050084518251851 4.04095991813958 4.1800258668376475 4.34021505789757 4.013279506756297 4.245736319763044 4.464219566817621 4.435548777559674 4.483437720084692 4.416414317370283
3.820000 2.6207599630340725 2.7894955100188352 3.1336813213896 3.150140654150466 3.0275955901797973 3.0437937726389976 2.947211099811094 3.199757902151695 3.1748251019000335 3.100882644135794 3.1583061641901065 3.183179005903807 2.89946749583966 3.183179005903807 3.5308219592547823 3.5482016839953343 3.3507481470859304 3.4531725219753477 3.583075966486862 3.2832470730245484 3.3847337923487957 3.2412984784516516 3.591903471894591 3.2832470730245484 3.5134806146228708 3.2163765290620767 3.3421943989254994 3.5222306692969467 3.4616876158961567 3.5569905434876103 3.5222306692969467 3.2497327220614505 3.359147890730457 3.5049083193135044 3.4961777259428795 3.4531725219753477 3.4445005425392914 3.583075966486862 3.359147890730457 3.5482016839953343 3.3338139991916433 3.4616876158961567 3.2163765290620767 3.2163765290620767 3.5656197122137576 3.6269688296878213 3.609417136670968 3.6886118167516244 3.7597233992346464 3.9401027488501636 3.768741640443454 3.976618659079132 3.6181028403300237 3.8947514340034837 3.813449298647461 3.679851275526602 3.813449298647461 3.7955034845365736 3.7240926157308536 3.609417136670968 3.715294895303003 3.7955034845365736 3.768741640443454 3.8405254894299046 3.885602299887906 3.8675087672497956 3.6532816723590718 3.994931013794065 3.662185980192619 3.7330730527728044 3.9401027488501636 3.6269688296878213 3.9401027488501636 3.804559352137678 3.7418893017975585 3.768741640443454 3.609417136670968 3.949307278152234 3.6181028403300237 4.124123872267262 4.292775448258381 4.387682634199195 4.397313599800975 4.368632905651625 4.2834243201376205 4.217469681706391 4.152126383386034 4.34961720950167 4.09638298767736 4.077872904589594 4.34021505789757 4.245736319763044 4.114928663178128 4.152126383386034 4.068540840102059 4.236244017697849 4.464219566817621 4.677432327650685 4.667750740597353 4.628723044707949
3.830000 2.6056692116350813 2.6283913418621196 3.0357668950244268 2.89946749583966 2.947211099811094 3.141827112759656 3.100882644135794 3.092629880406265 3.100882644135794 2.9792433916584864 3.092629880406265 3.076310974966537 3.1913838645082113 3.1336813213896 3.487624461659719 3.224620615797176 3.2832470730245484 3.258015913974275 3.4017851508814365 3.5308219592547823 3.4017851508814365 3.3507481470859304 3.5308219592547823 3.258015913974275 3.5308219592547823 3.5744279146298683 3.393172123155076 3.3338139991916433 3.487624461659719 3.5134806146228708 3.4961777259428795 3.3761404886397117 3.393172123155076 3.2079823900123703 3.3421943989254994 3.4445005425392914 3.2915692445190046 3.258015913974275 3.359147890730457 3.3847337923487957 3.2079823900123703 3.583075966486862 3.5049083193135044 3.3338139991916433 3.478913368272576 3.912900182995015 3.8405254894299046 3.6886118167516244 3.8766393410359554 3.858563995863041 3.609417136670968 3.8675087672497956 3.7418893017975585 3.8766393410359554 3.9218993832188556 3.6005703687441484 3.6269688296878213 3.9858598763479023 3.8405254894299046 3.9037325359196138 3.8947514340034837 3.8766393410359554 3.6532816723590718 3.8225239117406637 3.609417136670968 3.7508886629289946 3.715294895303003 3.8405254894299046 3.976618659079132 3.7597233992346464 3.9037325359196138 3.885602299887906 3.9037325359196138 3.6886118167516244 3.849452029292252 3.6181028403300237 3.609417136670968 3.715294895303003 3.9401027488501636 4.302320178347698 4.077872904589594 4.133509829299363 4.264562997420372 4.27389700972598 4.311688368423777 4.050084518251851 4.031664040933904 4.04095991813958 4.105560618158931 4.077872904589594 4.264562997420372 4.050084518251851 4.302320178347698 4.152126383386034 4.133509829299363 4.114928663178128 4.61889126864975 4.60925774129937 4.502689204348403 4.580026035009029
3.840000 2.6739762636570186 2.553248929158992 2.8600359004679246 3.1913838645082113 3.092629880406265 3.1583061641901065 3.1583061641901065 3.076310974966537 3.183179005903807 3.183179005903807 3.100882644135794 3.1666399026804894 2.9074745108151703 2.8600359004679246 3.5395914360977594 3.5569905434876103 3.3338139991916433 3.5569905434876103 3.478913368272576 3.5308219592547823 3.258015913974275 3.308405008172237 3.583075966486862 3.5744279146298683 3.5744279146298683 3.5482016839953343 3.274772857790347 3.5482016839953343 3.5569905434876103 3.266470160233948 3.5656197122137576 3.4531725219753477 3.583075966486862 3.4616876158961567 3.393172123155076 3.410242724324369 3.5744279146298683 3.5308219592547823 3.5656197122137576 3.5569905434876103 3.3761404886397117 3.5049083193135044 3.308405008172237 3.32528008209297 3.308405008172237 3.6181028403300237 3.8675087672497956 3.8675087672497956 3.9583425389599913 3.8675087672497956 3.7240926157308536 3.8225239117406637 3.6181028403300237 3.9218993832188556 3.7508886629289946 3.9675654368237803 3.7597233992346464 3.9675654368237803 3.8225239117406637 3.804559352137678 3.804559352137678 3.8766393410359554 3.768741640443454 3.768741640443454 3.976618659079132 3.715294895303003 3.8405254894299046 3.8947514340034837 3.9310854954678334 3.7240926157308536 3.609417136670968 3.9037325359196138 3.849452029292252 3.6886118167516244 3.9583425389599913 3.6269688296878213 3.8314321765100012 3.8225239117406637 3.8225239117406637 4.264562997420372 4.022557214122902 4.189465240303201 4.050084518251851 4.04095991813958 4.077872904589594 4.050084518251851 4.050084518251851 4.068540840102059 4.031664040933904 4.189465240303201 4.236244017697849 4.1987302626375635 4.031664040933904 4.264562997420372 4.031664040933904 4.068540840102059 4.541291684561032 4.416414317370283 4.589824969666061 4.4739184571649115
3.850000 2.5383456825436705 2.6510662756753334 3.1089889111804934 2.9873532967155483 3.0437937726389976 3.183179005903807 2.963206958809479 3.1253880083974157 2.8916208154516734 2.939304120852559 2.9074745108151703 2.89946749583966 3.141827112759656 3.1253880083974157 3.5308219592547823 3.478913368272576 3.2497327220614505 3.583075966486862 3.3421943989254994 3.3338139991916433 3.427352221294627 3.5569905434876103 3.4531725219753477 3.4616876158961567 3.2330348235664155 3.4360045872801006 3.393172123155076 3.367721434473514 3.4360045872801006 3.5744279146298683 3.5569905434876103 3.2412984784516516 3.487624461659719 3.258015913974275 3.5744279146298683 3.3338139991916433 3.359147890730457 3.2412984784516516 3.393172123155076 3.583075966486862 3.427352221294627 3.487624461659719 3.4445005425392914 3.410242724324369 3.5569905434876103 3.786631899160151 3.706333425945615 3.8405254894299046 3.9858598763479023 3.6269688296878213 3.6532816723590718 3.786631899160151 3.8675087672497956 3.9310854954678334 3.9858598763479023 3.813449298647461 3.6356733016454257 3.7240926157308536 3.7597233992346464 3.7775948223096445 3.8314321765100012 3.768741640443454 3.6886118167516244 3.885602299887906 3.6269688296878213 3.6005703687441484 3.8225239117406637 3.813449298647461 3.6356733016454257 3.609417136670968 3.813449298647461 3.7508886629289946 3.715294895303003 3.679851275526602 3.6709278713963025 3.6181028403300237 3.994931013794065 3.679851275526602 3.6269688296878213 4.114928663178128 4.1987302626375635 4.189465240303201 4.378246740791886 4.152126383386034 4.04095991813958 4.1800258668376475 4.031664040933904 4.050084518251851 4.292775448258381 4.236244017697849 4.321250461472404 4.04095991813958 4.397313599800975 4.050084518251851 4.152126383386034 4.09638298767736 4.502689204348403 4.5994423537970714 4.60925774129937 4.726533084856339
3.860000 2.7353365011881885 2.5234842737170373 3.1913838645082113 3.1336813213896 2.9153413159340302 3.141827112759656 3.003450744285498 3.1253880083974157 3.092629880406265 2.8600359004679246 2.939304120852559 2.9712963409361106 2.89946749583966 2.963206958809479 3.3847337923487957 3.4017851508814365 3.591903471894591 3.4360045872801006 3.2330348235664155 3.300063394777207 3.5222306692969467 3.5482016839953343 3.5049083193135044 3.5395914360977594 3.300063394777207 3.4703791711716385 3.266470160233948 3.32528008209297 3.5569905434876103 3.5482016839953343 3.591903471894591 3.367721434473514 3.5656197122137576 3.274772857790347 3.5395914360977594 3.4360045872801006 3.4961777259428795 3.5222306692969467 3.316919059168708 3.427352221294627 3.2330348235664155 3.5482016839953343 3.4360045872801006 3.3507481470859304 3.3761404886397117 3.9583425389599913 3.8675087672497956 3.9583425389599913 3.7330730527728044 3.858563995863041 3.786631899160151 3.662185980192619 3.6269688296878213 3.912900182995015 3.7418893017975585 3.912900182995015 3.7775948223096445 3.6005703687441484 3.8314321765100012 3.6005703687441484 3.6356733016454257 3.6269688296878213 3.6532816723590718 3.715294895303003 3.6709278713963025 3.6005703687441484 3.858563995863041 3.6005703687441484 3.6269688296878213 3.6709278713963025 3.858563995863041 3.6005703687441484 3.6532816723590718 3.9858598763479023 3.8947514340034837 3.6709278713963025 3.609417136670968 3.7955034845365736 3.976618659079132 4.114928663178128 4.397313599800975 4.330635659446139 4.264562997420372 4.013279506756297 4.27389700972598 4.059398514738147 4.068540840102059 4.124123872267262 4.217469681706391 4.077872904589594 4.208187333724751 4.04095991813958 4.27389700972598 4.217469681706391 4.068540840102059 4.105560618158931 4.445034863749972 4.502689204348403 4.445034863749972 4.416414317370283
3.870000 2.553248929158992 2.750779898693886 3.051985486538066 3.0275955901797973 3.100882644135794 3.183179005903807 3.1748251019000335 3.1913838645082113 3.1913838645082113 3.0195886289076617 2.8363805576478125 2.9074745108151703 3.0195886289076617 3.0437937726389976 3.5395914360977594 3.4445005425392914 3.4445005425392914 3.5049083193135044 3.487624461659719 3.4961777259428795 3.5049083193135044 3.5482016839953343 3.3338139991916433 3.32528008209297 3.4445005425392914 3.427352221294627 3.5569905434876103 3.224620615797176 3.487624461659719 3.393172123155076 3.5134806146228708 3.274772857790347 3.3507481470859304 3.3761404886397117 3.5656197122137576 3.5308219592547823 3.3338139991916433 3.487624461659719 3.487624461659719 3.5222306692969467 3.308405008172237 3.5395914360977594 3.3847337923487957 3.266470160233948 3.5308219592547823 3.679851275526602 3.6181028403300237 3.715294895303003 3.813449298647461 3.6975542749607624 3.7508886629289946 3.6356733016454257 3.609417136670968 3.6532816723590718 3.804559352137678 3.768741640443454 3.8405254894299046 3.849452029292252 3.994931013794065 3.8314321765100012 3.768741640443454 3.609417136670968 3.7418893017975585 3.6181028403300237 3.7330730527728044 3.7418893017975585 3.8947514340034837 3.8405254894299046 3.6532816723590718 3.6709278713963025 3.8405254894299046 3.6886118167516244 3.679851275526602 3.8947514340034837 3.8314321765100012 3.706333425945615 3.9310854954678334 3.6269688296878213 3.7955034845365736 4.302320178347698 4.050084518251851 4.09638298767736 4.04095991813958 4.059398514738147 4.17077822183587 4.152126383386034 4.321250461472404 4.17077822183587 4.34021505789757 4.397313599800975 4.142722567221125 4.330635659446139 4.04095991813958 4.34021505789757 4.1800258668376475 4.077872904589594 4.416414317370283 4.541291684561032 4.4067662805426995 4.521973899542435
3.880000 2.742980616656126 2.666281752772024 3.100882644135794 3.1583061641901065 3.003450744285498 3.068244346893695 3.100882644135794 2.947211099811094 2.9873532967155483 2.89946749583966 2.963206958809479 3.1748251019000335 3.100882644135794 2.9792433916584864 3.487624461659719 3.3338139991916433 3.410242724324369 3.3761404886397117 3.32528008209297 3.5308219592547823 3.2330348235664155 3.316919059168708 3.316919059168708 3.4531725219753477 3.2079823900123703 3.3338139991916433 3.478913368272576 3.5222306692969467 3.5222306692969467 3.2412984784516516 3.4017851508814365 3.5482016839953343 3.5049083193135044 3.393172123155076 3.4616876158961567 3.5049083193135044 3.3421943989254994 3.4616876158961567 3.3338139991916433 3.4445005425392914 3.3421943989254994 3.4616876158961567 3.5656197122137576 3.2497327220614505 3.3847337923487957 3.6886118167516244 3.8225239117406637 3.7955034845365736 3.6886118167516244 3.9310854954678334 3.8225239117406637 3.8405254894299046 3.6181028403300237 3.976618659079132 3.9037325359196138 3.9310854954678334 3.9858598763479023 3.706333425945615 3.9583425389599913 3.6005703687441484 3.6005703687441484 3.6269688296878213 3.9218993832188556 3.6356733016454257 3.6181028403300237 3.6269688296878213 3.662185980192619 3.6181028403300237 3.6356733016454257 3.9401027488501636 3.8947514340034837 3.662185980192619 3.9037325359196138 3.8675087672497956 3.9037325359196138 3.7418893017975585 3.8314321765100012 3.994931013794065 3.8766393410359554 4.133509829299363 4.133509829299363 4.208187333724751 4.004190501010748 4.077872904589594 4.105560618158931 4.004190501010748 4.226944395924057 4.133509829299363 4.189465240303201 4.004190501010748 4.087032906984074 4.105560618158931 4.1987302626375635 4.114928663178128 4.022557214122902 4.09638298767736 4.795377261468363 4.795377261468363 4.464219566817621 4.697010359996532
3.890000 2.7973573730146533 2.4206290534294337 2.9153413159340302 3.1748251019000335 3.1913838645082113 3.1583061641901065 3.003450744285498 2.89946749583966 3.092629880406265 2.875807928460546 3.1748251019000335 3.150140654150466 2.8520909398927943 3.183179005903807 3.5656197122137576 3.5744279146298683 3.2079823900123703 3.274772857790347 3.5134806146228708 3.32528008209297 3.308405008172237 3.5134806146228708 3.3421943989254994 3.478913368272576 3.4360045872801006 3.2412984784516516 3.3338139991916433 3.5222306692969467 3.258015913974275 3.5744279146298683 3.5049083193135044 3.487624461659719 3.410242724324369 3.5308219592547823 3.359147890730457 3.367721434473514 3.3761404886397117 3.5482016839953343 3.487624461659719 3.5656197122137576 3.427352221294627 3.5308219592547823 3.478913368272576 3.4445005425392914 3.591903471894591 3.949307278152234 3.9218993832188556 3.7955034845365736 3.706333425945615 3.9310854954678334 3.9037325359196138 3.9858598763479023 3.7775948223096445 3.8766393410359554 3.6975542749607624 3.7330730527728044 3.7508886629289946 3.9675654368237803 3.7330730527728044 3.9310854954678334 3.786631899160151 3.7775948223096445 3.949307278152234 3.6445584711110413 3.8675087672497956 3.813449298647461 3.7418893017975585 3.715294895303003 3.976618659079132 3.9218993832188556 3.7775948223096445 3.662185980192619 3.7418893017975585 3.715294895303003 3.813449298647461 3.849452029292252 3.7597233992346464 3.662185980192619 3.6886118167516244 4.09638298767736 4.27389700972598 4.077872904589594 4.17077822183587 4.387682634199195 4.368632905651625 4.397313599800975 4.105560618158931 4.27389700972598 4.236244017697849 4.022557214122902 4.161356600048034 4.013279506756297 4.27389700972598 4.04095991813958 4.022557214122902 4.031664040933904 4.435548777559674 4.5704248550692625 4.541291684561032 4.4067662805426995
3.900000 2.758444374347024 2.7275581271899076 3.150140654150466 3.076310974966537 3.076310974966537 3.199757902151695 3.199757902151695 3.1089889111804934 2.939304120852559 2.8520909398927943 2.947211099811094 3.150140654150466 3.183179005903807 3.1336813213896 3.5049083193135044 3.4531725219753477 3.41887543958404 3.5222306692969467 3.316919059168708 3.4961777259428795 3.487624461659719 3.41887543958404 3.32528008209297 3.4531725219753477 3.2330348235664155 3.2497327220614505 3.5222306692969467 3.2832470730245484 3.274772857790347 3.4445005425392914 3.591903471894591 3.3761404886397117 3.5222306692969467 3.478913368272576 3.3507481470859304 3.3761404886397117 3.316919059168708 3.4703791711716385 3.274772857790347 3.4616876158961567 3.300063394777207 3.2412984784516516 3.4703791711716385 3.258015913974275 3.4445005425392914 3.7330730527728044 3.949307278152234 3.6269688296878213 3.8675087672497956 3.912900182995015 3.6975542749607624 3.679851275526602 3.8225239117406637 3.9401027488501636 3.885602299887906 3.858563995863041 3.7330730527728044 3.6181028403300237 3.786631899160151 3.949307278152234 3.8947514340034837 3.6005703687441484 3.994931013794065 3.6886118167516244 3.8225239117406637 3.7330730527728044 3.6005703687441484 3.786631899160151 3.8947514340034837 3.9037325359196138 3.994931013794065 3.885602299887906 3.8675087672497956 3.6886118167516244 3.9858598763479023 3.6709278713963025 3.6445584711110413 3.6532816723590718 3.662185980192619 4.031664040933904 4.226944395924057 4.087032906984074 4.022557214122902 4.321250461472404 4.124123872267262 4.397313599800975 4.114928663178128 4.050084518251851 4.34021505789757 4.264562997420372 4.114928663178128 4.161356600048034 4.142722567221125 4.152126383386034 4.226944395924057 4.321250461472404 4.4258837292217255 4.5994423537970714 4.512421692304587 4.512421692304587
3.910000 2.5160009429783496 2.681538720054648 3.051985486538066 2.95527993109547 2.867842256978591 3.0357668950244268 3.1583061641901065 2.95527993109547 3.141827112759656 3.1666399026804894 3.0275955901797973 3.1089889111804934 3.199757902151695 3.084543418727391 3.2497327220614505 3.410242724324369 3.4531725219753477 3.583075966486862 3.4017851508814365 3.316919059168708 3.5744279146298683 3.274772857790347 3.359147890730457 3.3338139991916433 3.3507481470859304 3.2412984784516516 3.4017851508814365 3.266470160233948 3.2163765290620767 3.359147890730457 3.266470160233948 3.308405008172237 3.591903471894591 3.308405008172237 3.591903471894591 3.316919059168708 3.4017851508814365 3.5222306692969467 3.32528008209297 3.316919059168708 3.2497327220614505 3.4616876158961567 3.5744279146298683 3.2915692445190046 3.2412984784516516 3.768741640443454 3.8947514340034837 3.8766393410359554 3.6532816723590718 3.768741640443454 3.976618659079132 3.715294895303003 3.8314321765100012 3.804559352137678 3.706333425945615 3.8225239117406637 3.949307278152234 3.8314321765100012 3.9037325359196138 3.885602299887906 3.6181028403300237 3.6886118167516244 3.6445584711110413 3.949307278152234 3.9858598763479023 3.6886118167516244 3.8675087672497956 3.6532816723590718 3.7955034845365736 3.994931013794065 3.9583425389599913 3.6886118167516244 3.679851275526602 3.6269688296878213 3.976618659079132 3.7508886629289946 3.7330730527728044 3.786631899160151 3.6269688296878213 4.321250461472404 4.1800258668376475 4.050084518251851 4.368632905651625 4.050084518251851 4.2550531631440744 4.35921385541505 4.133509829299363 4.077872904589594 4.236244017697849 4.2550531631440744 4.022557214122902 4.087032906984074 4.34961720950167 4.142722567221125 4.031664040933904 4.226944395924057 4.706907035824327 4.483437720084692 4.464219566817621 4.589824969666061
3.920000 2.6587397644483315 2.773949354294852 3.092629880406265 3.1089889111804934 2.8363805576478125 3.1913838645082113 3.0437937726389976 2.95527993109547 2.9312558679539493 2.89946749583966 3.100882644135794 3.051985486538066 3.0195886289076617 2.9873532967155483 3.2832470730245484 3.3421943989254994 3.2497327220614505 3.591903471894591 3.5222306692969467 3.410242724324369 3.591903471894591 3.5049083193135044 3.367721434473514 3.487624461659719 3.3507481470859304 3.367721434473514 3.3761404886397117 3.41887543958404 3.427352221294627 3.487624461659719 3.5656197122137576 3.2163765290620767 3.4703791711716385 3.2497327220614505 3.2832470730245484 3.4961777259428795 3.4360045872801006 3.487624461659719 3.367721434473514 3.410242724324369 3.5049083193135044 3.591903471894591 3.410242724324369 3.316919059168708 3.5134806146228708 3.6886118167516244 3.9675654368237803 3.8675087672497956 3.6886118167516244 3.706333425945615 3.9401027488501636 3.885602299887906 3.6445584711110413 3.858563995863041 3.662185980192619 3.8675087672497956 3.804559352137678 3.6356733016454257 3.8766393410359554 3.6975542749607624 3.9037325359196138 3.804559352137678 3.8225239117406637 3.976618659079132 3.8405254894299046 3.715294895303003 3.9037325359196138 3.7330730527728044 3.706333425945615 3.6269688296878213 3.804559352137678 3.849452029292252 3.662185980192619 3.8675087672497956 3.9401027488501636 3.6886118167516244 3.8675087672497956 3.8225239117406637 3.7418893017975585 4.059398514738147 4.013279506756297 4.161356600048034 4.292775448258381 4.397313599800975 4.161356600048034 4.189465240303201 4.245736319763044 4.087032906984074 4.378246740791886 4.208187333724751 4.050084518251851 4.04095991813958 4.050084518251851 4.2834243201376205 4.013279506756297 4.068540840102059 4.445034863749972 4.4067662805426995 4.445034863749972 4.45471686346053
3.930000 2.5234842737170373 2.560647071112147 2.867842256978591 2.947211099811094 3.1089889111804934 2.939304120852559 2.828614621459107 3.1253880083974157 3.1913838645082113 3.1336813213896 3.1913838645082113 2.9712963409361106 3.141827112759656 3.141827112759656 3.5308219592547823 3.5482016839953343 3.410242724324369 3.4445005425392914 3.224620615797176 3.5308219592547823 3.583075966486862 3.5656197122137576 3.2330348235664155 3.5569905434876103 3.5482016839953343 3.266470160233948 3.316919059168708 3.2832470730245484 3.5308219592547823 3.5656197122137576 3.258015913974275 3.583075966486862 3.5744279146298683 3.2497327220614505 3.4616876158961567 3.5134806146228708 3.487624461659719 3.4703791711716385 3.274772857790347 3.583075966486862 3.427352221294627 3.4616876158961567 3.258015913974275 3.591903471894591 3.5482016839953343 3.6445584711110413 3.849452029292252 3.6975542749607624 3.8405254894299046 3.6269688296878213 3.6269688296878213 3.804559352137678 3.6975542749607624 3.6532816723590718 3.849452029292252 3.976618659079132 3.8314321765100012 3.6005703687441484 3.9218993832188556 3.6886118167516244 3.9675654368237803 3.6709278713963025 3.9218993832188556 3.6886118167516244 3.9675654368237803 3.9583425389599913 3.715294895303003 3.813449298647461 3.7597233992346464 3.8766393410359554 3.9583425389599913 3.7508886629289946 3.6532816723590718 3.912900182995015 3.8314321765100012 3.6975542749607624 3.8766393410359554 3.9401027488501636 3.9675654368237803 4.35921385541505 4.152126383386034 4.2550531631440744 4.09638298767736 4.114928663178128 4.387682634199195 4.087032906984074 4.133509829299363 4.022557214122902 4.031664040933904 4.2550531631440744 4.09638298767736 4.031664040933904 4.114928663178128 4.04095991813958 4.04095991813958 4.068540840102059 4.5510575218429565 4.4739184571649115 4.4739184571649115 4.502689204348403
3.940000 2.6283913418621196 2.7973573730146533 2.95527993109547 3.183179005903807 3.0114377622100448 2.812965469114768 2.9792433916584864 3.1583061641901065 3.150140654150466 2.9074745108151703 3.0195886289076617 2.963206958809479 2.963206958809479 2.89946749583966 3.316919059168708 3.2330348235664155 3.41887543958404 3.3507481470859304 3.266470160233948 3.5395914360977594 3.2079823900123703 3.3761404886397117 3.3421943989254994 3.2915692445190046 3.5482016839953343 3.4445005425392914 3.4616876158961567 3.5222306692969467 3.4017851508814365 3.316919059168708 3.3421943989254994 3.5744279146298683 3.583075966486862 3.258015913974275 3.4017851508814365 3.266470160233948 3.5482016839953343 3.4616876158961567 3.32528008209297 3.3421943989254994 3.224620615797176 3.274772857790347 3.4360045872801006 3.4531725219753477 3.367721434473514 3.7955034845365736 3.706333425945615 3.7597233992346464 3.9218993832188556 3.7418893017975585 3.9858598763479023 3.994931013794065 3.8766393410359554 3.706333425945615 3.7508886629289946 3.6445584711110413 3.7330730527728044 3.768741640443454 3.7330730527728044 3.8405254894299046 3.7330730527728044 3.8225239117406637 3.9675654368237803 3.786631899160151 3.7955034845365736 3.949307278152234 3.7955034845365736 3.7955034845365736 3.8766393410359554 3.6532816723590718 3.6356733016454257 3.976618659079132 3.976618659079132 3.609417136670968 3.804559352137678 3.804559352137678 3.6532816723590718 3.6709278713963025 3.7597233992346464 4.114928663178128 4.1987302626375635 4.124123872267262 4.226944395924057 4.133509829299363 4.124123872267262 4.161356600048034 4.217469681706391 4.34961720950167 4.208187333724751 4.087032906984074 4.1987302626375635 4.152126383386034 4.059398514738147 4.04095991813958 4.105560618158931 4.34961720950167 4.445034863749972 4.416414317370283 4.560642437348045 4.7658803301983514
3.950000 2.5383456825436705 2.773949354294852 3.100882644135794 3.092629880406265 2.939304120852559 3.199757902151695 3.0275955901797973 2.867842256978591 2.939304120852559 3.199757902151695 3.076310974966537 3.0275955901797973 3.1666399026804894 3.0275955901797973 3.3338139991916433 3.487624461659719 3.2497327220614505 3.3338139991916433 3.427352221294627 3.4616876158961567 3.5134806146228708 3.583075966486862 3.3847337923487957 3.308405008172237 3.41887543958404 3.3507481470859304 3.4445005425392914 3.308405008172237 3.4360045872801006 3.3761404886397117 3.5569905434876103 3.4703791711716385 3.5308219592547823 3.4360045872801006 3.3761404886397117 3.427352221294627 3.5482016839953343 3.591903471894591 3.4616876158961567 3.359147890730457 3.410242724324369 3.4961777259428795 3.4017851508814365 3.5482016839953343 3.274772857790347 3.8225239117406637 3.9218993832188556 3.912900182995015 3.6005703687441484 3.9037325359196138 3.6005703687441484 3.6181028403300237 3.7330730527728044 3.8314321765100012 3.679851275526602 3.706333425945615 3.8947514340034837 3.662185980192619 3.7418893017975585 3.6532816723590718 3.858563995863041 3.6709278713963025 3.858563995863041 3.813449298647461 3.6005703687441484 3.768741640443454 3.994931013794065 3.7418893017975585 3.804559352137678 3.912900182995015 3.858563995863041 3.6445584711110413 3.6709278713963025 3.662185980192619 3.609417136670968 3.7597233992346464 3.813449298647461 3.768741640443454 3.8225239117406637 4.368632905651625 4.321250461472404 4.013279506756297 4.236244017697849 4.04095991813958 4.152126383386034 4.34021505789757 4.068540840102059 4.077872904589594 4.050084518251851 4.077872904589594 4.2834243201376205 4.077872904589594 4.124123872267262 4.050084518251851 4.1987302626375635 4.27389700972598 4.502689204348403 4.4258837292217255 4.4258837292217255 4.502689204348403
3.960000 2.742980616656126 2.7662645407768167 3.1748251019000335 2.867842256978591 3.0357668950244268 2.9312558679539493 2.947211099811094 3.1253880083974157 2.8600359004679246 2.947211099811094 2.9712963409361106 3.150140654150466 3.183179005903807 3.199757902151695 3.274772857790347 3.2915692445190046 3.2079823900123703 3.359147890730457 3.3761404886397117 3.3421943989254994 3.3338139991916433 3.583075966486862 3.4531725219753477 3.3338139991916433 3.4360045872801006 3.591903471894591 3.258015913974275 3.2163765290620767 3.2330348235664155 3.5134806146228708 3.224620615797176 3.2163765290620767 3.274772857790347 3.316919059168708 3.5482016839953343 3.316919059168708 3.316919059168708 3.2163765290620767 3.4961777259428795 3.3761404886397117 3.2832470730245484 3.4445005425392914 3.5656197122137576 3.393172123155076 3.5308219592547823 3.7330730527728044 3.858563995863041 3.804559352137678 3.7330730527728044 3.9310854954678334 3.6709278713963025 3.8947514340034837 3.8766393410359554 3.7240926157308536 3.7418893017975585 3.9037325359196138 3.8225239117406637 3.9583425389599913 3.7597233992346464 3.9401027488501636 3.9858598763479023 3.6445584711110413 3.7330730527728044 3.6005703687441484 3.912900182995015 3.9675654368237803 3.6356733016454257 3.7240926157308536 3.994931013794065 3.7330730527728044 3.7240926157308536 3.8225239117406637 3.9218993832188556 3.6181028403300237 3.8314321765100012 3.6975542749607624 3.679851275526602 3.9037325359196138 3.6532816723590718 4.09638298767736 4.09638298767736 4.105560618158931 4.27389700972598 4.27389700972598 4.236244017697849 4.152126383386034 4.2834243201376205 4.161356600048034 4.068540840102059 4.050084518251851 4.27389700972598 4.27389700972598 4.330635659446139 4.397313599800975 4.264562997420372 4.311688368423777 4.4258837292217255 4.493153440002571 4.4739184571649115 4.445034863749972
3.970000 2.742980616656126 2.7662645407768167 3.183179005903807 3.199757902151695 3.076310974966537 2.963206958809479 3.1748251019000335 3.0357668950244268 2.9312558679539493 2.947211099811094 2.9873532967155483 3.051985486538066 2.947211099811094 3.183179005903807 3.591903471894591 3.5308219592547823 3.487624461659719 3.3847337923487957 3.5049083193135044 3.5656197122137576 3.3507481470859304 3.4360045872801006 3.5049083193135044 3.5395914360977594 3.5308219592547823 3.4703791711716385 3.5222306692969467 3.316919059168708 3.5222306692969467 3.4360045872801006 3.32528008209297 3.2412984784516516 3.427352221294627 3.5049083193135044 3.2330348235664155 3.5482016839953343 3.300063394777207 3.3507481470859304 3.3507481470859304 3.4360045872801006 3.266470160233948 3.410242724324369 3.3338139991916433 3.410242724324369 3.5308219592547823 3.912900182995015 3.6269688296878213 3.7240926157308536 3.813449298647461 3.8947514340034837 3.715294895303003 3.9675654368237803 3.662185980192619 3.9583425389599913 3.6975542749607624 3.9310854954678334 3.994931013794065 3.8766393410359554 3.6005703687441484 3.9583425389599913 3.8314321765100012 3.8225239117406637 3.609417136670968 3.609417136670968 3.7775948223096445 3.994931013794065 3.858563995863041 3.662185980192619 3.9675654368237803 3.9037325359196138 3.786631899160151 3.885602299887906 3.6975542749607624 3.8947514340034837 3.858563995863041 3.885602299887906 3.9310854954678334 3.715294895303003 3.768741640443454 4.050084518251851 4.330635659446139 4.1987302626375635 4.013279506756297 4.050084518251851 4.17077822183587 4.311688368423777 4.245736319763044 4.050084518251851 4.133509829299363 4.236244017697849 4.264562997420372 4.031664040933904 4.09638298767736 4.217469681706391 4.35921385541505 4.059398514738147 4.521973899542435 4.5704248550692625 4.4258837292217255 4.4258837292217255
3.980000 2.7817903811287406 2.5681939743236386 2.939304120852559 3.1913838645082113 3.068244346893695 3.100882644135794 3.183179005903807 3.199757902151695 2.9312558679539493 3.0357668950244268 3.092629880406265 3.1666399026804894 3.076310974966537 2.883634459153842 3.4961777259428795 3.2832470730245484 3.3338139991916433 3.224620615797176 3.3421943989254994 3.308405008172237 3.316919059168708 3.2330348235664155 3.266470160233948 3.4360045872801006 3.4445005425392914 3.427352221294627 3.2412984784516516 3.487624461659719 3.591903471894591 3.5134806146228708 3.5308219592547823 3.308405008172237 3.4360045872801006 3.3507481470859304 3.4445005425392914 3.487624461659719 3.5222306692969467 3.224620615797176 3.274772857790347 3.266470160233948 3.274772857790347 3.5308219592547823 3.4531725219753477 3.4531725219753477 3.3421943989254994 3.679851275526602 3.609417136670968 3.715294895303003 3.679851275526602 3.813449298647461 3.7508886629289946 3.6445584711110413 3.6709278713963025 3.8314321765100012 3.7508886629289946 3.6356733016454257 3.6975542749607624 3.949307278152234 3.7508886629289946 3.6975542749607624 3.6445584711110413 3.662185980192619 3.6005703687441484 3.9858598763479023 3.9218993832188556 3.7597233992346464 3.8225239117406637 3.609417136670968 3.8225239117406637 3.7240926157308536 3.8314321765100012 3.7418893017975585 3.6975542749607624 3.9401027488501636 3.8675087672497956 3.6269688296878213 3.7330730527728044 3.7508886629289946 3.8675087672497956 4.311688368423777 4.1800258668376475 4.34961720950167 4.124123872267262 4.189465240303201 4.302320178347698 4.068540840102059 4.2834243201376205 4.152126383386034 4.124123872267262 4.124123872267262 4.1800258668376475 4.217469681706391 4.292775448258381 4.004190501010748 4.050084518251851 4.189465240303201 4.445034863749972 4.706907035824327 4.589824969666061 4.706907035824327
3.990000 2.742980616656126 2.6132795030938096 3.183179005903807 2.9074745108151703 3.092629880406265 3.092629880406265 3.1913838645082113 2.812965469114768 3.141827112759656 3.0437937726389976 2.9873532967155483 3.1336813213896 3.076310974966537 3.0600322532138695 3.224620615797176 3.5569905434876103 3.4961777259428795 3.274772857790347 3.4360045872801006 3.2412984784516516 3.300063394777207 3.308405008172237 3.5049083193135044 3.367721434473514 3.274772857790347 3.5656197122137576 3.3507481470859304 3.4531725219753477 3.3507481470859304 3.5222306692969467 3.3507481470859304 3.367721434473514 3.4445005425392914 3.5569905434876103 3.41887543958404 3.3338139991916433 3.487624461659719 3.5222306692969467 3.591903471894591 3.41887543958404 3.5134806146228708 3.5308219592547823 3.274772857790347 3.2079823900123703 3.3507481470859304 3.912900182995015 3.8225239117406637 3.715294895303003 3.6445584711110413 3.706333425945615 3.6269688296878213 3.8766393410359554 3.6532816723590718 3.9583425389599913 3.679851275526602 3.7597233992346464 3.912900182995015 3.9218993832188556 3.858563995863041 3.9858598763479023 3.804559352137678 3.7418893017975585 3.994931013794065 3.7597233992346464 3.8947514340034837 3.9583425389599913 3.9858598763479023 3.8766393410359554 3.9675654368237803 3.9218993832188556 3.6532816723590718 3.7240926157308536 3.6532816723590718 3.609417136670968 3.6269688296878213 3.7330730527728044 3.706333425945615 3.994931013794065 3.949307278152234 4.059398514738147 4.059398514738147 4.04095991813958 4.09638298767736 4.124123872267262 4.105560618158931 4.17077822183587 4.059398514738147 4.236244017697849 4.013279506756297 4.09638298767736 4.022557214122902 4.077872904589594 4.34021505789757 4.245736319763044 4.04095991813958 4.124123872267262 4.541291684561032 4.541291684561032 4.795377261468363 4.464219566817621
