0.000000 390.70167749999996 379.83572999999996 367.08005249999997 355.26923999999997 372.27680999999995 359.993565 359.52113249999996 411.96114 369.9146475 356.21410499999996 359.52113249999996 366.60762 367.08005249999997 362.82815999999997 396.8433 402.0400575 442.66925249999997 248.499495 383.14275749999996 391.17411 362.82815999999997 363.3005925 364.2454575 403.457355 356.6865375 362.82815999999997 387.39464999999996 274.01085 375.111405 377.94599999999997 380.780595 380.3081625 396.8433 359.0487 362.3557275 382.670325 390.229245 386.44978499999996 358.103835 466.29087749999997 396.3708675 360.93843 377.94599999999997 372.7492425 438.41736 306.60869249999996 385.50491999999997 371.8043775 360.93843 406.29195 367.552485 404.87465249999997 353.8519425 382.670325 370.38707999999997 362.82815999999997 387.39464999999996 403.457355 372.7492425 392.118975 392.118975 361.4108625 376.05627 386.44978499999996 319.36437 375.111405 374.63897249999997 359.0487 278.2627425 365.1903225 362.3557275 396.8433 368.9697825 388.339515 389.75681249999997 367.08005249999997 98.73839249999999 405.347085 386.44978499999996 394.00870499999996 372.27680999999995 270.23139 369.9146475 392.5914075 360.93843 354.324375 385.9773525 375.58383749999996 393.5362725 350.544915 394.4811375 385.9773525 365.662755 373.221675 387.8670825 394.00870499999996 266.45193 381.72546 396.8433 387.39464999999996
0.010000 369.442215 371.33194499999996 362.82815999999997 389.28438 386.9222175 377.94599999999997 398.73303 364.2454575 390.229245 313.22274749999997 371.33194499999996 375.111405 368.49735 372.7492425 366.60762 351.01734749999997 396.8433 376.5287025 382.19789249999997 376.5287025 364.71788999999995 365.1903225 806.4422774999999 110.549205 402.51248999999996 371.33194499999996 380.780595 406.29195 378.89086499999996 376.5287025 384.560055 411.96114 374.16654 372.7492425 392.118975 361.883295 369.442215 409.5989775 385.50491999999997 391.6465425 365.1903225 381.2530275 414.32330249999995 365.662755 382.670325 647.232525 377.94599999999997 193.69732499999998 386.9222175 391.17411 361.4108625 393.06383999999997 385.9773525 436.52763 362.82815999999997 366.1351875 376.5287025 383.14275749999996 385.0324875 390.70167749999996 355.7416725 357.15897 358.103835 377.001135 368.02491749999996 382.19789249999997 367.552485 378.89086499999996 385.9773525 385.0324875 229.602195 385.9773525 365.1903225 367.08005249999997 392.5914075 439.8346575 449.75574 368.49735 385.9773525 374.16654 533.3762925 394.95356999999996 373.221675 371.8043775 365.1903225 396.3708675 412.906005 372.7492425 355.26923999999997 378.89086499999996 374.63897249999997 382.670325 356.6865375 379.3632975 386.9222175 346.2930225 368.49735 380.780595 385.0324875 378.4184325
0.020000 368.49735 372.7492425 368.49735 373.221675 392.118975 377.94599999999997 361.4108625 367.08005249999997 387.8670825 365.1903225 384.560055 361.4108625 385.9773525 388.8119475 368.49735 371.8043775 370.8595125 387.8670825 396.3708675 370.8595125 361.4108625 357.15897 377.001135 365.662755 381.72546 365.662755 375.58383749999996 390.229245 393.06383999999997 367.552485 375.58383749999996 385.9773525 380.780595 407.7092475 382.670325 646.7600924999999 362.82815999999997 393.06383999999997 374.16654 400.62275999999997 381.72546 396.3708675 384.0876225 362.82815999999997 389.28438 377.4735675 383.14275749999996 388.339515 381.72546 390.70167749999996 386.44978499999996 384.0876225 376.05627 399.677895 387.39464999999996 378.89086499999996 392.5914075 394.95356999999996 381.2530275 362.3557275 366.60762 363.3005925 368.9697825 319.8368025 395.4260025 386.9222175 371.8043775 386.9222175 368.02491749999996 389.75681249999997 378.89086499999996 375.111405 366.1351875 374.16654 375.58383749999996 362.3557275 388.339515 942.9752699999999 377.001135 398.73303 388.8119475 380.780595 444.08655 372.27680999999995 399.677895 355.26923999999997 362.3557275 393.06383999999997 519.2033175 382.670325 367.08005249999997 384.560055 391.6465425 310.86058499999996 359.993565 368.9697825 389.75681249999997 356.6865375 379.3632975 349.1276175
0.030000 387.8670825 396.8433 376.05627 404.87465249999997 366.60762 238.10598 364.2454575 280.624905 408.6541125 375.58383749999996 365.1903225 367.552485 388.339515 441.25195499999995 383.14275749999996 387.39464999999996 393.5362725 381.72546 373.6941075 305.191395 269.7589575 325.03355999999997 368.02491749999996 376.5287025 323.6162625 359.0487 378.89086499999996 398.26059749999996 366.1351875 377.94599999999997 376.5287025 382.19789249999997 374.63897249999997 814.47363 372.27680999999995 366.1351875 366.1351875 390.70167749999996 381.72546 402.9849225 405.347085 384.0876225 375.58383749999996 378.4184325 390.70167749999996 354.7968075 407.7092475 365.662755 370.8595125 364.71788999999995 400.62275999999997 385.9773525 396.3708675 394.00870499999996 380.780595 362.82815999999997 385.9773525 355.26923999999997 383.61519 408.18168 381.2530275 374.16654 530.5416974999999 386.44978499999996 372.27680999999995 384.560055 233.8540875 375.58383749999996 376.5287025 364.2454575 378.89086499999996 409.12654499999996 378.89086499999996 380.3081625 365.1903225 228.65733 394.95356999999996 381.2530275 359.52113249999996 363.77302499999996 371.33194499999996 445.97628 361.4108625 364.71788999999995 360.46599749999996 442.66925249999997 377.001135 398.26059749999996 384.0876225 411.016275 377.4735675 276.845445 894.787155 381.2530275 371.8043775 381.72546 385.9773525 387.8670825 868.330935 378.89086499999996
0.040000 393.06383999999997 340.6238325 393.5362725 385.9773525 389.28438 389.28438 814.0011975 397.788165 385.0324875 368.49735 392.5914075 376.5287025 409.5989775 376.05627 369.442215 401.56762499999996 360.93843 384.0876225 456.36979499999995 441.25195499999995 390.70167749999996 386.44978499999996 311.80545 382.670325 394.00870499999996 327.868155 376.5287025 394.95356999999996 394.4811375 383.14275749999996 381.72546 371.8043775 393.5362725 351.01734749999997 390.70167749999996 403.457355 408.18168 398.26059749999996 396.8433 170.54813249999998 363.3005925 378.89086499999996 405.347085 374.63897249999997 376.05627 377.94599999999997 392.118975 374.63897249999997 354.324375 381.2530275 394.00870499999996 365.662755 388.339515 372.7492425 395.4260025 387.39464999999996 396.8433 384.560055 418.575195 379.3632975 365.1903225 407.236815 408.6541125 387.8670825 404.40222 366.1351875 365.1903225 377.4735675 382.19789249999997 370.38707999999997 370.8595125 402.9849225 360.46599749999996 361.4108625 379.83572999999996 394.00870499999996 385.50491999999997 375.58383749999996 385.9773525 386.44978499999996 383.14275749999996 402.9849225 381.72546 386.9222175 371.33194499999996 384.560055 380.3081625 367.552485 366.1351875 375.111405 407.7092475 375.111405 366.1351875 390.70167749999996 373.6941075 392.118975 378.4184325 409.12654499999996 376.5287025 392.118975
0.050000 395.4260025 381.72546 380.780595 392.5914075 367.08005249999997 375.111405 432.2757375 385.0324875 378.89086499999996 405.347085 340.6238325 365.662755 385.9773525 374.16654 373.6941075 396.3708675 367.552485 368.02491749999996 384.0876225 386.44978499999996 354.7968075 360.93843 326.4508575 374.16654 397.788165 351.96221249999996 381.2530275 402.0400575 371.8043775 384.0876225 365.1903225 382.670325 404.87465249999997 409.5989775 387.8670825 376.05627 350.0724825 380.3081625 391.6465425 370.38707999999997 377.001135 397.788165 410.07140999999996 401.0951925 379.83572999999996 374.63897249999997 411.016275 392.118975 391.17411 403.9297875 378.89086499999996 443.141685 367.552485 390.70167749999996 231.96435749999998 391.17411 394.00870499999996 374.63897249999997 387.39464999999996 355.26923999999997 398.26059749999996 355.26923999999997 397.31573249999997 393.5362725 376.05627 405.347085 734.1601049999999 402.0400575 361.4108625 385.0324875 395.4260025 410.5438425 395.898435 387.8670825 379.83572999999996 388.8119475 403.9297875 394.4811375 394.4811375 394.95356999999996 379.3632975 387.8670825 387.8670825 391.17411 407.7092475 406.76438249999995 377.001135 389.75681249999997 368.49735 360.46599749999996 396.8433 388.8119475 441.25195499999995 370.38707999999997 376.05627 463.92871499999995 314.640045 452.11790249999996 388.339515 369.442215
0.060000 346.765455 379.83572999999996 394.00870499999996 389.28438 921.7158075 397.31573249999997 396.8433 378.89086499999996 405.81951749999996 380.3081625 379.83572999999996 389.28438 308.970855 367.552485 360.46599749999996 392.5914075 385.50491999999997 400.1503275 361.883295 387.39464999999996 374.16654 381.72546 385.0324875 394.00870499999996 383.14275749999996 380.780595 385.9773525 374.16654 371.33194499999996 390.70167749999996 380.780595 385.9773525 373.6941075 379.83572999999996 394.00870499999996 391.6465425 383.61519 392.5914075 364.71788999999995 395.4260025 380.3081625 381.72546 394.4811375 368.49735 391.6465425 414.795735 397.31573249999997 382.670325 405.81951749999996 382.670325 395.898435 390.70167749999996 374.16654 404.40222 404.40222 370.38707999999997 364.71788999999995 381.72546 404.87465249999997 456.36979499999995 387.39464999999996 370.38707999999997 397.788165 373.6941075 410.5438425 376.05627 376.05627 373.6941075 377.4735675 329.28545249999996 390.229245 367.08005249999997 374.63897249999997 399.20546249999995 369.442215 386.44978499999996 399.677895 397.31573249999997 330.70275 378.89086499999996 406.29195 391.6465425 391.17411 380.780595 373.6941075 490.384935 417.63032999999996 377.94599999999997 401.56762499999996 391.17411 323.6162625 381.72546 388.339515 452.11790249999996 370.8595125 403.9297875 380.780595 411.016275 388.339515 451.17303749999996
0.070000 385.9773525 391.17411 400.1503275 488.0227725 395.4260025 388.339515 396.8433 393.06383999999997 374.63897249999997 393.06383999999997 382.19789249999997 387.8670825 382.670325 386.44978499999996 378.4184325 398.73303 385.50491999999997 365.1903225 391.6465425 399.20546249999995 385.0324875 400.1503275 380.780595 394.4811375 383.61519 387.8670825 270.23139 405.81951749999996 400.1503275 241.4130075 373.6941075 375.111405 363.3005925 1.88973 401.0951925 385.9773525 402.51248999999996 377.001135 386.44978499999996 398.26059749999996 394.4811375 370.8595125 390.70167749999996 359.993565 374.16654 370.38707999999997 441.7243875 397.788165 409.12654499999996 372.7492425 371.33194499999996 400.1503275 399.20546249999995 363.77302499999996 376.5287025 371.8043775 378.4184325 360.93843 322.198965 374.16654 397.31573249999997 103.4627175 381.72546 385.0324875 374.16654 389.28438 404.87465249999997 396.3708675 388.8119475 383.61519 378.4184325 386.44978499999996 378.89086499999996 378.89086499999996 377.4735675 375.111405 394.4811375 384.0876225 350.0724825 398.73303 443.61411749999996 369.442215 381.2530275 406.76438249999995 382.670325 391.17411 367.08005249999997 365.1903225 399.677895 377.94599999999997 364.2454575 414.32330249999995 366.1351875 364.2454575 372.7492425 373.6941075 398.73303 269.7589575 396.3708675 412.43357249999997
0.080000 372.7492425 403.457355 397.788165 386.9222175 392.5914075 332.59247999999997 352.434645 370.8595125 373.6941075 383.14275749999996 394.4811375 378.4184325 362.82815999999997 377.4735675 404.87465249999997 390.70167749999996 380.780595 398.73303 399.677895 371.8043775 399.20546249999995 212.12219249999998 363.3005925 411.96114 390.229245 379.3632975 380.780595 386.9222175 379.3632975 398.26059749999996 402.9849225 408.6541125 404.87465249999997 396.3708675 362.82815999999997 402.9849225 385.9773525 402.9849225 407.7092475 389.75681249999997 361.4108625 408.18168 376.05627 373.6941075 392.5914075 406.76438249999995 388.339515 379.83572999999996 386.9222175 387.39464999999996 370.38707999999997 421.88222249999995 375.58383749999996 390.229245 409.12654499999996 394.00870499999996 407.7092475 414.32330249999995 385.0324875 410.5438425 208.81516499999998 383.14275749999996 378.4184325 383.61519 385.0324875 450.700605 401.56762499999996 377.4735675 368.02491749999996 392.118975 382.19789249999997 398.26059749999996 364.71788999999995 394.00870499999996 374.16654 389.28438 409.5989775 412.43357249999997 386.9222175 401.56762499999996 390.229245 384.0876225 369.442215 383.14275749999996 373.6941075 378.4184325 411.96114 378.89086499999996 405.347085 368.9697825 414.32330249999995 502.66817999999995 381.2530275 376.5287025 385.0324875 404.40222 361.4108625 351.96221249999996 559.3600799999999 331.1751825
0.090000 381.2530275 374.16654 360.46599749999996 386.44978499999996 385.50491999999997 385.9773525 404.40222 398.73303 369.442215 370.8595125 222.98814 392.118975 392.118975 380.3081625 367.08005249999997 454.48006499999997 439.8346575 394.4811375 377.4735675 392.118975 417.63032999999996 410.07140999999996 368.02491749999996 419.99249249999997 393.06383999999997 403.9297875 358.5762675 388.339515 409.5989775 374.63897249999997 393.06383999999997 407.7092475 393.5362725 379.83572999999996 389.28438 368.02491749999996 390.70167749999996 391.17411 377.4735675 369.442215 392.118975 364.2454575 381.72546 388.339515 380.3081625 398.73303 390.70167749999996 384.0876225 390.70167749999996 372.7492425 375.58383749999996 405.347085 376.05627 362.3557275 405.347085 361.883295 401.0951925 380.3081625 393.5362725 239.05084499999998 387.8670825 409.5989775 388.339515 394.95356999999996 412.906005 361.883295 392.5914075 392.5914075 367.08005249999997 379.3632975 366.1351875 377.001135 394.95356999999996 391.6465425 399.20546249999995 404.40222 377.001135 401.56762499999996 381.2530275 410.07140999999996 406.29195 398.73303 397.31573249999997 456.36979499999995 364.2454575 390.229245 386.9222175 389.75681249999997 381.2530275 383.14275749999996 404.40222 400.62275999999997 446.92114499999997 397.31573249999997 368.9697825 366.1351875 425.6616825 396.3708675 377.001135 364.2454575
0.100000 445.5038475 399.677895 377.4735675 385.50491999999997 376.5287025 371.8043775 400.1503275 394.95356999999996 403.9297875 395.4260025 399.20546249999995 400.62275999999997 369.442215 408.18168 334.48221 388.8119475 402.0400575 372.7492425 384.560055 392.118975 400.1503275 384.0876225 373.221675 367.08005249999997 375.111405 413.85087 412.43357249999997 379.3632975 527.2346699999999 450.700605 382.670325 375.111405 389.75681249999997 378.4184325 365.1903225 380.3081625 326.4508575 366.1351875 374.16654 383.14275749999996 387.39464999999996 446.92114499999997 446.4487125 412.43357249999997 415.7406 376.5287025 441.25195499999995 388.339515 386.9222175 70.3924425 396.8433 377.001135 403.457355 397.788165 381.72546 500.3060175 401.0951925 359.0487 389.75681249999997 390.229245 402.9849225 399.20546249999995 391.6465425 395.4260025 400.1503275 243.77516999999997 378.89086499999996 328.34058749999997 438.41736 378.4184325 372.7492425 386.44978499999996 390.229245 390.70167749999996 403.457355 368.02491749999996 397.31573249999997 421.88222249999995 395.4260025 403.9297875 391.6465425 316.0573425 451.64547 364.2454575 368.9697825 394.4811375 388.339515 322.198965 368.9697825 375.58383749999996 397.788165 675.5784749999999 385.50491999999997 622.1936025 391.17411 365.1903225 370.8595125 375.111405 373.6941075 389.75681249999997
0.110000 411.016275 393.06383999999997 413.37843749999996 300.46707 397.31573249999997 386.44978499999996 388.8119475 382.19789249999997 366.1351875 379.83572999999996 378.89086499999996 369.9146475 359.993565 372.7492425 409.12654499999996 364.71788999999995 360.93843 411.4887075 380.780595 391.17411 406.29195 401.56762499999996 405.81951749999996 368.02491749999996 341.5686975 407.7092475 369.9146475 392.5914075 391.6465425 379.3632975 332.59247999999997 363.77302499999996 369.9146475 404.40222 404.40222 419.99249249999997 376.5287025 572.5881899999999 386.9222175 387.39464999999996 391.17411 380.780595 411.4887075 397.788165 452.11790249999996 377.001135 424.7168175 379.83572999999996 384.0876225 413.37843749999996 160.1546175 378.4184325 383.61519 394.4811375 415.2681675 386.9222175 391.17411 386.9222175 399.677895 394.4811375 393.06383999999997 369.442215 385.50491999999997 392.118975 403.457355 390.229245 376.05627 399.20546249999995 367.552485 390.70167749999996 399.20546249999995 416.68546499999997 356.6865375 414.32330249999995 407.236815 386.9222175 371.8043775 403.457355 385.50491999999997 508.8098025 416.2130325 405.81951749999996 377.4735675 426.13411499999995 414.795735 385.50491999999997 370.38707999999997 394.4811375 364.71788999999995 397.788165 388.339515 402.0400575 385.50491999999997 388.339515 394.95356999999996 379.83572999999996 396.3708675 432.2757375 368.9697825 412.906005
0.120000 391.17411 402.51248999999996 402.0400575 390.70167749999996 331.647615 386.44978499999996 370.8595125 399.20546249999995 392.118975 405.81951749999996 395.4260025 407.7092475 407.7092475 391.6465425 369.442215 384.0876225 386.44978499999996 382.670325 397.788165 395.4260025 449.75574 385.50491999999997 394.95356999999996 386.44978499999996 406.76438249999995 370.8595125 365.1903225 400.1503275 374.16654 396.3708675 413.37843749999996 400.1503275 409.5989775 395.898435 394.95356999999996 383.61519 382.670325 378.89086499999996 336.37194 396.3708675 323.6162625 393.06383999999997 375.58383749999996 411.96114 398.26059749999996 386.44978499999996 373.6941075 378.4184325 376.05627 380.780595 380.780595 364.2454575 386.44978499999996 334.0097775 399.677895 380.780595 396.8433 371.33194499999996 394.4811375 407.236815 405.347085 422.8270875 386.44978499999996 422.8270875 493.21952999999996 384.560055 370.8595125 395.898435 384.0876225 393.5362725 391.6465425 358.103835 410.07140999999996 409.5989775 391.6465425 372.7492425 405.347085 283.93193249999996 391.17411 411.96114 393.5362725 383.61519 398.26059749999996 386.9222175 397.31573249999997 393.06383999999997 371.8043775 377.001135 369.442215 390.70167749999996 412.43357249999997 394.95356999999996 402.9849225 375.111405 396.3708675 416.68546499999997 413.85087 400.62275999999997 400.1503275 397.788165
0.130000 412.906005 401.56762499999996 602.3514375 398.73303 390.70167749999996 394.00870499999996 422.8270875 367.552485 384.0876225 439.8346575 387.39464999999996 284.8767975 394.4811375 375.58383749999996 390.229245 370.38707999999997 382.19789249999997 398.26059749999996 401.0951925 404.87465249999997 380.3081625 405.81951749999996 380.780595 394.4811375 330.2303175 424.24438499999997 389.75681249999997 381.2530275 399.20546249999995 390.229245 413.37843749999996 372.27680999999995 407.236815 397.31573249999997 405.347085 405.81951749999996 384.560055 386.44978499999996 425.18924999999996 391.17411 381.72546 406.29195 392.118975 384.560055 334.48221 37.3221675 394.95356999999996 378.4184325 387.8670825 372.7492425 398.73303 377.4735675 419.99249249999997 415.7406 400.62275999999997 365.1903225 341.5686975 386.9222175 400.62275999999997 379.83572999999996 406.76438249999995 388.339515 398.73303 370.38707999999997 391.17411 368.49735 396.3708675 414.32330249999995 369.9146475 403.457355 388.339515 395.898435 682.1925299999999 368.9697825 369.442215 403.9297875 392.118975 380.780595 393.06383999999997 420.464925 405.81951749999996 393.06383999999997 473.84979749999997 371.8043775 414.32330249999995 371.8043775 383.14275749999996 408.6541125 332.59247999999997 377.4735675 384.560055 391.17411 427.55141249999997 393.06383999999997 394.4811375 386.44978499999996 876.83472 397.31573249999997 403.457355 390.229245
0.140000 389.75681249999997 403.457355 405.81951749999996 387.8670825 390.70167749999996 392.5914075 362.3557275 447.3935775 400.1503275 387.39464999999996 439.8346575 442.66925249999997 390.229245 414.795735 412.43357249999997 415.7406 387.8670825 401.56762499999996 395.898435 381.72546 402.0400575 412.43357249999997 406.29195 389.28438 630.6973875 374.16654 403.9297875 398.26059749999996 391.6465425 402.9849225 395.898435 402.0400575 420.464925 403.457355 397.788165 372.7492425 392.5914075 405.347085 448.81087499999995 401.0951925 410.5438425 372.7492425 392.5914075 382.670325 388.8119475 415.2681675 372.7492425 382.670325 402.51248999999996 214.0119225 404.87465249999997 388.8119475 385.0324875 393.06383999999997 18.424867499999998 388.8119475 393.06383999999997 391.6465425 377.001135 399.20546249999995 374.63897249999997 395.898435 400.1503275 401.56762499999996 383.61519 400.62275999999997 381.72546 393.06383999999997 407.236815 397.788165 412.906005 401.56762499999996 297.1600425 384.0876225 409.12654499999996 410.5438425 399.20546249999995 432.2757375 399.20546249999995 390.229245 408.6541125 402.0400575 408.6541125 389.28438 707.703885 403.9297875 393.06383999999997 398.73303 399.20546249999995 385.9773525 420.93735749999996 78.8962275 382.19789249999997 435.11033249999997 399.677895 374.16654 402.51248999999996 382.19789249999997 392.118975 250.86165749999998
0.150000 398.26059749999996 386.9222175 382.19789249999997 389.28438 376.5287025 402.9849225 381.72546 406.29195 440.7795225 402.0400575 391.17411 385.0324875 409.12654499999996 400.62275999999997 208.34273249999998 395.898435 409.12654499999996 409.12654499999996 394.95356999999996 403.457355 403.457355 390.70167749999996 375.58383749999996 381.2530275 391.17411 418.575195 469.59790499999997 393.06383999999997 407.7092475 389.28438 402.9849225 388.339515 395.4260025 394.95356999999996 424.24438499999997 407.7092475 407.7092475 71.80973999999999 293.85301499999997 399.20546249999995 384.560055 381.2530275 391.17411 373.221675 378.89086499999996 403.9297875 401.0951925 387.39464999999996 403.457355 393.06383999999997 389.28438 401.56762499999996 394.4811375 389.28438 390.70167749999996 418.575195 412.43357249999997 490.85736749999995 445.031415 411.96114 395.898435 412.43357249999997 397.31573249999997 397.31573249999997 386.44978499999996 392.5914075 414.32330249999995 390.70167749999996 454.9524975 383.14275749999996 378.89086499999996 397.788165 388.8119475 380.780595 401.56762499999996 617.94171 743.608755 368.9697825 412.906005 399.677895 412.43357249999997 291.01842 397.788165 362.3557275 383.14275749999996 364.2454575 383.14275749999996 393.5362725 394.4811375 514.951425 408.6541125 394.00870499999996 423.29952 396.3708675 406.76438249999995 392.118975 293.3805825 468.18060749999995 409.12654499999996 401.0951925
0.160000 389.75681249999997 384.0876225 408.6541125 534.79359 395.898435 383.61519 401.0951925 399.677895 404.40222 398.26059749999996 372.27680999999995 442.66925249999997 377.4735675 399.20546249999995 394.4811375 394.95356999999996 377.4735675 393.06383999999997 387.8670825 379.3632975 402.51248999999996 388.8119475 390.229245 397.788165 382.19789249999997 373.221675 400.62275999999997 572.5881899999999 395.898435 385.9773525 375.111405 364.71788999999995 375.58383749999996 412.43357249999997 376.05627 405.347085 386.44978499999996 369.442215 365.662755 390.229245 403.457355 300.46707 379.83572999999996 398.73303 398.73303 385.50491999999997 394.00870499999996 382.670325 389.75681249999997 389.75681249999997 395.898435 385.50491999999997 422.8270875 394.4811375 395.898435 402.9849225 417.1578975 385.9773525 402.51248999999996 68.975145 402.51248999999996 384.560055 380.780595 382.19789249999997 410.5438425 374.63897249999997 424.7168175 386.44978499999996 408.18168 391.6465425 385.50491999999997 378.4184325 409.12654499999996 385.9773525 413.85087 410.5438425 385.50491999999997 375.58383749999996 414.795735 405.347085 391.17411 383.61519 432.2757375 377.4735675 404.40222 401.56762499999996 387.8670825 373.6941075 398.26059749999996 412.43357249999997 383.14275749999996 391.6465425 406.76438249999995 411.96114 419.52006 410.07140999999996 398.73303 407.7092475 405.347085 406.76438249999995
0.170000 387.39464999999996 402.9849225 383.61519 383.61519 489.91250249999996 383.14275749999996 401.56762499999996 405.347085 415.7406 401.56762499999996 399.20546249999995 453.5352 390.70167749999996 419.52006 377.001135 370.8595125 397.788165 392.118975 411.016275 411.96114 419.99249249999997 392.118975 359.993565 410.5438425 363.3005925 387.8670825 377.94599999999997 402.9849225 415.7406 387.39464999999996 412.43357249999997 403.457355 420.464925 406.29195 427.07898 380.780595 401.56762499999996 395.898435 394.95356999999996 402.51248999999996 418.575195 428.023845 537.628185 368.49735 394.00870499999996 381.72546 447.3935775 390.70167749999996 388.339515 404.87465249999997 386.44978499999996 384.0876225 398.26059749999996 372.7492425 379.83572999999996 407.236815 411.96114 86.92757999999999 386.44978499999996 401.0951925 400.1503275 402.51248999999996 402.51248999999996 388.8119475 389.75681249999997 590.0681925 398.73303 413.37843749999996 300.9395025 404.87465249999997 389.28438 399.20546249999995 389.75681249999997 365.1903225 420.464925 403.457355 389.28438 402.51248999999996 397.788165 414.795735 400.1503275 396.3708675 377.94599999999997 403.9297875 400.1503275 366.1351875 413.37843749999996 419.0476275 378.89086499999996 409.5989775 385.9773525 388.8119475 404.87465249999997 387.8670825 404.40222 407.236815 410.07140999999996 425.6616825 372.27680999999995 361.883295
0.180000 398.73303 390.229245 373.6941075 380.780595 403.457355 422.8270875 391.6465425 529.5968325 389.75681249999997 378.4184325 374.16654 401.0951925 392.5914075 413.37843749999996 374.63897249999997 418.1027625 558.8876475 394.00870499999996 381.72546 650.5395525 387.8670825 391.6465425 404.40222 387.39464999999996 417.63032999999996 391.17411 407.236815 407.236815 394.95356999999996 363.77302499999996 373.221675 392.5914075 419.99249249999997 371.33194499999996 374.16654 405.347085 399.677895 412.906005 428.49627749999996 415.7406 394.00870499999996 390.229245 384.560055 409.12654499999996 801.2455199999999 418.575195 419.52006 385.50491999999997 403.9297875 386.44978499999996 389.28438 330.2303175 368.02491749999996 369.9146475 399.677895 372.27680999999995 375.111405 389.75681249999997 406.76438249999995 396.3708675 390.70167749999996 337.78923749999996 418.1027625 403.9297875 383.61519 376.05627 392.118975 386.9222175 387.8670825 397.788165 410.5438425 375.111405 386.44978499999996 418.575195 380.780595 412.906005 412.906005 384.0876225 400.1503275 875.889855 381.2530275 405.81951749999996 407.236815 389.28438 377.4735675 399.20546249999995 403.9297875 410.07140999999996 401.56762499999996 415.2681675 402.51248999999996 402.0400575 394.4811375 415.2681675 394.4811375 400.1503275 526.7622375 408.18168 374.63897249999997 276.845445
0.190000 395.4260025 408.6541125 379.83572999999996 414.795735 407.236815 392.5914075 421.40979 400.1503275 371.33194499999996 416.68546499999997 417.63032999999996 391.17411 422.354655 401.56762499999996 385.50491999999997 420.464925 399.677895 375.58383749999996 395.4260025 388.8119475 395.4260025 378.89086499999996 396.3708675 406.76438249999995 388.8119475 385.50491999999997 384.560055 411.4887075 405.347085 397.788165 411.016275 409.5989775 872.5828275 430.85844 407.236815 423.29952 404.40222 391.6465425 395.898435 403.457355 375.58383749999996 391.17411 393.5362725 379.3632975 407.236815 423.29952 421.40979 421.40979 378.4184325 422.354655 501.72331499999996 384.0876225 384.0876225 385.9773525 412.43357249999997 390.229245 377.4735675 378.89086499999996 399.677895 394.95356999999996 410.07140999999996 402.9849225 408.6541125 395.898435 421.88222249999995 399.20546249999995 422.8270875 455.8973625 388.8119475 407.236815 423.7719525 295.2703125 402.9849225 423.29952 381.2530275 300.46707 370.8595125 475.267095 411.016275 421.88222249999995 422.8270875 394.00870499999996 388.8119475 389.28438 390.229245 408.18168 381.2530275 10.865947499999999 345.34815749999996 402.9849225 420.93735749999996 402.51248999999996 421.88222249999995 402.0400575 399.677895 400.1503275 422.8270875 409.12654499999996 410.5438425 569.2811624999999
0.200000 377.4735675 400.1503275 403.9297875 414.795735 380.780595 397.31573249999997 410.07140999999996 369.9146475 384.0876225 412.906005 400.62275999999997 423.7719525 416.2130325 396.8433 386.44978499999996 390.70167749999996 379.3632975 406.76438249999995 418.575195 402.0400575 380.780595 405.81951749999996 402.9849225 396.3708675 388.8119475 301.41193499999997 404.87465249999997 393.06383999999997 400.1503275 406.29195 385.50491999999997 408.6541125 405.81951749999996 415.7406 395.4260025 386.44978499999996 395.4260025 399.677895 433.2206025 396.8433 405.347085 397.788165 389.28438 377.4735675 402.9849225 390.70167749999996 392.5914075 378.89086499999996 400.1503275 406.29195 409.5989775 350.544915 396.8433 415.2681675 408.18168 405.347085 393.5362725 407.236815 397.788165 389.75681249999997 414.795735 396.8433 408.6541125 418.575195 399.20546249999995 419.52006 382.19789249999997 389.75681249999997 403.457355 390.229245 379.83572999999996 423.29952 399.677895 396.3708675 421.88222249999995 384.560055 402.9849225 388.339515 407.236815 377.94599999999997 386.44978499999996 413.37843749999996 413.37843749999996 398.26059749999996 392.5914075 425.18924999999996 437.9449275 412.906005 410.07140999999996 381.2530275 369.9146475 394.95356999999996 426.13411499999995 299.04977249999996 230.0746275 385.9773525 406.29195 429.913575 383.14275749999996 419.52006
0.210000 416.68546499999997 414.32330249999995 411.016275 385.0324875 399.20546249999995 394.95356999999996 402.51248999999996 534.79359 413.37843749999996 387.39464999999996 402.9849225 419.99249249999997 408.18168 388.339515 405.347085 396.8433 396.3708675 396.8433 401.56762499999996 401.56762499999996 391.17411 373.6941075 419.52006 389.75681249999997 407.7092475 418.1027625 412.43357249999997 419.52006 379.83572999999996 380.3081625 389.75681249999997 391.17411 426.13411499999995 382.19789249999997 406.76438249999995 415.2681675 419.99249249999997 389.75681249999997 429.44114249999996 391.6465425 397.31573249999997 465.3460125 392.118975 461.5665525 352.90707749999996 408.6541125 419.99249249999997 411.96114 408.18168 405.347085 455.8973625 416.2130325 479.04655499999996 395.898435 394.95356999999996 389.28438 402.51248999999996 403.457355 384.0876225 402.51248999999996 427.55141249999997 395.898435 380.780595 384.0876225 368.9697825 378.89086499999996 421.40979 283.4595 410.07140999999996 420.464925 398.73303 422.8270875 408.18168 377.001135 405.347085 428.023845 424.24438499999997 410.07140999999996 412.43357249999997 471.0152025 422.8270875 384.0876225 396.8433 468.65304 372.27680999999995 396.3708675 395.4260025 408.6541125 394.95356999999996 414.32330249999995 392.5914075 414.32330249999995 414.795735 408.6541125 384.0876225 402.51248999999996 407.7092475 413.85087 376.05627 399.677895
0.220000 408.6541125 381.72546 414.795735 410.07140999999996 394.95356999999996 392.5914075 427.07898 394.00870499999996 398.26059749999996 371.33194499999996 396.3708675 405.81951749999996 386.44978499999996 404.87465249999997 331.1751825 412.906005 405.347085 860.2995824999999 416.68546499999997 418.1027625 414.795735 407.7092475 408.18168 392.118975 385.0324875 375.111405 379.3632975 401.0951925 417.1578975 394.95356999999996 412.906005 434.1654675 385.50491999999997 455.8973625 391.6465425 415.2681675 408.6541125 399.677895 325.97842499999996 394.4811375 410.5438425 377.4735675 403.9297875 383.14275749999996 421.40979 386.44978499999996 378.89086499999996 406.29195 408.6541125 256.05841499999997 409.12654499999996 383.14275749999996 378.89086499999996 418.575195 414.32330249999995 387.39464999999996 398.26059749999996 391.6465425 397.788165 399.20546249999995 392.5914075 406.76438249999995 388.8119475 414.32330249999995 403.457355 404.40222 403.457355 423.7719525 395.4260025 413.85087 402.51248999999996 399.677895 411.96114 408.6541125 407.236815 394.95356999999996 388.8119475 379.83572999999996 374.63897249999997 380.780595 378.4184325 405.347085 411.016275 395.898435 399.20546249999995 394.00870499999996 410.5438425 343.93086 390.70167749999996 404.40222 243.30273749999998 395.898435 412.43357249999997 400.1503275 396.3708675 398.26059749999996 399.20546249999995 411.96114 401.56762499999996 425.6616825
0.230000 113.3838 390.70167749999996 383.61519 390.70167749999996 384.0876225 420.464925 387.8670825 390.70167749999996 396.8433 398.26059749999996 405.347085 416.2130325 389.28438 661.8779324999999 343.93086 423.7719525 401.0951925 369.9146475 341.5686975 399.20546249999995 408.6541125 402.0400575 404.40222 366.60762 348.1827525 383.14275749999996 380.780595 405.347085 398.73303 398.73303 411.4887075 397.788165 412.43357249999997 393.5362725 386.44978499999996 401.0951925 418.1027625 407.7092475 363.3005925 416.68546499999997 410.07140999999996 411.016275 428.023845 386.44978499999996 423.29952 408.18168 409.5989775 381.72546 404.40222 426.13411499999995 428.96871 428.49627749999996 396.3708675 402.9849225 385.50491999999997 463.92871499999995 382.19789249999997 402.51248999999996 407.236815 402.0400575 432.74816999999996 406.29195 407.236815 381.72546 398.26059749999996 53.857305 391.6465425 403.457355 512.5892625 381.2530275 408.6541125 419.0476275 406.29195 383.61519 379.83572999999996 421.88222249999995 406.76438249999995 395.4260025 423.29952 416.2130325 432.74816999999996 417.1578975 391.17411 419.99249249999997 417.63032999999996 394.00870499999996 381.72546 418.1027625 394.4811375 401.56762499999996 413.85087 386.44978499999996 407.236815 432.74816999999996 433.2206025 409.12654499999996 397.31573249999997 396.8433 386.9222175 395.898435
0.240000 467.23574249999996 383.14275749999996 385.0324875 411.4887075 410.5438425 418.1027625 387.39464999999996 413.85087 394.00870499999996 397.31573249999997 405.81951749999996 391.17411 733.21524 379.83572999999996 394.4811375 401.0951925 397.788165 388.8119475 425.18924999999996 387.39464999999996 429.44114249999996 400.1503275 396.8433 390.70167749999996 421.88222249999995 412.43357249999997 399.677895 396.3708675 390.70167749999996 415.7406 391.17411 419.99249249999997 505.502775 402.0400575 374.63897249999997 505.97520749999995 395.898435 406.29195 404.40222 416.2130325 412.906005 395.898435 389.28438 410.5438425 402.51248999999996 557.9427825 400.62275999999997 423.29952 429.913575 408.18168 415.2681675 377.94599999999997 402.9849225 345.34815749999996 403.457355 398.26059749999996 545.187105 408.18168 398.73303 422.354655 402.51248999999996 451.64547 416.68546499999997 421.40979 171.020565 715.262805 389.28438 399.20546249999995 403.457355 400.1503275 408.6541125 406.29195 340.15139999999997 404.40222 427.55141249999997 509.28223499999996 412.906005 419.99249249999997 417.1578975 399.677895 417.1578975 395.898435 407.7092475 283.93193249999996 404.40222 399.677895 396.3708675 418.1027625 387.39464999999996 419.0476275 399.20546249999995 401.56762499999996 428.023845 409.12654499999996 383.14275749999996 401.56762499999996 404.87465249999997 417.1578975 471.48763499999995 418.575195
0.250000 414.795735 424.24438499999997 380.3081625 414.32330249999995 391.17411 408.18168 372.27680999999995 427.07898 385.50491999999997 410.07140999999996 411.4887075 408.6541125 404.40222 396.8433 418.575195 428.96871 433.2206025 391.6465425 405.81951749999996 429.913575 419.0476275 418.575195 431.3308725 397.788165 375.58383749999996 412.43357249999997 417.63032999999996 414.32330249999995 422.8270875 399.677895 401.56762499999996 298.57734 398.26059749999996 411.016275 404.40222 387.39464999999996 411.4887075 395.4260025 390.70167749999996 401.0951925 391.17411 415.7406 374.63897249999997 390.70167749999996 420.93735749999996 410.5438425 406.29195 416.68546499999997 401.0951925 392.5914075 409.12654499999996 388.339515 502.1957475 415.7406 403.457355 414.32330249999995 430.85844 403.9297875 406.76438249999995 419.52006 400.62275999999997 387.8670825 384.560055 408.6541125 426.6065475 420.93735749999996 401.0951925 406.76438249999995 409.5989775 373.6941075 389.28438 392.118975 395.4260025 407.236815 395.4260025 420.93735749999996 417.1578975 437.00006249999996 407.7092475 416.2130325 391.6465425 542.3525099999999 403.457355 396.8433 398.26059749999996 409.12654499999996 415.7406 422.354655 406.29195 418.575195 404.40222 427.55141249999997 417.1578975 407.7092475 417.1578975 407.236815 696.8379375 395.4260025 396.8433 392.118975
0.260000 389.75681249999997 390.70167749999996 413.37843749999996 409.5989775 378.89086499999996 424.7168175 388.339515 399.677895 385.9773525 394.00870499999996 420.93735749999996 407.236815 346.765455 416.2130325 409.12654499999996 428.023845 424.7168175 413.85087 410.5438425 393.06383999999997 392.118975 433.69303499999995 416.2130325 440.7795225 409.5989775 188.97299999999998 399.677895 395.4260025 413.85087 391.6465425 385.0324875 414.32330249999995 414.32330249999995 397.31573249999997 406.29195 418.1027625 841.4022825 428.96871 400.1503275 402.0400575 398.73303 401.56762499999996 415.7406 391.17411 418.1027625 410.07140999999996 396.3708675 411.96114 395.898435 391.17411 381.72546 398.73303 418.1027625 411.016275 396.8433 402.9849225 406.29195 429.913575 402.51248999999996 415.2681675 385.9773525 431.80330499999997 394.95356999999996 398.73303 393.5362725 411.4887075 403.457355 400.62275999999997 410.5438425 418.575195 423.7719525 341.09626499999996 601.879005 418.575195 181.41407999999998 400.1503275 415.2681675 463.4562825 438.41736 405.347085 425.18924999999996 444.08655 402.51248999999996 385.50491999999997 420.464925 408.18168 483.77088 410.07140999999996 403.457355 404.40222 415.7406 392.118975 405.347085 416.68546499999997 400.1503275 419.52006 392.5914075 385.50491999999997 398.26059749999996 455.42492999999996
0.270000 435.582765 383.14275749999996 411.016275 381.2530275 405.81951749999996 407.236815 400.62275999999997 450.700605 394.4811375 399.20546249999995 415.2681675 411.016275 402.9849225 299.522205 419.52006 420.93735749999996 316.529775 403.457355 380.3081625 406.76438249999995 394.00870499999996 410.07140999999996 407.236815 406.76438249999995 931.63689 398.73303 387.8670825 430.85844 419.52006 438.41736 401.0951925 399.20546249999995 174.32759249999998 378.89086499999996 424.7168175 377.4735675 426.6065475 517.78602 398.73303 410.5438425 421.40979 409.12654499999996 384.560055 379.3632975 411.96114 380.3081625 408.18168 404.87465249999997 395.4260025 419.0476275 419.52006 396.8433 417.63032999999996 414.795735 394.95356999999996 420.464925 399.677895 388.339515 400.1503275 420.93735749999996 425.6616825 394.95356999999996 394.4811375 429.913575 415.7406 394.00870499999996 374.63897249999997 414.32330249999995 442.66925249999997 419.99249249999997 395.4260025 385.9773525 388.8119475 407.7092475 405.81951749999996 383.14275749999996 407.7092475 416.68546499999997 545.187105 414.32330249999995 488.495205 397.788165 422.354655 431.3308725 423.29952 401.0951925 417.63032999999996 350.0724825 417.63032999999996 403.9297875 422.8270875 389.75681249999997 418.1027625 396.3708675 390.229245 418.575195 396.3708675 403.9297875 414.795735 418.1027625
0.280000 414.795735 347.71031999999997 412.43357249999997 407.7092475 429.44114249999996 426.13411499999995 397.788165 384.0876225 414.795735 401.0951925 415.7406 389.28438 386.44978499999996 372.27680999999995 405.81951749999996 399.677895 410.07140999999996 462.5114175 418.575195 463.4562825 419.52006 429.913575 427.07898 416.68546499999997 404.40222 382.670325 393.5362725 387.8670825 423.29952 405.347085 412.43357249999997 395.4260025 441.7243875 402.0400575 426.13411499999995 395.4260025 396.8433 356.21410499999996 394.95356999999996 389.75681249999997 353.37951 412.906005 416.68546499999997 415.2681675 402.9849225 413.85087 376.5287025 415.7406 409.12654499999996 414.795735 411.4887075 394.95356999999996 419.0476275 406.76438249999995 394.4811375 399.677895 391.17411 399.20546249999995 383.14275749999996 398.26059749999996 426.13411499999995 512.5892625 413.37843749999996 401.56762499999996 414.32330249999995 402.9849225 419.99249249999997 408.6541125 394.95356999999996 385.50491999999997 428.023845 422.354655 462.98384999999996 417.63032999999996 412.906005 407.236815 408.6541125 408.18168 413.37843749999996 381.72546 412.906005 417.1578975 403.457355 422.8270875 434.6379 413.37843749999996 443.141685 415.2681675 415.2681675 411.4887075 401.0951925 398.26059749999996 409.5989775 413.85087 428.023845 444.55898249999996 294.79787999999996 419.99249249999997 379.83572999999996 397.788165
0.290000 412.43357249999997 415.2681675 426.6065475 412.906005 394.00870499999996 407.7092475 419.99249249999997 378.4184325 429.44114249999996 419.99249249999997 403.457355 396.8433 397.788165 409.12654499999996 427.07898 422.354655 395.4260025 397.788165 416.68546499999997 404.40222 411.016275 413.85087 421.40979 411.016275 435.11033249999997 399.677895 402.51248999999996 395.4260025 388.8119475 410.07140999999996 412.906005 411.96114 394.95356999999996 402.51248999999996 404.40222 412.906005 640.61847 464.87358 385.50491999999997 434.6379 392.5914075 420.464925 429.913575 413.37843749999996 402.9849225 420.93735749999996 388.8119475 394.4811375 391.17411 416.2130325 376.05627 427.55141249999997 408.6541125 413.85087 398.26059749999996 394.00870499999996 397.788165 407.236815 408.6541125 466.76331 390.70167749999996 411.4887075 338.7341025 419.52006 403.9297875 396.8433 401.56762499999996 93.541635 412.906005 423.7719525 404.40222 427.55141249999997 402.51248999999996 387.39464999999996 300.46707 421.40979 344.40329249999996 433.69303499999995 414.795735 422.354655 402.0400575 397.31573249999997 408.6541125 370.8595125 416.68546499999997 415.2681675 392.118975 429.913575 413.85087 430.3860075 215.42922 405.81951749999996 412.43357249999997 437.9449275 411.4887075 394.00870499999996 423.29952 444.08655 413.37843749999996 383.61519
0.300000 401.0951925 385.0324875 412.43357249999997 408.6541125 379.83572999999996 391.17411 408.18168 384.560055 401.0951925 420.93735749999996 411.4887075 394.95356999999996 384.0876225 342.985995 420.93735749999996 418.575195 419.99249249999997 393.5362725 428.023845 416.2130325 395.4260025 404.40222 422.8270875 419.99249249999997 392.5914075 424.24438499999997 411.4887075 391.6465425 399.677895 411.96114 408.6541125 550.3838625 411.96114 396.3708675 420.464925 422.8270875 388.339515 353.37951 381.72546 387.8670825 407.236815 388.8119475 410.07140999999996 412.43357249999997 413.37843749999996 410.5438425 418.575195 388.339515 403.9297875 406.76438249999995 400.62275999999997 402.9849225 407.7092475 419.99249249999997 408.18168 429.44114249999996 394.4811375 413.37843749999996 430.85844 417.63032999999996 414.795735 411.96114 424.24438499999997 433.69303499999995 428.96871 410.07140999999996 426.6065475 412.43357249999997 469.1254725 395.4260025 400.62275999999997 424.7168175 412.906005 410.5438425 395.898435 424.7168175 411.96114 413.85087 388.8119475 390.70167749999996 393.06383999999997 290.073555 416.68546499999997 393.5362725 415.7406 420.464925 430.85844 422.354655 422.8270875 408.6541125 420.464925 439.8346575 396.3708675 355.7416725 411.016275 398.26059749999996 400.62275999999997 492.27466499999997 396.8433 419.99249249999997
0.310000 382.670325 391.6465425 377.94599999999997 398.73303 433.2206025 428.023845 390.70167749999996 402.51248999999996 393.5362725 431.3308725 399.677895 431.80330499999997 407.236815 422.354655 413.85087 391.6465425 409.5989775 433.69303499999995 408.18168 416.68546499999997 394.95356999999996 429.913575 411.96114 410.5438425 399.20546249999995 409.5989775 807.859575 428.49627749999996 374.63897249999997 402.51248999999996 424.7168175 414.32330249999995 404.87465249999997 437.472495 469.59790499999997 398.26059749999996 415.7406 419.0476275 422.354655 404.87465249999997 431.3308725 411.016275 395.4260025 411.016275 401.56762499999996 406.29195 417.63032999999996 411.016275 425.6616825 422.354655 394.4811375 447.86600999999996 377.94599999999997 441.25195499999995 415.7406 404.40222 398.73303 427.07898 418.1027625 396.8433 412.906005 401.0951925 433.2206025 411.4887075 422.8270875 399.677895 412.906005 428.49627749999996 440.30708999999996 411.4887075 395.4260025 426.13411499999995 411.4887075 410.07140999999996 413.37843749999996 399.20546249999995 473.84979749999997 427.55141249999997 398.73303 419.0476275 415.7406 400.62275999999997 394.00870499999996 418.1027625 440.30708999999996 387.39464999999996 336.37194 401.56762499999996 394.00870499999996 404.40222 412.43357249999997 424.24438499999997 399.20546249999995 439.8346575 424.24438499999997 403.457355 251.8065225 403.9297875 409.12654499999996 401.0951925
0.320000 459.67682249999996 404.40222 358.5762675 384.560055 340.6238325 436.52763 393.06383999999997 410.07140999999996 397.788165 419.52006 410.07140999999996 408.18168 411.016275 404.87465249999997 420.464925 712.9006425 428.96871 406.76438249999995 425.18924999999996 409.5989775 395.898435 401.0951925 420.464925 400.1503275 350.0724825 422.354655 425.18924999999996 417.1578975 436.05519749999996 437.00006249999996 403.457355 407.236815 408.18168 409.5989775 421.88222249999995 406.29195 405.347085 404.40222 408.18168 404.87465249999997 428.96871 409.12654499999996 409.5989775 418.1027625 388.8119475 411.016275 425.18924999999996 411.016275 392.118975 412.43357249999997 411.96114 275.42814749999997 488.495205 391.17411 444.08655 417.1578975 440.30708999999996 411.96114 423.7719525 415.2681675 481.40871749999997 408.18168 394.95356999999996 399.20546249999995 435.582765 409.5989775 396.3708675 428.96871 395.4260025 421.88222249999995 411.96114 435.582765 397.31573249999997 397.31573249999997 439.8346575 420.464925 394.4811375 437.00006249999996 403.9297875 411.4887075 416.2130325 417.63032999999996 424.7168175 411.4887075 420.93735749999996 646.7600924999999 409.5989775 385.50491999999997 390.229245 404.87465249999997 403.457355 410.5438425 400.1503275 397.788165 396.3708675 347.71031999999997 416.2130325 414.795735 389.28438 394.4811375
0.330000 414.32330249999995 397.31573249999997 431.80330499999997 407.7092475 416.2130325 394.4811375 429.44114249999996 424.7168175 417.1578975 410.07140999999996 401.56762499999996 425.6616825 421.88222249999995 414.795735 438.8897925 426.13411499999995 403.9297875 429.44114249999996 693.0584775 446.4487125 396.8433 397.31573249999997 519.67575 432.74816999999996 421.40979 429.44114249999996 404.40222 385.0324875 403.9297875 425.6616825 411.4887075 428.49627749999996 409.12654499999996 415.7406 415.2681675 419.0476275 448.3384425 407.236815 411.4887075 402.51248999999996 409.12654499999996 418.1027625 403.9297875 400.1503275 423.29952 417.1578975 419.99249249999997 390.70167749999996 449.75574 415.2681675 434.6379 435.11033249999997 414.32330249999995 407.236815 404.40222 411.96114 409.12654499999996 402.0400575 438.8897925 409.12654499999996 412.906005 405.347085 257.948145 439.36222499999997 408.6541125 409.5989775 395.4260025 429.44114249999996 432.74816999999996 395.898435 415.2681675 393.5362725 413.85087 435.582765 438.8897925 419.52006 414.795735 442.66925249999997 404.87465249999997 419.99249249999997 424.7168175 386.9222175 415.2681675 408.18168 388.8119475 397.788165 1.88973 396.3708675 437.9449275 413.85087 414.32330249999995 397.788165 428.49627749999996 415.7406 411.016275 483.77088 490.85736749999995 414.795735 394.95356999999996 411.96114
0.340000 394.00870499999996 412.43357249999997 390.229245 424.7168175 410.07140999999996 404.40222 415.7406 315.58491 405.347085 397.31573249999997 408.18168 417.1578975 440.30708999999996 400.62275999999997 398.26059749999996 415.2681675 401.56762499999996 402.51248999999996 463.92871499999995 411.4887075 427.07898 414.32330249999995 415.2681675 398.73303 402.0400575 436.52763 408.18168 413.85087 412.906005 429.44114249999996 421.40979 414.32330249999995 417.63032999999996 404.40222 443.141685 436.52763 433.69303499999995 422.354655 471.9600675 400.1503275 68.5027125 410.07140999999996 440.7795225 391.17411 427.07898 431.3308725 435.582765 426.6065475 430.3860075 436.05519749999996 429.44114249999996 428.96871 364.71788999999995 344.40329249999996 393.5362725 422.8270875 350.0724825 407.236815 419.99249249999997 412.906005 388.339515 25.038922499999998 410.07140999999996 422.8270875 486.60547499999996 408.18168 405.81951749999996 420.464925 415.2681675 429.44114249999996 408.6541125 443.141685 417.1578975 411.96114 386.9222175 770.5374075 422.354655 387.8670825 411.4887075 416.2130325 410.07140999999996 452.590335 395.898435 413.85087 411.96114 424.7168175 435.11033249999997 417.1578975 409.12654499999996 479.99142 440.30708999999996 406.76438249999995 412.906005 419.52006 427.55141249999997 422.354655 450.700605 424.7168175 425.18924999999996 407.236815
0.350000 401.56762499999996 435.11033249999997 413.85087 421.40979 435.582765 365.662755 403.9297875 413.85087 399.677895 385.50491999999997 419.0476275 425.6616825 414.795735 397.788165 440.7795225 440.30708999999996 392.118975 427.07898 419.52006 421.88222249999995 436.52763 399.677895 402.51248999999996 401.0951925 412.43357249999997 301.8843675 423.29952 387.39464999999996 428.96871 475.267095 413.85087 396.3708675 394.4811375 413.37843749999996 406.76438249999995 483.77088 431.3308725 422.8270875 394.95356999999996 418.1027625 382.19789249999997 428.023845 400.62275999999997 413.37843749999996 430.85844 414.795735 513.061695 424.7168175 409.5989775 365.1903225 414.795735 427.07898 428.96871 430.85844 399.20546249999995 426.13411499999995 445.5038475 422.8270875 426.13411499999995 412.906005 470.54276999999996 480.936285 395.4260025 408.18168 424.24438499999997 396.8433 481.40871749999997 446.92114499999997 434.6379 566.4465675 560.7773775 477.6292575 448.3384425 395.4260025 439.8346575 738.4119975 402.51248999999996 683.6098274999999 432.74816999999996 398.73303 428.96871 411.016275 434.6379 416.68546499999997 335.89950749999997 395.4260025 683.137395 409.12654499999996 420.464925 397.788165 433.69303499999995 417.63032999999996 417.1578975 407.236815 398.73303 435.11033249999997 421.40979 414.795735 431.80330499999997 411.016275
0.360000 412.906005 425.18924999999996 411.016275 421.40979 403.457355 420.464925 395.898435 426.6065475 411.4887075 430.3860075 419.0476275 394.95356999999996 395.898435 406.76438249999995 432.2757375 415.7406 414.795735 401.0951925 416.68546499999997 395.4260025 395.898435 434.1654675 419.99249249999997 422.8270875 288.183825 464.87358 427.55141249999997 269.286525 415.7406 435.582765 433.69303499999995 397.788165 428.96871 351.96221249999996 445.97628 390.70167749999996 426.13411499999995 436.52763 401.56762499999996 396.8433 412.43357249999997 414.32330249999995 393.06383999999997 417.63032999999996 385.50491999999997 416.2130325 408.6541125 480.4638525 406.76438249999995 401.0951925 428.023845 404.87465249999997 415.7406 424.24438499999997 436.52763 429.913575 364.2454575 433.2206025 423.7719525 403.457355 389.75681249999997 445.97628 411.96114 408.6541125 385.9773525 408.18168 422.8270875 421.88222249999995 417.63032999999996 408.18168 430.3860075 418.575195 408.6541125 324.088695 433.2206025 414.32330249999995 402.9849225 425.6616825 404.40222 449.75574 440.30708999999996 416.68546499999997 432.74816999999996 453.0627675 405.81951749999996 452.11790249999996 416.68546499999997 430.3860075 417.63032999999996 421.40979 449.2833075 412.43357249999997 402.9849225 443.61411749999996 434.1654675 431.3308725 388.8119475 439.8346575 404.40222 475.267095
0.370000 426.6065475 404.87465249999997 440.7795225 420.464925 419.0476275 423.29952 430.3860075 432.74816999999996 395.4260025 416.2130325 424.24438499999997 420.464925 417.63032999999996 546.13197 423.7719525 424.7168175 422.8270875 429.44114249999996 419.52006 421.88222249999995 414.32330249999995 441.7243875 411.016275 417.1578975 435.582765 409.12654499999996 418.1027625 398.73303 427.07898 405.81951749999996 411.96114 422.8270875 418.575195 409.5989775 412.906005 238.10598 402.0400575 405.347085 443.61411749999996 412.43357249999997 436.52763 425.18924999999996 442.66925249999997 403.457355 425.6616825 416.2130325 408.18168 430.3860075 434.6379 359.993565 412.906005 428.96871 433.2206025 359.52113249999996 414.32330249999995 397.31573249999997 56.6919 428.96871 415.2681675 442.66925249999997 397.788165 444.08655 403.9297875 432.74816999999996 432.74816999999996 438.41736 490.85736749999995 441.7243875 422.8270875 439.36222499999997 424.24438499999997 404.40222 432.2757375 421.40979 406.29195 429.44114249999996 398.73303 430.3860075 414.32330249999995 413.85087 415.7406 405.347085 409.12654499999996 486.60547499999996 409.5989775 425.18924999999996 433.2206025 425.6616825 414.795735 444.55898249999996 425.18924999999996 417.63032999999996 426.13411499999995 442.19682 351.48978 426.13411499999995 446.92114499999997 425.18924999999996 388.8119475 437.472495
0.380000 418.575195 417.1578975 403.9297875 418.575195 420.464925 429.44114249999996 442.66925249999997 420.93735749999996 471.9600675 393.5362725 435.582765 430.3860075 414.795735 417.1578975 428.023845 435.11033249999997 391.6465425 418.1027625 392.5914075 402.0400575 407.7092475 412.43357249999997 414.795735 429.44114249999996 414.32330249999995 421.40979 428.023845 442.19682 431.80330499999997 422.354655 423.7719525 434.6379 411.016275 424.7168175 352.90707749999996 420.93735749999996 413.85087 440.30708999999996 406.29195 436.05519749999996 416.68546499999997 366.60762 406.29195 398.73303 409.12654499999996 434.1654675 406.76438249999995 427.55141249999997 406.29195 434.6379 436.05519749999996 407.7092475 427.55141249999997 425.6616825 431.3308725 429.913575 411.016275 437.472495 400.62275999999997 432.74816999999996 416.68546499999997 423.29952 421.40979 351.96221249999996 417.1578975 431.3308725 420.464925 442.66925249999997 422.8270875 413.85087 420.464925 405.347085 433.2206025 416.2130325 413.85087 419.0476275 438.41736 409.5989775 450.22817249999997 480.936285 358.5762675 403.457355 392.118975 417.1578975 426.13411499999995 362.3557275 449.75574 419.52006 424.24438499999997 419.52006 420.464925 424.24438499999997 454.48006499999997 432.2757375 537.1557525 404.40222 440.30708999999996 441.7243875 428.023845 391.6465425
0.390000 415.2681675 411.4887075 405.81951749999996 411.016275 415.7406 408.6541125 417.1578975 588.650895 412.906005 402.9849225 397.31573249999997 423.29952 487.0779075 424.24438499999997 433.2206025 432.74816999999996 403.9297875 418.575195 413.37843749999996 445.97628 417.63032999999996 402.51248999999996 393.06383999999997 440.7795225 445.031415 401.56762499999996 430.3860075 415.2681675 436.52763 405.81951749999996 634.4768475 433.2206025 418.1027625 407.7092475 430.3860075 415.2681675 421.40979 390.70167749999996 435.582765 444.55898249999996 441.25195499999995 402.51248999999996 433.69303499999995 415.7406 435.582765 423.7719525 417.63032999999996 441.25195499999995 420.93735749999996 411.4887075 404.87465249999997 606.1308975 417.63032999999996 429.913575 431.80330499999997 406.29195 425.6616825 449.2833075 421.88222249999995 429.44114249999996 404.40222 419.52006 414.795735 426.13411499999995 399.20546249999995 419.0476275 404.87465249999997 445.031415 426.6065475 410.07140999999996 445.031415 473.84979749999997 414.795735 415.7406 416.68546499999997 428.49627749999996 394.4811375 421.40979 405.81951749999996 422.354655 434.1654675 442.19682 416.2130325 397.31573249999997 418.575195 441.25195499999995 422.354655 404.87465249999997 417.1578975 409.5989775 371.8043775 437.472495 422.8270875 435.582765 423.29952 398.26059749999996 464.87358 423.7719525 437.9449275 432.74816999999996
0.400000 408.18168 429.44114249999996 430.85844 449.2833075 475.267095 409.5989775 429.913575 413.85087 470.0703375 414.32330249999995 735.5774025 405.347085 440.30708999999996 401.0951925 429.913575 362.82815999999997 648.6498224999999 428.023845 432.74816999999996 413.85087 424.7168175 432.74816999999996 420.464925 433.2206025 398.26059749999996 423.29952 402.0400575 417.1578975 433.69303499999995 437.00006249999996 410.5438425 413.85087 408.18168 448.3384425 437.9449275 410.5438425 416.68546499999997 426.13411499999995 402.0400575 419.0476275 438.41736 432.2757375 491.3298 411.96114 423.7719525 389.75681249999997 431.80330499999997 419.0476275 445.97628 408.6541125 431.80330499999997 416.2130325 358.103835 406.29195 471.9600675 406.29195 408.18168 431.80330499999997 411.016275 454.9524975 433.2206025 414.795735 442.19682 420.93735749999996 425.18924999999996 413.37843749999996 419.99249249999997 412.43357249999997 432.74816999999996 416.2130325 409.5989775 431.80330499999997 422.8270875 392.118975 419.99249249999997 432.74816999999996 443.141685 423.29952 435.582765 428.96871 420.93735749999996 426.6065475 449.75574 419.52006 428.96871 415.2681675 180.9416475 438.41736 401.0951925 470.54276999999996 426.13411499999995 425.6616825 417.63032999999996 453.5352 406.76438249999995 416.68546499999997 450.700605 410.5438425 459.67682249999996 427.07898
0.410000 421.88222249999995 408.6541125 424.7168175 404.40222 419.0476275 393.06383999999997 509.28223499999996 445.5038475 438.41736 401.0951925 389.75681249999997 426.6065475 410.5438425 411.96114 414.795735 412.43357249999997 411.96114 412.43357249999997 407.236815 402.0400575 446.4487125 392.5914075 418.575195 436.05519749999996 413.85087 415.2681675 422.8270875 334.0097775 418.575195 406.29195 412.43357249999997 442.66925249999997 403.457355 475.267095 439.36222499999997 418.1027625 430.3860075 425.18924999999996 415.7406 424.7168175 417.63032999999996 476.6843925 411.96114 492.27466499999997 407.236815 426.13411499999995 413.37843749999996 450.22817249999997 410.07140999999996 452.11790249999996 442.19682 397.788165 420.93735749999996 416.68546499999997 449.2833075 440.30708999999996 407.7092475 440.7795225 413.37843749999996 408.18168 429.913575 419.99249249999997 439.36222499999997 446.4487125 640.61847 412.906005 536.2108875 428.023845 413.85087 573.0606225 449.75574 432.2757375 429.913575 426.6065475 418.575195 408.18168 423.7719525 427.55141249999997 415.2681675 431.80330499999997 431.3308725 455.42492999999996 453.0627675 461.09412 412.43357249999997 446.92114499999997 440.30708999999996 405.347085 419.99249249999997 457.31466 838.5676874999999 454.48006499999997 416.2130325 384.560055 442.19682 423.7719525 448.81087499999995 413.37843749999996 382.670325 421.88222249999995
0.420000 411.96114 428.023845 437.472495 920.7709424999999 402.0400575 437.472495 411.96114 512.5892625 104.880015 428.023845 424.7168175 417.1578975 411.96114 415.2681675 422.354655 445.5038475 414.32330249999995 432.74816999999996 415.2681675 426.6065475 439.36222499999997 400.1503275 411.96114 407.7092475 361.883295 431.3308725 421.88222249999995 315.58491 884.8660725 436.52763 403.9297875 404.40222 483.29844749999995 413.37843749999996 468.65304 414.32330249999995 398.26059749999996 429.913575 389.28438 429.44114249999996 427.55141249999997 425.18924999999996 405.347085 421.88222249999995 445.5038475 564.5568375 419.52006 425.18924999999996 452.11790249999996 416.2130325 364.2454575 419.52006 410.07140999999996 419.52006 412.43357249999997 426.6065475 426.13411499999995 445.97628 420.464925 445.031415 428.49627749999996 330.70275 446.92114499999997 414.32330249999995 449.2833075 375.111405 537.628185 431.3308725 433.2206025 420.464925 400.1503275 424.24438499999997 421.88222249999995 435.11033249999997 407.7092475 402.0400575 399.20546249999995 408.18168 412.906005 359.52113249999996 432.74816999999996 401.0951925 452.590335 265.9794975 423.29952 433.2206025 425.18924999999996 400.1503275 426.6065475 436.05519749999996 440.7795225 423.7719525 444.08655 410.5438425 354.324375 437.00006249999996 407.7092475 439.8346575 467.23574249999996 427.07898
0.430000 442.19682 431.80330499999997 410.07140999999996 401.56762499999996 416.68546499999997 582.5092725 414.32330249999995 440.30708999999996 448.81087499999995 427.55141249999997 400.62275999999997 415.2681675 405.347085 425.6616825 425.18924999999996 440.7795225 411.96114 432.2757375 438.8897925 427.55141249999997 429.913575 421.40979 445.97628 398.26059749999996 443.61411749999996 434.6379 422.8270875 423.7719525 430.85844 434.6379 458.259525 411.4887075 410.07140999999996 399.20546249999995 436.52763 404.40222 412.906005 488.0227725 409.12654499999996 421.88222249999995 401.56762499999996 436.52763 428.023845 408.18168 423.7719525 434.6379 613.2173849999999 431.80330499999997 573.0606225 517.78602 446.92114499999997 420.93735749999996 438.41736 431.80330499999997 413.37843749999996 416.2130325 420.93735749999996 420.93735749999996 405.81951749999996 419.52006 425.18924999999996 430.3860075 419.99249249999997 419.52006 359.0487 420.464925 26.45622 437.472495 405.347085 439.36222499999997 415.7406 432.74816999999996 439.36222499999997 424.7168175 412.906005 476.21196 432.2757375 402.9849225 449.2833075 418.575195 288.6562575 438.8897925 354.7968075 404.40222 444.55898249999996 429.913575 437.00006249999996 437.472495 419.52006 415.2681675 450.700605 424.7168175 412.43357249999997 451.17303749999996 426.6065475 434.6379 428.49627749999996 447.3935775 688.3341525 423.7719525
0.440000 428.96871 402.0400575 430.3860075 433.69303499999995 448.81087499999995 425.18924999999996 412.43357249999997 420.464925 392.118975 413.37843749999996 447.86600999999996 425.18924999999996 438.8897925 404.40222 420.93735749999996 471.9600675 429.913575 328.34058749999997 424.7168175 425.18924999999996 420.93735749999996 472.9049325 437.00006249999996 270.23139 424.7168175 407.7092475 416.2130325 423.7719525 418.575195 430.3860075 426.6065475 435.582765 425.6616825 559.3600799999999 432.74816999999996 430.3860075 67.085415 430.85844 367.552485 401.56762499999996 438.8897925 418.575195 325.97842499999996 357.15897 425.6616825 427.55141249999997 408.18168 419.0476275 411.96114 417.1578975 481.40871749999997 363.3005925 400.62275999999997 428.023845 440.30708999999996 428.49627749999996 412.43357249999997 422.8270875 482.35358249999996 448.81087499999995 376.05627 433.2206025 413.85087 428.023845 427.07898 418.575195 441.25195499999995 417.1578975 452.590335 409.12654499999996 442.66925249999997 487.55033999999995 447.86600999999996 396.3708675 423.7719525 421.40979 407.7092475 791.3244374999999 491.8022325 441.7243875 419.0476275 442.66925249999997 411.96114 437.9449275 406.76438249999995 412.906005 370.38707999999997 418.575195 406.29195 465.818445 366.1351875 436.05519749999996 399.677895 417.63032999999996 455.42492999999996 421.88222249999995 369.9146475 449.2833075 402.0400575 439.36222499999997
0.450000 444.08655 433.2206025 434.1654675 361.4108625 445.5038475 440.30708999999996 419.0476275 455.8973625 371.8043775 401.0951925 404.40222 426.13411499999995 432.2757375 421.40979 443.141685 409.5989775 372.7492425 413.85087 432.2757375 432.2757375 446.4487125 418.575195 432.74816999999996 410.07140999999996 452.11790249999996 409.5989775 458.259525 419.0476275 403.9297875 458.73195749999996 433.2206025 418.575195 398.73303 407.236815 401.56762499999996 416.68546499999997 413.37843749999996 432.74816999999996 433.2206025 405.347085 428.96871 423.7719525 426.13411499999995 442.66925249999997 438.8897925 429.44114249999996 408.18168 363.3005925 418.575195 422.354655 363.77302499999996 434.1654675 408.18168 446.92114499999997 418.575195 402.0400575 431.80330499999997 434.6379 412.906005 420.464925 441.7243875 483.77088 25.038922499999998 459.67682249999996 409.5989775 448.81087499999995 425.18924999999996 438.8897925 447.86600999999996 547.076835 416.68546499999997 452.590335 408.18168 441.7243875 492.7470975 451.17303749999996 424.7168175 371.33194499999996 335.89950749999997 438.41736 371.33194499999996 424.7168175 533.848725 432.74816999999996 347.71031999999997 443.141685 419.99249249999997 435.582765 423.29952 391.17411 430.85844 322.6713975 408.18168 417.63032999999996 370.8595125 432.2757375 416.2130325 428.96871 424.7168175 453.0627675
0.460000 414.795735 431.3308725 431.80330499999997 457.31466 410.07140999999996 437.00006249999996 437.472495 418.1027625 428.49627749999996 397.31573249999997 434.1654675 402.9849225 368.49735 419.0476275 415.2681675 429.44114249999996 437.9449275 414.32330249999995 397.31573249999997 448.3384425 447.3935775 384.0876225 565.9741349999999 400.1503275 410.5438425 403.457355 432.74816999999996 420.464925 435.582765 428.49627749999996 426.6065475 447.3935775 437.472495 428.49627749999996 423.7719525 421.88222249999995 419.52006 428.49627749999996 394.4811375 394.95356999999996 441.7243875 412.906005 427.07898 428.023845 439.8346575 443.141685 425.6616825 436.52763 455.8973625 377.001135 440.30708999999996 420.93735749999996 421.40979 440.7795225 465.818445 456.8422275 499.3611525 431.80330499999997 421.40979 437.00006249999996 428.023845 431.3308725 429.44114249999996 446.4487125 408.6541125 426.6065475 434.6379 564.5568375 437.472495 420.93735749999996 437.472495 428.023845 420.93735749999996 449.2833075 409.12654499999996 428.023845 433.2206025 413.85087 425.18924999999996 490.384935 420.93735749999996 431.3308725 453.5352 436.52763 452.11790249999996 437.00006249999996 445.5038475 449.75574 413.85087 421.88222249999995 401.56762499999996 428.96871 494.16439499999996 426.6065475 422.354655 422.8270875 507.8649375 447.86600999999996 447.86600999999996 361.883295
0.470000 432.74816999999996 402.0400575 434.6379 486.60547499999996 424.24438499999997 430.3860075 436.05519749999996 433.69303499999995 422.354655 402.51248999999996 361.883295 400.1503275 452.11790249999996 462.5114175 430.85844 491.3298 28.34595 445.031415 477.15682499999997 410.07140999999996 418.575195 415.7406 420.464925 410.5438425 408.6541125 744.5536199999999 431.80330499999997 425.18924999999996 422.354655 410.07140999999996 437.00006249999996 427.07898 415.7406 433.69303499999995 419.52006 444.55898249999996 442.66925249999997 408.6541125 410.5438425 423.29952 435.582765 422.8270875 418.1027625 431.80330499999997 430.3860075 485.1881775 426.6065475 431.80330499999997 497.943855 445.5038475 437.472495 447.3935775 402.9849225 432.74816999999996 428.49627749999996 371.33194499999996 420.464925 425.18924999999996 435.582765 445.97628 419.99249249999997 432.74816999999996 427.07898 428.96871 416.68546499999997 421.40979 433.2206025 426.6065475 437.00006249999996 434.6379 428.96871 442.66925249999997 434.1654675 438.41736 424.7168175 428.023845 428.96871 448.81087499999995 400.62275999999997 434.6379 217.31895 293.3805825 413.85087 423.29952 456.36979499999995 420.93735749999996 438.8897925 406.76438249999995 440.7795225 457.31466 424.7168175 440.30708999999996 435.11033249999997 433.2206025 427.07898 437.9449275 428.023845 449.2833075 444.55898249999996 421.40979
0.480000 434.1654675 285.8216625 441.25195499999995 448.3384425 452.11790249999996 435.582765 423.7719525 401.0951925 214.0119225 419.0476275 367.552485 428.023845 494.16439499999996 432.2757375 437.9449275 417.63032999999996 442.19682 431.80330499999997 448.3384425 432.74816999999996 419.99249249999997 425.6616825 430.85844 413.85087 439.8346575 446.92114499999997 431.80330499999997 437.472495 405.81951749999996 402.51248999999996 428.96871 433.2206025 369.442215 450.22817249999997 400.1503275 402.51248999999996 435.582765 436.52763 426.6065475 419.99249249999997 446.92114499999997 558.8876475 449.75574 403.9297875 419.52006 429.913575 451.17303749999996 450.22817249999997 411.4887075 430.85844 435.582765 438.41736 447.3935775 429.44114249999996 432.74816999999996 435.11033249999997 426.6065475 443.141685 458.259525 446.92114499999997 173.3827275 414.32330249999995 424.24438499999997 425.18924999999996 431.3308725 422.354655 447.86600999999996 428.49627749999996 460.62168749999995 423.29952 432.2757375 418.575195 436.52763 409.12654499999996 445.97628 157.792455 434.6379 428.49627749999996 424.7168175 444.08655 457.78709249999997 437.9449275 417.1578975 432.2757375 899.0390474999999 439.8346575 430.85844 462.5114175 428.023845 453.0627675 434.6379 463.4562825 451.17303749999996 450.22817249999997 412.906005 429.44114249999996 436.05519749999996 445.5038475 441.25195499999995 419.0476275
0.490000 438.8897925 284.404365 426.13411499999995 443.141685 428.49627749999996 458.73195749999996 405.347085 447.3935775 433.69303499999995 423.29952 423.29952 411.4887075 565.9741349999999 432.74816999999996 117.16326 429.44114249999996 430.3860075 415.2681675 419.0476275 529.1243999999999 419.52006 420.464925 437.9449275 415.2681675 427.07898 455.8973625 435.582765 432.74816999999996 416.2130325 418.1027625 433.69303499999995 416.68546499999997 432.74816999999996 256.5308475 440.7795225 445.031415 497.47142249999996 439.8346575 419.99249249999997 365.1903225 445.031415 441.25195499999995 451.17303749999996 445.031415 419.99249249999997 445.5038475 450.700605 437.472495 429.44114249999996 411.96114 432.2757375 439.36222499999997 337.316805 431.80330499999997 434.1654675 470.0703375 437.472495 446.92114499999997 410.07140999999996 423.7719525 406.76438249999995 444.08655 415.2681675 436.52763 457.78709249999997 438.41736 424.24438499999997 447.3935775 430.3860075 453.5352 436.05519749999996 431.80330499999997 443.141685 430.3860075 437.9449275 422.354655 440.7795225 426.6065475 297.1600425 447.3935775 451.17303749999996 455.8973625 439.36222499999997 453.5352 458.259525 428.96871 448.81087499999995 444.55898249999996 428.023845 453.5352 333.0649125 431.80330499999997 419.0476275 422.8270875 422.354655 443.61411749999996 431.80330499999997 370.38707999999997 442.19682 428.49627749999996
0.500000 426.13411499999995 440.30708999999996 433.69303499999995 423.29952 411.4887075 421.40979 435.582765 415.7406 414.32330249999995 427.07898 438.8897925 419.52006 440.7795225 439.8346575 420.464925 423.29952 407.7092475 412.43357249999997 452.590335 438.8897925 446.92114499999997 428.49627749999996 405.347085 413.85087 450.700605 442.66925249999997 444.55898249999996 451.17303749999996 431.3308725 454.48006499999997 434.1654675 438.41736 403.457355 430.3860075 427.07898 473.377365 410.07140999999996 418.1027625 438.41736 414.32330249999995 428.49627749999996 431.80330499999997 417.63032999999996 449.2833075 418.575195 435.582765 412.43357249999997 437.00006249999996 419.99249249999997 470.0703375 432.2757375 420.93735749999996 423.29952 424.7168175 423.7719525 429.44114249999996 493.21952999999996 83.6205525 456.36979499999995 435.582765 424.24438499999997 457.31466 431.3308725 241.88544 429.913575 462.5114175 418.575195 334.0097775 443.141685 449.75574 412.906005 420.93735749999996 416.2130325 431.3308725 424.7168175 422.8270875 433.69303499999995 430.85844 428.023845 431.80330499999997 432.74816999999996 411.4887075 433.69303499999995 452.11790249999996 462.98384999999996 444.55898249999996 466.76331 429.913575 421.40979 411.016275 439.8346575 430.85844 429.913575 373.221675 425.6616825 432.74816999999996 462.03898499999997 444.55898249999996 513.061695 417.63032999999996
0.510000 436.05519749999996 156.84759 441.25195499999995 425.18924999999996 417.63032999999996 488.495205 446.92114499999997 427.07898 443.61411749999996 415.2681675 442.19682 420.464925 451.17303749999996 417.1578975 445.5038475 772.8995699999999 421.40979 447.3935775 446.92114499999997 432.74816999999996 459.67682249999996 508.8098025 416.2130325 419.99249249999997 500.3060175 426.13411499999995 405.81951749999996 442.19682 424.24438499999997 419.99249249999997 430.85844 424.7168175 440.7795225 443.141685 442.19682 448.3384425 435.582765 418.1027625 445.97628 452.11790249999996 440.30708999999996 411.016275 451.64547 418.1027625 408.6541125 295.2703125 442.66925249999997 416.2130325 424.7168175 459.20439 435.582765 440.7795225 462.5114175 445.031415 450.22817249999997 426.13411499999995 440.7795225 430.3860075 436.52763 443.61411749999996 403.9297875 662.8227975 417.63032999999996 424.7168175 433.69303499999995 437.00006249999996 487.0779075 437.9449275 458.259525 425.18924999999996 435.11033249999997 422.8270875 409.12654499999996 433.2206025 779.9860575 434.1654675 431.3308725 429.913575 411.4887075 424.24438499999997 422.354655 453.5352 450.700605 418.1027625 587.2335975 432.74816999999996 430.85844 432.74816999999996 416.68546499999997 425.18924999999996 420.464925 443.141685 428.023845 424.24438499999997 417.1578975 411.016275 449.2833075 451.17303749999996 438.8897925 460.149255
0.520000 421.40979 419.0476275 416.68546499999997 419.0476275 419.0476275 301.8843675 372.7492425 188.97299999999998 445.031415 399.677895 449.2833075 415.7406 426.6065475 438.41736 457.78709249999997 378.4184325 443.61411749999996 405.81951749999996 442.66925249999997 455.42492999999996 427.55141249999997 416.68546499999997 435.11033249999997 441.25195499999995 422.354655 412.43357249999997 455.42492999999996 432.74816999999996 429.44114249999996 449.2833075 440.7795225 445.97628 431.80330499999997 424.7168175 429.44114249999996 423.29952 437.9449275 422.354655 435.582765 415.2681675 416.68546499999997 434.1654675 417.63032999999996 438.8897925 431.3308725 447.3935775 471.9600675 422.354655 439.8346575 424.7168175 459.67682249999996 409.12654499999996 433.69303499999995 440.30708999999996 420.93735749999996 406.76438249999995 385.9773525 417.1578975 435.582765 411.016275 427.07898 450.22817249999997 414.795735 422.354655 447.3935775 440.30708999999996 441.7243875 428.023845 451.17303749999996 429.913575 636.8390099999999 286.29409499999997 441.25195499999995 444.55898249999996 422.354655 428.49627749999996 499.3611525 422.354655 457.78709249999997 440.30708999999996 457.31466 447.3935775 447.3935775 448.3384425 442.66925249999997 418.1027625 443.141685 454.9524975 450.22817249999997 442.19682 421.88222249999995 428.023845 461.5665525 455.8973625 432.2757375 449.75574 455.42492999999996 453.5352 441.7243875 438.41736
0.530000 440.7795225 436.52763 428.49627749999996 435.11033249999997 446.4487125 436.52763 437.00006249999996 402.51248999999996 441.25195499999995 431.80330499999997 409.5989775 435.582765 425.18924999999996 365.1903225 408.18168 441.25195499999995 428.023845 455.42492999999996 444.08655 577.312515 414.32330249999995 417.63032999999996 421.40979 442.66925249999997 452.11790249999996 459.67682249999996 401.56762499999996 448.3384425 457.31466 447.86600999999996 433.2206025 454.9524975 439.8346575 444.55898249999996 440.7795225 413.37843749999996 442.66925249999997 426.13411499999995 434.6379 425.18924999999996 439.36222499999997 419.52006 433.2206025 425.18924999999996 260.31030749999996 417.1578975 408.18168 451.64547 418.1027625 427.07898 429.44114249999996 464.4011475 436.52763 426.6065475 430.3860075 441.7243875 450.22817249999997 453.0627675 444.55898249999996 414.795735 414.795735 437.9449275 427.55141249999997 444.08655 445.97628 458.73195749999996 425.6616825 426.13411499999995 380.3081625 443.61411749999996 425.6616825 461.5665525 358.5762675 454.48006499999997 437.472495 438.8897925 413.37843749999996 455.8973625 440.30708999999996 441.25195499999995 432.2757375 445.031415 438.8897925 432.74816999999996 413.37843749999996 458.73195749999996 423.29952 452.11790249999996 465.818445 470.54276999999996 449.75574 435.582765 432.2757375 508.33736999999996 426.6065475 449.75574 427.55141249999997 425.18924999999996 446.4487125 436.52763
0.540000 430.3860075 428.49627749999996 837.6228225 415.2681675 437.9449275 430.85844 426.13411499999995 426.6065475 444.08655 444.08655 419.52006 453.0627675 422.354655 421.40979 442.66925249999997 440.7795225 428.49627749999996 435.582765 444.08655 430.85844 425.6616825 414.795735 406.29195 407.7092475 424.7168175 409.5989775 495.5816925 452.590335 431.3308725 432.2757375 405.81951749999996 448.81087499999995 466.76331 448.81087499999995 413.37843749999996 459.20439 434.1654675 418.575195 426.6065475 454.0076325 413.85087 428.023845 435.11033249999997 415.2681675 426.6065475 446.4487125 431.3308725 457.78709249999997 456.8422275 440.30708999999996 415.2681675 415.2681675 444.08655 430.3860075 439.8346575 440.7795225 368.49735 456.8422275 439.8346575 420.464925 431.80330499999997 438.8897925 437.00006249999996 425.18924999999996 468.18060749999995 462.03898499999997 468.18060749999995 447.3935775 414.795735 424.7168175 423.29952 438.41736 456.36979499999995 468.65304 428.49627749999996 447.3935775 437.00006249999996 434.1654675 447.86600999999996 429.44114249999996 454.48006499999997 448.81087499999995 445.5038475 448.81087499999995 445.97628 446.4487125 439.8346575 422.354655 457.31466 538.1006175 444.08655 428.49627749999996 446.4487125 448.81087499999995 431.80330499999997 454.0076325 433.2206025 422.354655 460.62168749999995 459.67682249999996
0.550000 421.88222249999995 445.97628 475.73952749999995 436.52763 422.354655 430.3860075 437.9449275 434.6379 418.575195 447.86600999999996 447.3935775 431.80330499999997 439.8346575 421.88222249999995 431.80330499999997 432.74816999999996 416.68546499999997 418.575195 444.08655 440.7795225 436.52763 433.69303499999995 454.48006499999997 454.9524975 423.7719525 408.18168 452.590335 210.2324625 431.80330499999997 330.2303175 428.96871 408.18168 424.7168175 450.22817249999997 423.7719525 451.17303749999996 404.40222 447.3935775 449.2833075 455.8973625 432.74816999999996 436.05519749999996 445.97628 424.7168175 402.51248999999996 436.05519749999996 439.36222499999997 436.05519749999996 438.8897925 449.75574 413.85087 500.77844999999996 433.69303499999995 442.66925249999997 448.3384425 448.81087499999995 458.73195749999996 458.259525 286.7665275 410.07140999999996 422.354655 423.29952 457.78709249999997 456.8422275 421.40979 436.52763 461.5665525 430.3860075 444.55898249999996 435.582765 437.00006249999996 434.6379 453.5352 459.20439 445.031415 452.11790249999996 434.1654675 426.13411499999995 453.0627675 415.7406 426.6065475 451.64547 421.40979 372.27680999999995 435.582765 456.36979499999995 443.141685 167.7135375 439.8346575 433.69303499999995 456.36979499999995 445.97628 449.75574 444.08655 443.141685 438.8897925 792.2693025 462.03898499999997 452.590335 502.1957475
0.560000 417.63032999999996 413.37843749999996 426.6065475 417.1578975 455.8973625 444.08655 416.2130325 423.7719525 433.2206025 425.6616825 439.8346575 449.75574 414.32330249999995 345.82059 430.85844 438.8897925 421.40979 363.3005925 444.55898249999996 892.4249924999999 388.8119475 420.464925 424.7168175 367.552485 548.966565 434.1654675 294.3254475 450.700605 451.64547 463.4562825 423.29952 419.52006 453.5352 422.8270875 427.55141249999997 453.0627675 428.023845 436.52763 460.62168749999995 436.05519749999996 414.32330249999995 462.5114175 438.41736 425.6616825 419.52006 447.3935775 452.590335 435.11033249999997 442.19682 450.700605 471.48763499999995 426.6065475 437.00006249999996 431.3308725 421.40979 434.1654675 428.023845 500.3060175 443.61411749999996 441.7243875 430.85844 431.80330499999997 427.55141249999997 434.1654675 452.11790249999996 438.8897925 385.0324875 433.69303499999995 440.30708999999996 435.11033249999997 449.2833075 435.582765 445.031415 440.7795225 382.19789249999997 414.32330249999995 445.5038475 430.85844 463.92871499999995 457.31466 21.259462499999998 434.1654675 435.582765 429.913575 415.2681675 445.031415 450.700605 447.3935775 409.12654499999996 426.13411499999995 475.73952749999995 422.8270875 427.07898 429.913575 448.81087499999995 439.36222499999997 459.67682249999996 454.0076325 449.75574 419.52006
0.570000 432.2757375 438.8897925 428.49627749999996 404.87465249999997 457.31466 422.354655 442.66925249999997 434.1654675 447.3935775 442.19682 433.69303499999995 435.582765 426.13411499999995 434.1654675 422.354655 449.75574 449.75574 435.11033249999997 414.32330249999995 470.0703375 440.7795225 441.7243875 435.582765 438.8897925 416.2130325 444.08655 451.17303749999996 423.29952 506.44764 455.8973625 441.7243875 417.63032999999996 451.17303749999996 445.031415 425.6616825 439.8346575 435.11033249999997 444.55898249999996 384.560055 424.7168175 436.52763 414.32330249999995 453.5352 265.9794975 430.85844 416.2130325 467.23574249999996 464.87358 436.52763 430.85844 461.09412 446.92114499999997 457.78709249999997 463.4562825 419.99249249999997 440.30708999999996 441.25195499999995 437.472495 455.42492999999996 454.0076325 425.18924999999996 671.3265825 437.00006249999996 445.5038475 459.20439 474.32223 425.18924999999996 445.031415 435.582765 446.92114499999997 454.9524975 430.85844 447.86600999999996 586.761165 452.11790249999996 464.4011475 447.3935775 452.590335 437.00006249999996 420.93735749999996 398.26059749999996 455.42492999999996 445.5038475 423.29952 502.66817999999995 431.3308725 449.75574 439.36222499999997 445.031415 445.031415 428.49627749999996 435.11033249999997 370.8595125 411.016275 462.03898499999997 468.65304 468.65304 477.6292575 448.3384425 463.4562825
0.580000 426.13411499999995 440.7795225 435.582765 475.267095 460.149255 529.1243999999999 492.7470975 412.906005 435.11033249999997 383.61519 416.2130325 445.5038475 423.7719525 432.74816999999996 411.4887075 491.3298 416.68546499999997 463.4562825 420.93735749999996 417.63032999999996 451.64547 418.575195 443.61411749999996 450.22817249999997 445.5038475 450.22817249999997 461.09412 435.582765 460.62168749999995 336.84437249999996 453.0627675 374.16654 436.05519749999996 419.52006 440.7795225 457.31466 457.78709249999997 426.6065475 470.54276999999996 451.17303749999996 451.64547 448.81087499999995 332.1200475 450.22817249999997 428.023845 459.67682249999996 432.2757375 454.0076325 441.7243875 434.1654675 447.86600999999996 425.6616825 425.18924999999996 445.97628 433.69303499999995 438.8897925 457.78709249999997 463.4562825 448.81087499999995 428.023845 460.62168749999995 445.5038475 423.29952 429.913575 454.48006499999997 456.8422275 410.07140999999996 422.354655 437.472495 461.09412 444.55898249999996 439.36222499999997 934.4714849999999 458.259525 390.70167749999996 436.05519749999996 448.3384425 456.8422275 114.328665 431.3308725 435.11033249999997 470.54276999999996 428.023845 439.8346575 455.42492999999996 463.4562825 454.9524975 443.141685 461.09412 454.9524975 451.17303749999996 378.89086499999996 447.86600999999996 425.6616825 480.936285 414.795735 420.464925 460.62168749999995 438.41736 450.700605
0.590000 428.023845 431.80330499999997 437.9449275 415.2681675 453.5352 455.8973625 418.1027625 424.7168175 451.64547 442.19682 432.74816999999996 459.20439 420.464925 456.36979499999995 455.42492999999996 451.17303749999996 443.141685 444.55898249999996 583.4541375 439.36222499999997 457.78709249999997 430.3860075 429.913575 443.141685 437.472495 442.19682 442.19682 446.4487125 422.8270875 471.0152025 439.36222499999997 445.031415 461.09412 440.7795225 440.30708999999996 434.6379 453.5352 434.1654675 451.17303749999996 441.25195499999995 441.7243875 13.22811 411.4887075 443.61411749999996 441.25195499999995 455.8973625 413.85087 479.04655499999996 455.42492999999996 437.472495 452.590335 447.86600999999996 451.64547 462.98384999999996 447.3935775 434.1654675 453.0627675 433.2206025 442.66925249999997 470.0703375 427.07898 453.0627675 432.74816999999996 461.09412 453.5352 441.7243875 421.88222249999995 449.75574 492.7470975 451.17303749999996 429.913575 440.7795225 467.23574249999996 451.17303749999996 479.04655499999996 453.5352 442.19682 443.141685 430.3860075 439.8346575 445.97628 435.582765 426.13411499999995 467.23574249999996 478.5741225 448.3384425 457.78709249999997 445.031415 430.85844 173.3827275 453.0627675 473.377365 454.0076325 449.2833075 465.818445 478.10168999999996 455.42492999999996 446.4487125 433.69303499999995 428.023845
0.600000 406.29195 449.75574 448.3384425 437.9449275 431.3308725 420.464925 445.97628 462.98384999999996 442.19682 436.52763 458.259525 437.9449275 431.80330499999997 445.5038475 431.80330499999997 440.7795225 450.22817249999997 441.25195499999995 437.9449275 441.25195499999995 438.8897925 446.92114499999997 420.464925 458.259525 453.0627675 431.3308725 411.016275 439.36222499999997 428.49627749999996 444.55898249999996 431.3308725 449.2833075 421.40979 434.1654675 427.07898 432.2757375 458.259525 429.44114249999996 385.9773525 425.6616825 437.9449275 422.354655 448.81087499999995 422.8270875 437.9449275 459.67682249999996 505.502775 449.2833075 437.00006249999996 502.66817999999995 476.21196 440.30708999999996 466.76331 442.19682 448.3384425 446.4487125 433.2206025 443.141685 442.19682 429.44114249999996 461.5665525 384.0876225 351.01734749999997 446.92114499999997 454.48006499999997 468.18060749999995 462.5114175 423.7719525 419.52006 418.1027625 431.3308725 453.0627675 440.7795225 428.023845 446.4487125 422.354655 430.3860075 417.63032999999996 33.070274999999995 438.8897925 246.60976499999998 435.582765 433.2206025 437.00006249999996 464.87358 474.32223 466.29087749999997 446.92114499999997 435.582765 458.259525 437.00006249999996 450.700605 473.377365 294.79787999999996 452.11790249999996 453.5352 456.36979499999995 531.958995 439.8346575 420.464925
0.610000 419.99249249999997 439.8346575 421.88222249999995 449.75574 451.17303749999996 447.3935775 534.3211575 448.81087499999995 442.66925249999997 418.1027625 464.87358 455.42492999999996 444.55898249999996 455.8973625 448.3384425 456.8422275 467.23574249999996 430.3860075 341.09626499999996 425.6616825 418.575195 433.2206025 440.30708999999996 446.92114499999997 424.24438499999997 441.7243875 372.7492425 463.92871499999995 427.55141249999997 500.3060175 471.0152025 445.97628 462.03898499999997 471.48763499999995 446.92114499999997 459.20439 446.92114499999997 429.913575 453.5352 448.3384425 412.906005 430.85844 419.52006 437.9449275 464.87358 461.09412 892.4249924999999 445.5038475 438.41736 449.75574 460.149255 424.7168175 462.5114175 447.86600999999996 454.0076325 434.6379 471.0152025 447.86600999999996 442.66925249999997 445.5038475 139.36758749999998 470.0703375 439.8346575 461.09412 431.80330499999997 435.11033249999997 437.9449275 432.74816999999996 466.29087749999997 439.8346575 436.05519749999996 659.51577 443.61411749999996 470.54276999999996 433.2206025 446.4487125 435.582765 510.22709999999995 678.41307 442.66925249999997 467.708175 435.11033249999997 471.9600675 412.43357249999997 463.4562825 449.2833075 456.8422275 442.19682 454.48006499999997 427.55141249999997 204.56327249999998 446.92114499999997 446.4487125 386.44978499999996 445.5038475 392.118975 428.49627749999996 556.9979175 460.149255 431.80330499999997
0.620000 382.670325 420.93735749999996 531.4865625 425.18924999999996 341.09626499999996 436.05519749999996 452.590335 455.8973625 435.11033249999997 445.5038475 439.36222499999997 438.41736 449.2833075 417.63032999999996 441.25195499999995 451.17303749999996 461.09412 336.84437249999996 433.69303499999995 458.73195749999996 450.22817249999997 454.48006499999997 451.64547 452.11790249999996 458.73195749999996 427.55141249999997 432.2757375 418.575195 432.74816999999996 434.6379 454.48006499999997 472.4325 454.48006499999997 454.48006499999997 444.08655 431.80330499999997 450.22817249999997 224.40543749999998 591.0130575 429.44114249999996 446.4487125 432.74816999999996 458.73195749999996 456.8422275 445.5038475 107.71461 474.79466249999996 449.75574 456.36979499999995 446.92114499999997 460.62168749999995 441.25195499999995 445.97628 432.74816999999996 466.76331 461.5665525 435.582765 470.54276999999996 459.20439 427.55141249999997 435.582765 454.0076325 461.5665525 422.354655 452.11790249999996 463.92871499999995 451.17303749999996 392.118975 549.4389975 383.61519 430.85844 445.031415 447.86600999999996 455.8973625 443.61411749999996 447.86600999999996 442.19682 447.3935775 447.86600999999996 521.0930475 451.17303749999996 434.1654675 437.00006249999996 460.149255 462.5114175 459.20439 444.08655 450.700605 548.966565 464.87358 462.98384999999996 445.5038475 456.36979499999995 428.49627749999996 307.5535575 444.08655 450.22817249999997 465.818445 460.149255 428.96871
0.630000 444.08655 440.7795225 416.2130325 431.80330499999997 433.2206025 472.9049325 447.86600999999996 418.1027625 443.61411749999996 437.472495 433.69303499999995 416.2130325 437.9449275 451.17303749999996 474.32223 446.4487125 468.65304 415.7406 429.913575 471.0152025 430.3860075 425.18924999999996 449.75574 464.87358 435.582765 375.111405 436.05519749999996 431.3308725 379.3632975 503.613045 438.41736 421.88222249999995 446.4487125 390.70167749999996 447.86600999999996 441.7243875 442.66925249999997 461.09412 462.5114175 442.19682 440.7795225 440.30708999999996 441.25195499999995 436.05519749999996 438.8897925 450.700605 443.61411749999996 476.21196 428.023845 459.67682249999996 464.87358 462.98384999999996 429.913575 458.259525 445.5038475 453.5352 458.73195749999996 464.87358 460.149255 446.92114499999997 440.7795225 393.06383999999997 457.78709249999997 452.590335 463.92871499999995 450.22817249999997 442.19682 438.41736 462.03898499999997 432.2757375 440.30708999999996 394.95356999999996 342.5135625 468.65304 511.64439749999997 448.3384425 465.818445 449.75574 469.1254725 420.93735749999996 402.9849225 436.05519749999996 452.590335 471.9600675 468.65304 445.031415 459.67682249999996 468.65304 465.3460125 463.92871499999995 464.4011475 428.96871 442.66925249999997 462.98384999999996 444.08655 447.3935775 470.0703375 424.7168175 451.64547 428.023845
0.640000 448.3384425 454.48006499999997 19.369732499999998 494.6368275 428.49627749999996 419.52006 487.0779075 418.1027625 438.41736 434.1654675 454.9524975 471.9600675 505.03034249999996 496.52655749999997 461.09412 502.1957475 455.42492999999996 434.1654675 638.2563074999999 448.81087499999995 427.55141249999997 433.2206025 440.30708999999996 437.00006249999996 431.3308725 452.11790249999996 457.31466 399.677895 385.0324875 453.5352 428.96871 456.36979499999995 464.4011475 451.17303749999996 444.08655 450.22817249999997 449.2833075 449.75574 437.9449275 464.4011475 448.3384425 448.3384425 445.031415 703.9244249999999 442.19682 459.20439 456.8422275 375.111405 452.590335 444.08655 461.5665525 458.259525 444.55898249999996 452.11790249999996 432.74816999999996 483.29844749999995 452.590335 423.7719525 431.80330499999997 449.2833075 468.65304 507.8649375 458.73195749999996 448.3384425 431.3308725 429.913575 436.52763 451.64547 457.31466 462.03898499999997 429.913575 451.17303749999996 461.5665525 436.05519749999996 441.7243875 435.582765 442.66925249999997 457.31466 442.19682 459.67682249999996 469.59790499999997 525.8173724999999 451.64547 431.3308725 455.42492999999996 474.32223 443.61411749999996 416.68546499999997 430.3860075 437.9449275 392.5914075 467.23574249999996 345.34815749999996 441.7243875 440.30708999999996 477.15682499999997 483.29844749999995 468.65304 322.6713975 459.67682249999996
0.650000 435.11033249999997 437.472495 432.2757375 438.41736 461.5665525 424.7168175 442.19682 444.08655 441.7243875 433.2206025 442.66925249999997 435.11033249999997 481.88115 423.7719525 439.8346575 428.96871 471.0152025 456.8422275 449.75574 580.6195425 460.149255 471.9600675 444.08655 424.7168175 457.31466 446.4487125 433.2206025 496.99899 447.86600999999996 466.76331 450.22817249999997 452.590335 431.80330499999997 445.5038475 470.0703375 450.22817249999997 438.41736 433.69303499999995 433.69303499999995 451.64547 354.324375 430.3860075 446.92114499999997 466.29087749999997 509.28223499999996 457.78709249999997 442.66925249999997 444.55898249999996 467.708175 460.62168749999995 464.4011475 470.0703375 426.13411499999995 464.4011475 449.2833075 437.00006249999996 424.7168175 457.31466 465.3460125 454.0076325 441.25195499999995 469.1254725 449.2833075 443.61411749999996 433.2206025 458.73195749999996 421.88222249999995 436.05519749999996 438.8897925 466.29087749999997 438.41736 446.92114499999997 429.44114249999996 463.4562825 518.730885 415.2681675 455.8973625 435.582765 441.25195499999995 392.118975 429.44114249999996 470.54276999999996 457.31466 426.6065475 435.11033249999997 457.31466 438.8897925 467.23574249999996 454.9524975 614.16225 459.67682249999996 476.6843925 444.08655 456.36979499999995 477.6292575 460.62168749999995 425.18924999999996 425.6616825 436.05519749999996 451.17303749999996
0.660000 429.913575 415.7406 438.8897925 505.03034249999996 454.48006499999997 445.031415 439.36222499999997 429.913575 430.3860075 448.81087499999995 444.55898249999996 437.9449275 456.8422275 451.64547 441.25195499999995 453.5352 465.3460125 471.0152025 457.78709249999997 469.1254725 435.11033249999997 443.141685 471.48763499999995 444.08655 461.09412 426.13411499999995 452.590335 554.1633224999999 449.2833075 447.86600999999996 445.5038475 477.15682499999997 451.17303749999996 466.29087749999997 449.75574 467.708175 468.65304 469.1254725 415.2681675 453.0627675 452.590335 456.8422275 425.18924999999996 443.141685 429.913575 440.30708999999996 447.86600999999996 395.4260025 466.29087749999997 432.2757375 435.582765 443.61411749999996 466.76331 442.19682 458.73195749999996 462.98384999999996 724.711455 457.31466 431.80330499999997 460.149255 462.5114175 433.2206025 445.97628 462.98384999999996 455.42492999999996 457.31466 184.248675 526.7622375 451.17303749999996 437.472495 435.582765 471.48763499999995 452.11790249999996 384.0876225 440.30708999999996 438.8897925 522.0379125 463.4562825 426.13411499999995 468.65304 468.65304 438.41736 442.19682 464.4011475 466.29087749999997 477.15682499999997 471.9600675 393.06383999999997 426.13411499999995 476.6843925 400.62275999999997 456.36979499999995 447.3935775 393.5362725 467.708175 466.29087749999997 55.747035 428.49627749999996 422.354655 471.9600675
0.670000 430.85844 485.66060999999996 454.9524975 302.8292325 441.7243875 430.85844 480.936285 419.0476275 449.75574 439.8346575 447.3935775 444.55898249999996 458.259525 458.259525 441.25195499999995 421.40979 444.08655 448.3384425 476.21196 453.5352 474.79466249999996 452.590335 457.31466 439.36222499999997 454.48006499999997 421.40979 439.36222499999997 451.17303749999996 428.96871 467.23574249999996 416.68546499999997 464.4011475 452.11790249999996 441.25195499999995 468.65304 125.66704499999999 439.36222499999997 446.4487125 475.267095 439.36222499999997 447.3935775 442.66925249999997 456.36979499999995 435.11033249999997 463.92871499999995 441.25195499999995 388.8119475 449.75574 447.86600999999996 474.32223 510.22709999999995 403.9297875 463.4562825 452.11790249999996 444.55898249999996 477.6292575 452.590335 443.141685 444.55898249999996 443.61411749999996 428.49627749999996 461.5665525 434.1654675 462.5114175 444.08655 450.700605 456.36979499999995 465.3460125 462.5114175 847.543905 451.64547 437.00006249999996 451.17303749999996 450.22817249999997 445.5038475 456.8422275 445.5038475 440.7795225 473.84979749999997 480.936285 445.97628 462.03898499999997 464.87358 446.92114499999997 456.36979499999995 467.708175 462.03898499999997 735.10497 458.259525 462.98384999999996 451.64547 431.3308725 441.7243875 435.11033249999997 468.18060749999995 462.5114175 420.93735749999996 524.400075 726.1287525 487.0779075
0.680000 457.31466 431.80330499999997 438.8897925 439.36222499999997 463.4562825 429.913575 379.83572999999996 463.4562825 431.80330499999997 456.36979499999995 448.3384425 453.5352 440.30708999999996 495.10925999999995 453.5352 415.2681675 457.31466 445.97628 428.96871 435.11033249999997 476.6843925 430.85844 468.65304 436.05519749999996 466.29087749999997 446.92114499999997 445.031415 449.75574 442.19682 437.472495 466.76331 449.2833075 466.76331 430.85844 443.61411749999996 447.86600999999996 464.87358 401.56762499999996 446.92114499999997 450.700605 440.30708999999996 454.9524975 454.9524975 428.023845 457.31466 454.0076325 449.75574 463.4562825 448.3384425 350.0724825 454.0076325 451.64547 472.9049325 432.74816999999996 429.913575 455.8973625 480.4638525 461.5665525 445.031415 451.17303749999996 464.4011475 480.4638525 452.590335 450.700605 426.6065475 431.80330499999997 437.00006249999996 472.4325 478.5741225 424.7168175 447.86600999999996 432.74816999999996 443.141685 426.6065475 446.4487125 464.87358 445.5038475 469.1254725 463.4562825 441.25195499999995 470.0703375 436.05519749999996 436.52763 458.259525 510.6995325 454.48006499999997 454.9524975 455.42492999999996 454.0076325 462.5114175 467.23574249999996 435.11033249999997 472.4325 445.031415 430.85844 440.7795225 813.5287649999999 461.09412 455.42492999999996 526.7622375
0.690000 430.85844 443.141685 440.30708999999996 450.22817249999997 448.81087499999995 439.8346575 611.3276549999999 647.7049575 438.8897925 442.19682 439.36222499999997 418.575195 418.1027625 454.48006499999997 446.92114499999997 465.3460125 449.2833075 438.8897925 387.39464999999996 429.44114249999996 516.3687225 466.76331 449.75574 439.8346575 437.9449275 454.0076325 434.1654675 441.7243875 795.57633 453.0627675 437.00006249999996 449.2833075 457.78709249999997 459.67682249999996 468.18060749999995 430.3860075 417.1578975 478.10168999999996 472.4325 455.42492999999996 472.4325 454.48006499999997 460.62168749999995 430.85844 474.79466249999996 455.42492999999996 180.9416475 465.3460125 461.5665525 544.7146725 475.73952749999995 462.5114175 428.96871 448.3384425 482.35358249999996 445.5038475 461.09412 396.3708675 472.4325 435.11033249999997 455.42492999999996 444.55898249999996 447.86600999999996 438.8897925 808.80444 457.78709249999997 469.1254725 442.19682 433.2206025 437.472495 453.0627675 460.149255 459.67682249999996 467.708175 434.6379 464.4011475 452.11790249999996 452.11790249999996 465.818445 476.21196 481.40871749999997 479.04655499999996 471.0152025 433.69303499999995 464.87358 468.18060749999995 457.78709249999997 455.8973625 193.22489249999998 456.36979499999995 404.40222 458.73195749999996 428.96871 461.09412 464.87358 531.4865625 468.65304 462.03898499999997 460.62168749999995 474.79466249999996
0.700000 457.31466 466.76331 456.8422275 567.8638649999999 454.48006499999997 447.3935775 441.25195499999995 459.20439 441.25195499999995 462.98384999999996 440.30708999999996 436.52763 436.52763 437.00006249999996 448.3384425 438.8897925 438.8897925 452.590335 439.8346575 453.5352 437.9449275 448.3384425 446.4487125 459.20439 438.8897925 465.818445 456.8422275 456.8422275 438.41736 449.2833075 465.3460125 443.141685 440.30708999999996 451.64547 479.04655499999996 631.16982 419.99249249999997 450.700605 452.11790249999996 456.8422275 465.3460125 462.5114175 466.76331 441.25195499999995 442.66925249999997 457.31466 453.0627675 477.15682499999997 449.2833075 432.2757375 487.55033999999995 301.8843675 475.267095 467.23574249999996 449.2833075 474.79466249999996 464.87358 467.708175 570.2260275 478.10168999999996 446.4487125 468.65304 437.00006249999996 488.96763749999997 453.5352 437.472495 459.20439 466.76331 30.7081125 428.96871 462.03898499999997 466.29087749999997 458.73195749999996 458.73195749999996 470.0703375 425.6616825 460.62168749999995 471.48763499999995 447.3935775 469.1254725 461.5665525 445.5038475 470.54276999999996 451.64547 459.20439 448.81087499999995 444.08655 471.0152025 100.15568999999999 474.32223 493.21952999999996 427.07898 442.66925249999997 455.8973625 471.48763499999995 469.1254725 465.3460125 531.01413 481.88115 460.62168749999995
0.710000 246.13733249999999 525.8173724999999 466.76331 382.19789249999997 458.73195749999996 446.92114499999997 450.22817249999997 465.818445 444.55898249999996 428.96871 266.45193 445.97628 457.31466 451.64547 442.19682 461.09412 435.582765 459.20439 461.09412 447.86600999999996 446.92114499999997 475.73952749999995 465.818445 451.17303749999996 469.59790499999997 455.42492999999996 452.590335 474.79466249999996 472.9049325 424.24438499999997 633.05955 422.8270875 450.700605 452.590335 444.08655 465.818445 465.818445 455.42492999999996 429.44114249999996 454.48006499999997 444.55898249999996 473.377365 452.11790249999996 458.259525 459.67682249999996 444.55898249999996 461.5665525 428.96871 459.20439 451.64547 470.54276999999996 427.07898 477.6292575 474.32223 483.77088 449.2833075 449.75574 462.98384999999996 461.09412 472.9049325 458.259525 457.31466 452.590335 525.8173724999999 451.17303749999996 479.04655499999996 449.75574 451.17303749999996 466.76331 438.8897925 450.22817249999997 468.65304 453.5352 430.85844 466.76331 432.2757375 451.64547 466.76331 445.5038475 465.818445 464.4011475 486.1330425 452.590335 486.1330425 454.9524975 455.42492999999996 401.56762499999996 480.936285 478.10168999999996 462.5114175 467.708175 444.55898249999996 488.0227725 438.8897925 476.6843925 253.22382 450.700605 433.69303499999995 447.3935775 480.4638525
0.720000 466.76331 432.74816999999996 421.40979 455.42492999999996 465.3460125 392.118975 452.590335 463.4562825 584.871435 433.2206025 462.98384999999996 461.5665525 468.65304 445.031415 452.590335 465.3460125 460.62168749999995 465.3460125 463.92871499999995 467.708175 437.472495 444.55898249999996 469.1254725 449.2833075 482.826015 450.22817249999997 770.5374075 460.62168749999995 463.4562825 437.9449275 459.20439 452.11790249999996 388.8119475 441.25195499999995 469.59790499999997 445.97628 437.00006249999996 478.5741225 457.78709249999997 452.11790249999996 476.21196 461.5665525 434.6379 444.55898249999996 438.41736 8.031352499999999 456.36979499999995 446.92114499999997 449.75574 441.7243875 457.31466 457.78709249999997 439.36222499999997 439.36222499999997 480.936285 443.141685 461.09412 460.149255 452.11790249999996 454.9524975 466.29087749999997 426.6065475 447.3935775 465.818445 647.7049575 518.2584525 460.62168749999995 462.03898499999997 467.708175 452.11790249999996 463.92871499999995 437.9449275 395.898435 434.1654675 464.4011475 467.708175 471.0152025 431.80330499999997 510.6995325 440.30708999999996 478.5741225 446.4487125 480.936285 581.5644075 447.86600999999996 443.141685 400.1503275 457.78709249999997 439.36222499999997 458.259525 462.5114175 466.29087749999997 458.259525 450.22817249999997 450.22817249999997 453.5352 391.6465425 459.20439 447.86600999999996 24.566489999999998
0.730000 457.78709249999997 434.1654675 508.8098025 461.5665525 442.19682 443.141685 441.7243875 439.8346575 431.80330499999997 440.30708999999996 511.64439749999997 705.3417225 440.30708999999996 465.818445 488.495205 428.96871 450.700605 475.267095 435.582765 455.42492999999996 531.958995 456.8422275 446.4487125 475.267095 478.5741225 447.3935775 469.1254725 473.377365 464.87358 476.6843925 425.18924999999996 436.52763 466.76331 437.472495 492.27466499999997 465.3460125 457.78709249999997 442.66925249999997 475.73952749999995 437.9449275 447.86600999999996 439.36222499999997 457.31466 475.267095 390.229245 444.08655 439.8346575 524.400075 479.04655499999996 459.67682249999996 460.149255 451.64547 442.66925249999997 478.5741225 456.36979499999995 458.259525 431.3308725 471.48763499999995 450.22817249999997 466.76331 467.23574249999996 458.259525 466.76331 434.6379 480.4638525 466.29087749999997 465.818445 483.77088 469.59790499999997 445.5038475 441.7243875 442.66925249999997 468.65304 456.8422275 468.18060749999995 472.9049325 452.590335 482.826015 435.11033249999997 471.9600675 445.97628 482.826015 463.92871499999995 446.4487125 470.0703375 395.898435 462.5114175 309.4432875 456.8422275 482.35358249999996 448.81087499999995 454.0076325 462.5114175 485.66060999999996 455.8973625 413.85087 457.31466 449.75574 477.6292575 447.3935775
0.740000 468.65304 428.96871 439.8346575 437.472495 471.9600675 456.8422275 456.36979499999995 449.2833075 466.29087749999997 482.35358249999996 447.86600999999996 459.20439 451.17303749999996 447.86600999999996 454.48006499999997 481.88115 467.708175 470.0703375 436.05519749999996 470.54276999999996 427.55141249999997 438.41736 444.08655 459.20439 462.03898499999997 450.700605 442.19682 458.73195749999996 433.2206025 445.031415 445.5038475 442.66925249999997 464.4011475 453.5352 446.92114499999997 459.67682249999996 439.36222499999997 464.87358 359.52113249999996 484.2433125 449.2833075 445.031415 460.62168749999995 518.2584525 479.5189875 486.60547499999996 474.32223 476.6843925 431.80330499999997 479.5189875 470.0703375 454.48006499999997 444.08655 486.60547499999996 517.78602 432.2757375 452.11790249999996 472.4325 479.99142 480.4638525 445.031415 452.590335 515.4238574999999 462.98384999999996 488.495205 438.8897925 450.700605 456.8422275 439.36222499999997 472.4325 463.92871499999995 314.16761249999996 441.7243875 480.936285 470.0703375 352.90707749999996 452.590335 470.0703375 435.582765 706.2865875 494.6368275 453.5352 464.4011475 467.708175 479.04655499999996 471.0152025 449.75574 473.84979749999997 184.248675 240.4681425 479.04655499999996 472.9049325 442.66925249999997 461.5665525 479.5189875 457.78709249999997 468.65304 644.8703624999999 445.97628 471.48763499999995
0.750000 435.582765 443.61411749999996 464.4011475 449.2833075 454.9524975 453.0627675 472.9049325 454.9524975 455.42492999999996 456.36979499999995 473.84979749999997 447.3935775 465.3460125 440.30708999999996 474.79466249999996 451.64547 448.3384425 446.92114499999997 439.36222499999997 448.81087499999995 474.32223 468.18060749999995 511.64439749999997 454.48006499999997 432.74816999999996 444.08655 445.97628 461.5665525 445.97628 464.87358 463.92871499999995 466.76331 467.23574249999996 449.75574 448.81087499999995 460.149255 486.60547499999996 458.73195749999996 469.1254725 442.19682 451.17303749999996 451.64547 385.9773525 472.9049325 463.4562825 482.35358249999996 451.17303749999996 518.730885 458.259525 405.81951749999996 428.49627749999996 480.936285 445.97628 467.23574249999996 435.582765 465.3460125 474.32223 472.4325 448.81087499999995 473.377365 468.18060749999995 447.3935775 470.0703375 484.71574499999997 455.8973625 479.99142 450.700605 477.15682499999997 438.41736 440.30708999999996 453.5352 474.32223 449.2833075 460.62168749999995 472.4325 473.84979749999997 462.5114175 466.29087749999997 473.377365 458.73195749999996 462.5114175 479.5189875 471.9600675 459.67682249999996 465.3460125 472.4325 449.75574 449.2833075 463.4562825 470.0703375 485.1881775 458.259525 456.36979499999995 460.62168749999995 481.40871749999997 478.10168999999996 415.7406 464.4011475 484.71574499999997 451.17303749999996
0.760000 442.66925249999997 511.64439749999997 471.48763499999995 437.00006249999996 469.1254725 505.97520749999995 420.93735749999996 440.7795225 470.0703375 445.5038475 461.09412 452.11790249999996 472.4325 436.05519749999996 451.17303749999996 449.2833075 465.818445 457.31466 473.84979749999997 443.61411749999996 548.0217 455.42492999999996 451.17303749999996 360.93843 474.79466249999996 475.267095 456.8422275 467.23574249999996 462.98384999999996 457.31466 480.4638525 468.65304 475.267095 519.2033175 463.4562825 451.17303749999996 451.64547 441.7243875 560.7773775 437.9449275 477.15682499999997 473.84979749999997 456.36979499999995 459.67682249999996 462.98384999999996 463.4562825 456.8422275 472.4325 448.3384425 366.1351875 466.76331 899.9839125 482.826015 479.99142 470.54276999999996 452.590335 431.80330499999997 348.65518499999996 461.09412 461.5665525 478.5741225 484.2433125 524.400075 461.09412 466.29087749999997 446.92114499999997 370.38707999999997 457.31466 476.6843925 479.04655499999996 484.2433125 469.59790499999997 447.86600999999996 438.8897925 486.60547499999996 414.795735 457.31466 455.8973625 468.65304 467.708175 131.336235 451.64547 529.1243999999999 465.3460125 476.6843925 468.65304 461.5665525 460.62168749999995 489.91250249999996 489.44007 450.22817249999997 483.77088 452.590335 470.0703375 456.36979499999995 477.6292575 400.1503275 443.141685 459.20439 478.10168999999996
0.770000 452.590335 452.11790249999996 478.5741225 442.66925249999997 440.7795225 472.4325 398.73303 456.8422275 434.1654675 444.55898249999996 461.5665525 453.5352 454.0076325 515.89629 470.0703375 458.259525 452.590335 454.0076325 458.73195749999996 461.5665525 477.15682499999997 461.09412 464.87358 460.149255 473.377365 449.2833075 449.75574 453.5352 451.64547 454.48006499999997 443.61411749999996 454.9524975 447.3935775 462.98384999999996 462.5114175 512.1168299999999 453.0627675 457.31466 450.22817249999997 437.9449275 396.3708675 464.87358 443.141685 441.7243875 461.09412 449.75574 463.4562825 456.8422275 471.48763499999995 489.91250249999996 445.97628 473.377365 451.17303749999996 480.4638525 467.708175 454.9524975 458.73195749999996 441.7243875 472.9049325 488.96763749999997 442.19682 495.10925999999995 480.936285 474.79466249999996 450.700605 453.5352 451.64547 486.60547499999996 463.4562825 437.472495 463.4562825 387.8670825 477.6292575 464.4011475 441.25195499999995 460.62168749999995 452.590335 462.5114175 443.61411749999996 461.09412 466.76331 467.23574249999996 483.29844749999995 463.92871499999995 477.6292575 468.18060749999995 486.1330425 465.3460125 470.0703375 454.48006499999997 39.2118975 484.71574499999997 480.936285 468.18060749999995 454.9524975 467.23574249999996 443.61411749999996 479.99142 494.16439499999996 475.73952749999995
0.780000 465.818445 460.62168749999995 448.81087499999995 513.061695 454.9524975 444.08655 603.2963025 459.20439 448.3384425 444.08655 472.4325 482.826015 473.84979749999997 444.55898249999996 437.9449275 456.8422275 468.65304 447.3935775 479.04655499999996 462.03898499999997 454.9524975 473.377365 467.23574249999996 496.52655749999997 468.18060749999995 437.9449275 459.67682249999996 469.1254725 442.19682 478.10168999999996 452.11790249999996 448.3384425 467.708175 441.7243875 456.8422275 447.86600999999996 472.9049325 474.79466249999996 473.84979749999997 452.11790249999996 462.5114175 454.9524975 446.92114499999997 525.34494 436.05519749999996 461.5665525 471.9600675 478.10168999999996 475.267095 453.0627675 412.43357249999997 468.65304 450.700605 475.73952749999995 435.582765 472.4325 482.826015 459.67682249999996 478.10168999999996 441.7243875 404.40222 471.9600675 404.40222 457.78709249999997 402.9849225 486.1330425 462.98384999999996 457.31466 186.6108375 451.17303749999996 445.5038475 448.81087499999995 451.64547 456.8422275 487.55033999999995 479.99142 533.3762925 463.4562825 441.7243875 466.29087749999997 477.15682499999997 477.6292575 506.9200725 453.0627675 485.66060999999996 479.04655499999996 488.495205 484.71574499999997 481.88115 459.20439 484.2433125 490.85736749999995 496.99899 483.77088 411.96114 478.5741225 448.3384425 473.84979749999997 541.8800775 451.64547
0.790000 483.77088 448.81087499999995 467.23574249999996 476.21196 454.9524975 463.4562825 455.42492999999996 455.42492999999996 434.6379 511.171965 449.2833075 427.55141249999997 448.81087499999995 433.69303499999995 648.6498224999999 463.4562825 443.61411749999996 454.48006499999997 462.5114175 456.8422275 455.8973625 456.36979499999995 650.5395525 475.73952749999995 480.4638525 465.3460125 440.7795225 468.18060749999995 481.40871749999997 470.54276999999996 465.818445 461.5665525 463.92871499999995 453.5352 455.8973625 482.826015 536.2108875 454.0076325 467.23574249999996 460.149255 568.3362975 448.81087499999995 488.495205 461.09412 458.259525 450.22817249999997 469.59790499999997 479.99142 444.55898249999996 480.936285 471.9600675 474.79466249999996 463.92871499999995 472.9049325 453.0627675 460.149255 459.67682249999996 469.1254725 478.5741225 462.98384999999996 445.97628 462.03898499999997 468.65304 241.4130075 531.4865625 449.2833075 473.84979749999997 468.18060749999995 453.0627675 479.5189875 455.8973625 455.8973625 443.141685 470.54276999999996 456.8422275 485.66060999999996 484.71574499999997 437.9449275 476.21196 489.91250249999996 480.936285 462.03898499999997 494.16439499999996 475.267095 477.15682499999997 467.708175 475.267095 608.49306 458.73195749999996 408.6541125 461.09412 491.8022325 479.99142 491.8022325 494.6368275 871.16553 446.92114499999997 481.40871749999997 471.48763499999995 463.4562825
0.800000 459.20439 445.5038475 462.5114175 461.5665525 453.5352 666.6022575 447.86600999999996 522.9827775 453.0627675 463.92871499999995 475.73952749999995 472.4325 444.55898249999996 435.11033249999997 462.5114175 467.23574249999996 451.64547 457.31466 446.92114499999997 518.730885 444.08655 450.22817249999997 488.495205 445.5038475 467.23574249999996 479.99142 455.42492999999996 467.23574249999996 441.25195499999995 459.67682249999996 479.04655499999996 461.5665525 474.79466249999996 489.44007 465.818445 458.73195749999996 456.36979499999995 450.22817249999997 475.73952749999995 483.77088 478.5741225 462.98384999999996 463.4562825 473.377365 454.48006499999997 439.36222499999997 453.5352 479.04655499999996 446.4487125 475.267095 463.4562825 494.16439499999996 458.259525 488.96763749999997 446.4487125 486.1330425 361.883295 474.32223 466.29087749999997 445.97628 455.8973625 496.054125 472.4325 457.31466 294.3254475 446.92114499999997 460.62168749999995 461.09412 457.31466 497.943855 489.44007 464.87358 473.84979749999997 488.0227725 457.78709249999997 467.708175 405.347085 456.8422275 457.78709249999997 482.35358249999996 463.92871499999995 475.267095 486.60547499999996 467.708175 521.56548 458.259525 498.88872 445.031415 496.054125 446.4487125 420.464925 464.4011475 459.20439 470.0703375 476.21196 476.21196 502.1957475 471.0152025 494.6368275 479.04655499999996
0.810000 451.64547 457.78709249999997 454.48006499999997 462.03898499999997 479.5189875 282.0422025 461.09412 465.3460125 471.0152025 444.55898249999996 474.79466249999996 449.75574 454.0076325 452.590335 451.17303749999996 489.44007 456.36979499999995 450.22817249999997 492.27466499999997 482.826015 485.1881775 455.8973625 438.41736 457.78709249999997 463.4562825 474.79466249999996 474.79466249999996 455.8973625 468.18060749999995 439.8346575 470.54276999999996 486.1330425 474.32223 476.21196 459.20439 455.42492999999996 437.00006249999996 465.818445 474.32223 445.97628 450.22817249999997 520.1481825 427.07898 445.5038475 467.23574249999996 490.85736749999995 393.5362725 455.42492999999996 471.9600675 450.22817249999997 476.6843925 465.818445 452.590335 443.61411749999996 482.826015 476.21196 476.6843925 462.5114175 461.09412 486.60547499999996 468.65304 458.259525 492.27466499999997 471.9600675 366.60762 445.97628 450.22817249999997 460.149255 489.91250249999996 390.229245 483.29844749999995 479.99142 464.87358 477.6292575 485.66060999999996 459.67682249999996 459.67682249999996 454.48006499999997 473.377365 461.09412 483.29844749999995 451.64547 472.4325 288.183825 474.32223 483.77088 452.11790249999996 492.27466499999997 472.4325 473.377365 470.0703375 482.35358249999996 462.98384999999996 739.829295 489.44007 542.8249425 454.9524975 466.29087749999997 107.71461 469.59790499999997
0.820000 476.21196 471.48763499999995 469.59790499999997 461.5665525 470.54276999999996 471.0152025 448.81087499999995 510.22709999999995 456.8422275 471.48763499999995 439.8346575 477.15682499999997 462.03898499999997 481.88115 474.79466249999996 481.88115 457.78709249999997 453.5352 477.15682499999997 464.4011475 470.0703375 479.04655499999996 479.99142 452.590335 433.2206025 463.4562825 430.85844 449.2833075 453.5352 462.03898499999997 448.81087499999995 462.98384999999996 454.9524975 445.5038475 467.708175 455.8973625 579.6746774999999 473.377365 462.5114175 455.42492999999996 483.29844749999995 464.4011475 530.069265 484.71574499999997 453.5352 473.84979749999997 469.59790499999997 446.92114499999997 462.98384999999996 484.2433125 448.81087499999995 474.79466249999996 487.0779075 437.9449275 471.9600675 468.18060749999995 491.3298 462.03898499999997 474.79466249999996 479.04655499999996 475.73952749999995 484.2433125 465.3460125 409.12654499999996 446.4487125 459.20439 467.23574249999996 455.42492999999996 450.700605 824.8671449999999 474.79466249999996 488.495205 523.45521 470.0703375 460.149255 478.5741225 482.826015 470.54276999999996 459.67682249999996 450.22817249999997 450.22817249999997 495.5816925 485.1881775 485.1881775 482.826015 490.384935 477.15682499999997 483.29844749999995 482.826015 467.23574249999996 457.78709249999997 275.90058 548.0217 484.2433125 468.18060749999995 472.4325 475.73952749999995 491.8022325 472.4325 473.377365
0.830000 466.29087749999997 440.30708999999996 449.2833075 476.6843925 435.11033249999997 466.29087749999997 341.5686975 462.03898499999997 470.54276999999996 475.267095 482.35358249999996 463.92871499999995 468.18060749999995 458.73195749999996 487.55033999999995 470.54276999999996 455.8973625 459.67682249999996 462.03898499999997 473.377365 471.9600675 481.88115 534.3211575 478.10168999999996 463.92871499999995 479.5189875 469.59790499999997 467.708175 449.2833075 467.23574249999996 452.590335 477.15682499999997 480.936285 452.590335 493.21952999999996 488.96763749999997 485.66060999999996 467.23574249999996 473.84979749999997 452.590335 468.18060749999995 467.708175 467.708175 447.3935775 452.590335 488.96763749999997 483.29844749999995 487.55033999999995 477.15682499999997 471.9600675 471.0152025 464.87358 467.23574249999996 471.9600675 459.67682249999996 441.7243875 462.5114175 450.22817249999997 481.40871749999997 459.67682249999996 473.84979749999997 505.97520749999995 460.149255 461.09412 452.590335 458.73195749999996 454.0076325 485.66060999999996 498.41628749999995 463.92871499999995 463.4562825 468.65304 492.27466499999997 478.5741225 467.23574249999996 473.377365 462.98384999999996 470.54276999999996 462.03898499999997 458.73195749999996 577.7849474999999 462.03898499999997 475.73952749999995 461.5665525 490.384935 488.495205 464.87358 471.48763499999995 470.0703375 475.73952749999995 476.6843925 457.31466 470.54276999999996 479.04655499999996 457.31466 479.04655499999996 505.03034249999996 500.77844999999996 472.9049325 465.3460125
0.840000 441.25195499999995 451.17303749999996 448.3384425 484.71574499999997 448.81087499999995 449.2833075 436.52763 465.3460125 471.0152025 437.9449275 474.32223 459.67682249999996 418.1027625 474.32223 483.77088 470.54276999999996 471.9600675 483.29844749999995 497.47142249999996 461.5665525 638.72874 473.84979749999997 624.555765 488.0227725 490.85736749999995 472.9049325 471.48763499999995 606.1308975 325.5059925 482.826015 463.4562825 485.66060999999996 456.8422275 486.1330425 469.1254725 477.15682499999997 454.9524975 495.5816925 481.88115 488.0227725 462.5114175 468.18060749999995 467.708175 462.5114175 471.9600675 447.3935775 493.21952999999996 484.2433125 459.67682249999996 484.2433125 481.40871749999997 545.187105 462.98384999999996 456.36979499999995 451.64547 472.4325 474.79466249999996 465.818445 536.68332 487.55033999999995 466.76331 471.9600675 474.32223 466.29087749999997 478.5741225 470.54276999999996 459.67682249999996 484.71574499999997 46.298384999999996 443.141685 477.6292575 475.267095 461.09412 458.73195749999996 470.54276999999996 460.62168749999995 528.179535 465.3460125 485.1881775 472.4325 479.04655499999996 454.9524975 499.83358499999997 455.8973625 465.3460125 451.17303749999996 489.91250249999996 462.98384999999996 470.0703375 473.377365 467.23574249999996 464.4011475 456.8422275 497.943855 476.6843925 489.91250249999996 480.4638525 473.377365 510.6995325 514.951425
0.850000 459.20439 522.510345 467.708175 456.8422275 497.47142249999996 475.73952749999995 360.93843 461.09412 466.29087749999997 494.16439499999996 517.78602 455.42492999999996 470.0703375 491.3298 483.77088 477.15682499999997 479.99142 465.3460125 459.20439 478.5741225 469.59790499999997 460.149255 467.708175 480.936285 486.1330425 489.91250249999996 481.88115 468.65304 475.73952749999995 456.8422275 457.31466 479.5189875 469.59790499999997 464.87358 494.16439499999996 469.1254725 487.0779075 471.48763499999995 439.8346575 435.582765 452.590335 454.48006499999997 462.03898499999997 456.36979499999995 466.76331 394.00870499999996 479.04655499999996 459.67682249999996 477.6292575 487.0779075 494.16439499999996 463.92871499999995 495.10925999999995 457.78709249999997 464.87358 456.8422275 478.5741225 471.0152025 481.40871749999997 453.5352 456.36979499999995 486.1330425 456.8422275 477.15682499999997 453.0627675 479.04655499999996 460.62168749999995 472.4325 456.8422275 476.6843925 499.83358499999997 481.40871749999997 486.1330425 477.15682499999997 460.62168749999995 478.5741225 464.4011475 478.5741225 468.65304 465.818445 481.40871749999997 453.0627675 482.35358249999996 493.6919625 486.1330425 454.48006499999997 471.0152025 496.054125 500.3060175 461.09412 504.55791 447.3935775 483.77088 485.1881775 525.8173724999999 494.16439499999996 475.73952749999995 473.84979749999997 500.77844999999996 484.71574499999997
0.860000 461.09412 436.52763 486.60547499999996 475.267095 471.48763499999995 462.98384999999996 412.43357249999997 481.40871749999997 456.8422275 461.09412 481.88115 467.708175 479.04655499999996 440.30708999999996 419.99249249999997 474.32223 492.27466499999997 471.48763499999995 480.936285 453.5352 450.700605 472.4325 463.4562825 456.8422275 462.98384999999996 471.48763499999995 474.79466249999996 441.7243875 436.05519749999996 532.4314274999999 211.1773275 447.3935775 451.64547 270.7038225 477.6292575 482.35358249999996 457.78709249999997 474.79466249999996 487.0779075 460.62168749999995 464.4011475 476.21196 462.5114175 463.4562825 467.23574249999996 471.9600675 471.48763499999995 488.96763749999997 477.15682499999997 478.10168999999996 472.4325 479.5189875 934.4714849999999 482.826015 460.149255 471.48763499999995 467.708175 465.818445 486.1330425 472.4325 461.5665525 472.4325 472.9049325 490.384935 478.5741225 464.4011475 480.936285 458.73195749999996 494.6368275 458.259525 446.92114499999997 482.35358249999996 469.1254725 477.6292575 499.83358499999997 475.73952749999995 474.32223 476.6843925 449.2833075 473.377365 489.91250249999996 466.29087749999997 505.502775 473.84979749999997 471.0152025 454.0076325 502.1957475 473.84979749999997 491.3298 467.23574249999996 492.7470975 485.1881775 478.10168999999996 464.87358 487.0779075 405.81951749999996 482.826015 489.44007 469.59790499999997 469.1254725
0.870000 85.5102825 470.54276999999996 479.99142 455.8973625 466.29087749999997 454.9524975 476.21196 451.17303749999996 454.0076325 459.20439 456.36979499999995 458.259525 475.73952749999995 830.536335 475.267095 75.1167675 215.90165249999998 450.22817249999997 854.15796 485.1881775 480.4638525 407.236815 865.0239075 440.7795225 487.0779075 453.0627675 467.708175 452.590335 465.3460125 773.844435 482.826015 495.10925999999995 480.936285 460.62168749999995 529.1243999999999 482.35358249999996 492.27466499999997 471.48763499999995 491.8022325 476.6843925 469.1254725 470.54276999999996 450.22817249999997 469.59790499999997 488.96763749999997 452.11790249999996 470.54276999999996 470.0703375 482.35358249999996 542.8249425 495.10925999999995 451.17303749999996 473.377365 471.48763499999995 462.98384999999996 486.60547499999996 479.04655499999996 481.40871749999997 458.73195749999996 489.91250249999996 487.0779075 480.4638525 447.86600999999996 496.054125 500.3060175 489.91250249999996 465.3460125 488.0227725 462.03898499999997 504.08547749999997 450.700605 490.85736749999995 462.5114175 448.81087499999995 470.54276999999996 476.6843925 481.40871749999997 489.44007 466.29087749999997 463.92871499999995 400.62275999999997 504.55791 477.15682499999997 492.27466499999997 476.6843925 465.3460125 592.9027874999999 506.9200725 483.77088 480.4638525 405.81951749999996 482.826015 595.7373825 539.0454824999999 480.4638525 474.32223 607.548195 473.377365 885.3385049999999 510.6995325
0.880000 449.75574 452.11790249999996 446.92114499999997 471.9600675 455.8973625 473.377365 473.84979749999997 474.32223 447.86600999999996 677.9406375 478.10168999999996 411.4887075 474.79466249999996 468.18060749999995 577.312515 483.77088 447.3935775 479.99142 493.6919625 482.826015 468.18060749999995 458.73195749999996 475.267095 462.98384999999996 495.10925999999995 451.64547 453.5352 473.377365 472.4325 449.2833075 484.71574499999997 468.65304 477.15682499999997 463.4562825 464.4011475 476.21196 467.708175 468.18060749999995 484.71574499999997 463.92871499999995 455.8973625 481.40871749999997 448.3384425 560.7773775 486.1330425 476.21196 480.4638525 459.67682249999996 813.5287649999999 466.29087749999997 473.84979749999997 462.5114175 448.81087499999995 476.6843925 502.1957475 490.85736749999995 459.67682249999996 492.27466499999997 491.3298 474.79466249999996 466.76331 344.875725 471.9600675 512.5892625 477.15682499999997 481.88115 467.23574249999996 485.66060999999996 479.04655499999996 494.16439499999996 459.67682249999996 470.0703375 456.36979499999995 454.0076325 453.0627675 459.67682249999996 513.061695 499.3611525 462.98384999999996 506.9200725 457.78709249999997 467.23574249999996 505.03034249999996 461.09412 478.5741225 492.7470975 477.15682499999997 473.84979749999997 414.32330249999995 505.502775 473.84979749999997 452.590335 472.4325 450.700605 477.6292575 478.5741225 496.054125 493.6919625 479.99142 500.77844999999996
0.890000 451.17303749999996 479.5189875 447.3935775 471.9600675 478.10168999999996 457.31466 449.75574 474.32223 475.73952749999995 478.5741225 477.15682499999997 462.98384999999996 486.1330425 470.54276999999996 485.66060999999996 506.44764 486.1330425 440.30708999999996 468.65304 477.15682499999997 497.47142249999996 497.47142249999996 474.79466249999996 463.92871499999995 463.92871499999995 470.54276999999996 938.7233775 475.73952749999995 450.700605 469.59790499999997 484.2433125 503.1406125 535.7384549999999 472.9049325 452.11790249999996 454.0076325 452.11790249999996 471.9600675 485.66060999999996 480.4638525 461.5665525 468.18060749999995 492.7470975 505.03034249999996 467.708175 480.4638525 463.92871499999995 455.42492999999996 483.77088 475.73952749999995 470.54276999999996 493.21952999999996 482.35358249999996 465.3460125 741.719025 462.98384999999996 457.31466 477.6292575 482.826015 471.9600675 449.2833075 472.4325 498.88872 491.3298 484.71574499999997 453.0627675 502.66817999999995 500.3060175 469.1254725 479.04655499999996 461.09412 499.3611525 503.1406125 427.55141249999997 469.59790499999997 505.03034249999996 468.18060749999995 453.0627675 472.4325 513.5341275 497.943855 492.27466499999997 477.15682499999997 481.88115 479.04655499999996 463.4562825 472.9049325 484.2433125 467.23574249999996 489.44007 412.43357249999997 499.3611525 365.662755 479.99142 495.5816925 476.6843925 503.613045 505.502775 482.35358249999996 501.2508825
0.900000 459.20439 470.54276999999996 484.2433125 471.0152025 415.7406 483.29844749999995 477.6292575 481.88115 462.98384999999996 447.3935775 485.66060999999996 483.77088 453.5352 515.89629 419.0476275 483.77088 451.17303749999996 472.9049325 480.936285 420.464925 466.29087749999997 458.73195749999996 473.377365 479.04655499999996 472.4325 469.59790499999997 465.3460125 464.4011475 478.5741225 480.936285 445.5038475 497.943855 518.730885 481.40871749999997 472.9049325 488.0227725 495.5816925 491.3298 472.9049325 454.0076325 466.76331 492.7470975 475.267095 461.5665525 479.04655499999996 455.42492999999996 466.76331 453.0627675 468.65304 487.0779075 509.28223499999996 465.3460125 513.061695 478.10168999999996 465.3460125 475.73952749999995 492.7470975 454.9524975 462.98384999999996 474.79466249999996 539.0454824999999 456.8422275 503.613045 465.3460125 484.71574499999997 477.6292575 504.08547749999997 479.04655499999996 466.29087749999997 465.818445 461.5665525 474.32223 458.259525 574.9503525 471.0152025 480.4638525 495.5816925 473.84979749999997 502.66817999999995 476.6843925 517.3135874999999 471.48763499999995 471.9600675 489.91250249999996 481.40871749999997 428.49627749999996 467.708175 493.21952999999996 486.1330425 463.4562825 463.4562825 334.48221 506.9200725 498.41628749999995 422.354655 485.1881775 492.7470975 487.0779075 490.384935 479.99142
0.910000 439.8346575 482.826015 488.495205 462.03898499999997 487.0779075 484.2433125 469.1254725 645.342795 468.18060749999995 470.0703375 488.96763749999997 477.15682499999997 459.67682249999996 408.18168 456.36979499999995 451.64547 495.5816925 490.85736749999995 452.11790249999996 421.88222249999995 472.4325 619.3590075 473.84979749999997 485.1881775 503.613045 455.8973625 458.73195749999996 469.1254725 467.708175 456.8422275 537.628185 457.78709249999997 487.0779075 500.3060175 473.84979749999997 479.99142 496.99899 465.3460125 725.1838875 464.4011475 487.0779075 216.84651749999998 460.149255 480.4638525 488.0227725 482.826015 496.99899 475.267095 470.54276999999996 473.377365 479.04655499999996 497.943855 360.93843 488.0227725 481.40871749999997 457.31466 463.4562825 482.35358249999996 449.75574 489.44007 470.54276999999996 457.31466 466.76331 412.906005 492.7470975 482.35358249999996 454.9524975 493.21952999999996 462.03898499999997 471.0152025 467.708175 480.4638525 474.32223 479.04655499999996 480.4638525 577.7849474999999 462.5114175 328.81302 476.21196 452.590335 478.5741225 533.848725 464.87358 463.92871499999995 484.71574499999997 505.502775 471.0152025 490.384935 498.88872 489.91250249999996 512.1168299999999 466.76331 479.99142 510.6995325 477.6292575 481.88115 490.384935 83.14811999999999 498.88872 449.75574
0.920000 463.92871499999995 461.09412 466.76331 481.88115 456.8422275 417.1578975 478.10168999999996 476.21196 480.936285 462.03898499999997 493.6919625 476.21196 462.5114175 835.2606599999999 459.67682249999996 474.32223 465.818445 500.3060175 465.3460125 457.78709249999997 480.4638525 496.054125 473.84979749999997 470.54276999999996 457.78709249999997 480.4638525 459.20439 466.76331 486.60547499999996 490.85736749999995 491.8022325 468.18060749999995 469.1254725 478.5741225 486.60547499999996 461.09412 490.85736749999995 528.179535 479.04655499999996 479.99142 479.04655499999996 412.43357249999997 479.04655499999996 488.0227725 483.77088 473.84979749999997 480.4638525 477.6292575 487.55033999999995 454.0076325 495.5816925 470.54276999999996 469.1254725 495.5816925 491.3298 489.91250249999996 505.03034249999996 507.39250499999997 466.29087749999997 451.17303749999996 490.384935 487.55033999999995 471.48763499999995 490.85736749999995 483.77088 461.5665525 421.40979 500.3060175 477.6292575 468.65304 500.3060175 364.2454575 508.8098025 474.32223 469.59790499999997 472.9049325 464.4011475 414.32330249999995 489.91250249999996 487.0779075 475.267095 493.6919625 479.99142 526.289805 499.83358499999997 591.48549 483.29844749999995 477.15682499999997 433.2206025 470.0703375 493.21952999999996 459.20439 361.883295 490.85736749999995 486.1330425 488.96763749999997 492.27466499999997 472.4325 495.5816925 462.5114175
0.930000 476.21196 465.3460125 483.29844749999995 462.03898499999997 486.60547499999996 459.67682249999996 480.4638525 478.5741225 474.32223 475.73952749999995 480.936285 479.5189875 482.35358249999996 479.5189875 474.32223 427.07898 471.0152025 462.98384999999996 472.9049325 471.0152025 478.10168999999996 479.04655499999996 479.5189875 466.76331 474.32223 484.2433125 459.67682249999996 488.96763749999997 459.67682249999996 504.08547749999997 467.708175 487.0779075 481.88115 494.16439499999996 466.29087749999997 501.72331499999996 476.6843925 460.62168749999995 482.826015 500.3060175 482.35358249999996 475.267095 478.5741225 504.08547749999997 495.5816925 496.52655749999997 466.29087749999997 486.1330425 483.77088 462.98384999999996 497.47142249999996 461.5665525 498.41628749999995 492.7470975 493.21952999999996 468.65304 494.6368275 462.98384999999996 472.4325 476.21196 500.3060175 482.826015 459.20439 468.65304 480.4638525 511.64439749999997 480.4638525 720.9319949999999 492.27466499999997 484.71574499999997 470.54276999999996 478.5741225 478.10168999999996 479.5189875 473.84979749999997 469.59790499999997 491.8022325 486.60547499999996 482.35358249999996 503.613045 480.4638525 478.5741225 485.66060999999996 493.21952999999996 470.54276999999996 470.0703375 499.83358499999997 471.0152025 479.5189875 495.10925999999995 489.44007 483.29844749999995 558.415215 553.69089 509.28223499999996 475.267095 495.5816925 485.66060999999996 479.5189875 564.084405
0.940000 642.9806325 479.5189875 457.31466 479.04655499999996 451.64547 464.87358 487.55033999999995 486.60547499999996 468.18060749999995 454.9524975 496.52655749999997 455.8973625 476.21196 476.21196 478.5741225 481.88115 479.04655499999996 465.818445 469.59790499999997 484.71574499999997 462.03898499999997 492.27466499999997 452.590335 463.4562825 478.5741225 458.259525 469.59790499999997 486.60547499999996 452.590335 467.23574249999996 471.9600675 476.21196 454.9524975 493.6919625 477.6292575 464.87358 488.495205 470.0703375 477.6292575 491.8022325 488.0227725 471.48763499999995 488.96763749999997 427.55141249999997 505.03034249999996 493.6919625 471.48763499999995 915.1017525 509.28223499999996 497.943855 486.1330425 478.5741225 476.21196 483.29844749999995 492.27466499999997 767.23038 492.27466499999997 253.69625249999999 470.0703375 475.267095 498.88872 477.6292575 466.76331 493.21952999999996 476.6843925 490.85736749999995 536.2108875 461.5665525 479.5189875 491.3298 478.5741225 488.495205 460.62168749999995 488.495205 492.7470975 541.8800775 481.88115 474.79466249999996 501.72331499999996 489.44007 476.6843925 450.22817249999997 484.2433125 488.0227725 505.97520749999995 462.98384999999996 494.16439499999996 473.84979749999997 459.20439 482.35358249999996 462.5114175 490.85736749999995 486.1330425 503.1406125 471.9600675 486.1330425 482.35358249999996 499.3611525 503.613045 487.55033999999995
0.950000 408.18168 470.0703375 464.87358 449.2833075 455.42492999999996 488.96763749999997 475.267095 450.700605 473.84979749999997 446.92114499999997 474.79466249999996 483.29844749999995 459.67682249999996 386.44978499999996 497.47142249999996 487.55033999999995 499.3611525 497.943855 461.5665525 282.98706749999997 488.0227725 468.65304 491.8022325 476.6843925 461.5665525 472.4325 460.149255 472.4325 479.5189875 460.62168749999995 497.943855 477.15682499999997 449.75574 475.267095 459.20439 482.826015 455.8973625 475.267095 453.0627675 467.708175 495.5816925 469.1254725 469.59790499999997 478.10168999999996 476.6843925 483.29844749999995 490.85736749999995 492.7470975 484.71574499999997 678.8855024999999 476.6843925 478.5741225 462.98384999999996 473.84979749999997 471.9600675 471.0152025 489.91250249999996 501.72331499999996 474.79466249999996 481.88115 474.79466249999996 475.73952749999995 470.0703375 488.0227725 494.16439499999996 459.20439 496.52655749999997 489.91250249999996 479.04655499999996 490.384935 500.77844999999996 486.1330425 495.5816925 474.32223 460.62168749999995 486.60547499999996 479.5189875 488.0227725 491.3298 88.3448775 603.2963025 64.7232525 477.15682499999997 482.826015 481.40871749999997 498.41628749999995 487.0779075 432.74816999999996 516.841155 542.3525099999999 462.5114175 522.0379125 496.054125 506.9200725 467.708175 486.1330425 535.2660225 533.848725 430.3860075 517.3135874999999
0.960000 463.92871499999995 462.03898499999997 478.10168999999996 473.84979749999997 421.88222249999995 466.29087749999997 479.04655499999996 465.818445 483.29844749999995 449.75574 489.91250249999996 468.18060749999995 473.84979749999997 464.4011475 488.96763749999997 447.86600999999996 472.9049325 496.054125 488.0227725 474.79466249999996 462.03898499999997 476.6843925 481.88115 479.5189875 479.99142 479.5189875 483.77088 501.2508825 486.60547499999996 451.17303749999996 500.3060175 476.21196 480.936285 478.10168999999996 450.22817249999997 489.91250249999996 484.2433125 503.613045 464.87358 525.8173724999999 496.054125 492.7470975 497.47142249999996 466.29087749999997 491.3298 480.936285 479.5189875 494.16439499999996 455.8973625 451.64547 483.77088 502.1957475 473.84979749999997 469.59790499999997 425.6616825 479.04655499999996 468.65304 475.267095 504.55791 476.21196 462.03898499999997 386.9222175 461.5665525 487.55033999999995 476.6843925 838.095255 482.826015 490.85736749999995 471.0152025 476.6843925 479.99142 42.518924999999996 484.71574499999997 506.44764 281.56977 489.44007 496.52655749999997 514.951425 480.936285 472.9049325 473.84979749999997 504.08547749999997 583.4541375 402.0400575 468.18060749999995 473.377365 472.4325 494.6368275 505.03034249999996 504.08547749999997 499.3611525 474.79466249999996 465.3460125 492.7470975 455.42492999999996 493.21952999999996 484.71574499999997 475.267095 511.64439749999997 334.48221
0.970000 480.4638525 493.21952999999996 454.0076325 472.4325 467.23574249999996 467.708175 461.5665525 444.55898249999996 466.76331 696.365505 543.7698075 474.32223 498.41628749999995 490.384935 470.0703375 477.6292575 474.79466249999996 460.62168749999995 380.3081625 504.55791 466.76331 465.3460125 474.32223 481.40871749999997 492.27466499999997 470.0703375 472.4325 478.10168999999996 470.0703375 478.10168999999996 467.708175 472.9049325 475.73952749999995 493.6919625 483.77088 485.1881775 462.03898499999997 492.7470975 484.2433125 485.1881775 465.3460125 468.18060749999995 477.6292575 487.0779075 481.88115 495.5816925 493.21952999999996 496.99899 486.60547499999996 487.55033999999995 478.10168999999996 476.21196 465.3460125 462.03898499999997 485.66060999999996 467.23574249999996 486.1330425 478.5741225 451.17303749999996 492.7470975 474.32223 489.44007 495.5816925 478.5741225 498.88872 493.21952999999996 541.407645 461.5665525 476.6843925 497.47142249999996 486.60547499999996 505.03034249999996 471.0152025 497.943855 483.77088 511.64439749999997 468.65304 494.16439499999996 470.54276999999996 489.44007 466.29087749999997 467.708175 475.73952749999995 392.118975 493.21952999999996 480.936285 494.6368275 485.66060999999996 482.35358249999996 493.21952999999996 485.1881775 508.33736999999996 494.16439499999996 478.5741225 602.3514375 477.15682499999997 482.35358249999996 503.1406125 486.60547499999996 598.0995449999999
0.980000 455.8973625 467.23574249999996 478.5741225 481.88115 468.18060749999995 414.32330249999995 490.85736749999995 455.8973625 471.9600675 475.73952749999995 485.1881775 491.8022325 460.62168749999995 500.3060175 513.061695 499.3611525 470.54276999999996 470.54276999999996 465.3460125 479.5189875 492.7470975 481.40871749999997 465.3460125 419.0476275 478.5741225 488.495205 469.1254725 504.55791 543.7698075 469.1254725 486.60547499999996 464.87358 462.03898499999997 493.6919625 426.13411499999995 503.1406125 487.0779075 550.3838625 473.84979749999997 494.16439499999996 479.5189875 470.54276999999996 470.0703375 493.21952999999996 469.59790499999997 493.6919625 847.543905 467.708175 560.7773775 479.04655499999996 497.943855 478.10168999999996 453.5352 485.1881775 426.13411499999995 496.52655749999997 467.708175 494.6368275 497.943855 486.1330425 522.9827775 458.73195749999996 478.5741225 491.3298 462.03898499999997 504.55791 488.96763749999997 476.6843925 495.5816925 477.6292575 506.44764 475.267095 431.80330499999997 504.55791 510.6995325 470.54276999999996 490.384935 480.4638525 505.97520749999995 486.60547499999996 477.6292575 508.8098025 514.951425 494.6368275 486.60547499999996 482.35358249999996 507.39250499999997 476.6843925 349.60005 479.04655499999996 454.0076325 487.55033999999995 501.2508825 476.6843925 498.88872 505.97520749999995 556.0530524999999 513.5341275 479.04655499999996 370.38707999999997
0.990000 417.63032999999996 476.6843925 494.16439499999996 456.8422275 449.75574 473.84979749999997 467.23574249999996 463.4562825 477.6292575 490.85736749999995 469.1254725 475.73952749999995 469.1254725 466.76331 492.7470975 485.66060999999996 475.73952749999995 486.60547499999996 469.59790499999997 494.6368275 584.3990024999999 490.85736749999995 497.47142249999996 475.267095 437.00006249999996 485.66060999999996 47.243249999999996 487.55033999999995 472.9049325 482.35358249999996 484.2433125 471.0152025 476.6843925 496.52655749999997 474.79466249999996 454.9524975 496.99899 494.16439499999996 492.7470975 476.6843925 485.66060999999996 493.21952999999996 476.21196 506.9200725 476.21196 489.44007 505.502775 488.0227725 536.2108875 479.5189875 505.97520749999995 514.4789925 494.6368275 474.32223 462.03898499999997 481.40871749999997 513.5341275 387.39464999999996 469.1254725 497.47142249999996 458.73195749999996 501.72331499999996 481.88115 480.936285 489.44007 508.8098025 478.5741225 502.66817999999995 504.55791 481.40871749999997 501.2508825 485.66060999999996 507.39250499999997 484.2433125 507.39250499999997 514.951425 468.18060749999995 498.41628749999995 499.83358499999997 482.35358249999996 503.1406125 619.8314399999999 482.826015 638.2563074999999 464.4011475 463.4562825 486.1330425 491.8022325 496.054125 524.8725075 486.60547499999996 493.21952999999996 563.6119725 494.16439499999996 484.2433125 474.32223 418.575195 477.6292575 500.3060175 479.04655499999996
1.000000 443.141685 473.84979749999997 533.848725 484.2433125 381.72546 469.1254725 424.24438499999997 491.3298 486.1330425 488.495205 470.54276999999996 449.2833075 506.9200725 471.0152025 499.83358499999997 455.42492999999996 493.21952999999996 385.50491999999997 492.27466499999997 484.71574499999997 482.826015 488.96763749999997 490.384935 496.054125 464.4011475 475.73952749999995 307.5535575 500.77844999999996 482.826015 483.29844749999995 474.32223 500.77844999999996 490.384935 462.5114175 471.9600675 504.55791 470.54276999999996 495.5816925 454.9524975 468.65304 490.384935 473.377365 494.6368275 497.47142249999996 499.3611525 476.6843925 495.10925999999995 500.3060175 503.1406125 479.5189875 506.9200725 497.943855 480.936285 484.2433125 467.23574249999996 504.08547749999997 486.60547499999996 491.3298 476.21196 475.267095 495.10925999999995 504.08547749999997 506.9200725 419.0476275 522.510345 479.04655499999996 486.60547499999996 479.04655499999996 474.79466249999996 488.96763749999997 484.2433125 489.44007 501.2508825 84.5654175 480.4638525 460.149255 500.77844999999996 496.054125 492.27466499999997 450.22817249999997 501.72331499999996 491.3298 488.96763749999997 474.79466249999996 492.7470975 474.32223 469.1254725 495.5816925 486.1330425 509.7546675 491.8022325 499.83358499999997 514.0065599999999 492.27466499999997 450.22817249999997 487.0779075 496.52655749999997 527.7071025 471.9600675 510.22709999999995
1.010000 476.21196 478.5741225 473.84979749999997 475.267095 482.826015 507.39250499999997 620.776305 453.5352 500.3060175 483.77088 477.15682499999997 473.84979749999997 807.859575 475.267095 470.0703375 454.48006499999997 469.59790499999997 468.18060749999995 512.1168299999999 491.8022325 479.99142 486.1330425 488.495205 484.2433125 467.23574249999996 256.5308475 481.88115 504.55791 478.10168999999996 489.44007 489.91250249999996 472.9049325 487.0779075 486.60547499999996 503.1406125 505.03034249999996 485.1881775 490.85736749999995 472.4325 469.1254725 497.47142249999996 513.061695 481.40871749999997 485.1881775 476.6843925 501.72331499999996 494.6368275 508.33736999999996 504.08547749999997 471.0152025 480.4638525 504.55791 523.9276424999999 480.4638525 491.8022325 485.66060999999996 481.40871749999997 488.0227725 469.59790499999997 498.88872 499.3611525 481.40871749999997 476.21196 551.3287275 495.10925999999995 467.23574249999996 472.9049325 473.377365 497.47142249999996 473.377365 476.21196 486.1330425 496.054125 497.943855 505.97520749999995 539.0454824999999 477.6292575 505.97520749999995 483.29844749999995 477.6292575 500.77844999999996 522.510345 518.2584525 471.48763499999995 483.77088 498.88872 502.1957475 484.2433125 505.03034249999996 481.88115 479.99142 508.8098025 496.054125 504.55791 688.8065849999999 498.88872 507.39250499999997 506.44764 484.2433125 503.613045
1.020000 494.16439499999996 495.5816925 476.21196 460.62168749999995 496.054125 477.6292575 464.4011475 496.054125 493.21952999999996 473.84979749999997 490.384935 473.377365 514.0065599999999 484.71574499999997 487.55033999999995 482.35358249999996 485.1881775 510.6995325 480.936285 483.77088 489.44007 488.96763749999997 470.0703375 515.89629 500.77844999999996 487.0779075 479.99142 540.46278 461.5665525 483.29844749999995 474.79466249999996 508.8098025 495.5816925 495.10925999999995 496.52655749999997 476.6843925 547.076835 495.10925999999995 505.502775 523.45521 472.4325 552.2735925 460.149255 496.52655749999997 493.6919625 502.1957475 490.384935 491.8022325 495.10925999999995 475.73952749999995 481.88115 505.502775 528.6519675 507.39250499999997 350.544915 479.99142 515.89629 496.52655749999997 508.33736999999996 479.04655499999996 471.9600675 522.510345 522.9827775 486.60547499999996 504.08547749999997 419.0476275 484.2433125 515.89629 487.0779075 492.27466499999997 474.32223 513.5341275 478.10168999999996 503.613045 494.6368275 505.502775 483.77088 496.054125 491.3298 185.19353999999998 496.99899 514.4789925 499.83358499999997 505.502775 505.502775 513.061695 497.47142249999996 509.7546675 489.91250249999996 485.1881775 716.20767 495.5816925 485.66060999999996 477.15682499999997 503.613045 265.9794975 496.52655749999997 516.841155 529.5968325 491.8022325
1.030000 502.1957475 488.96763749999997 496.054125 466.76331 478.5741225 454.48006499999997 484.71574499999997 397.31573249999997 504.55791 503.1406125 493.21952999999996 482.35358249999996 462.98384999999996 378.4184325 462.5114175 524.8725075 474.79466249999996 500.77844999999996 492.27466499999997 491.3298 475.73952749999995 500.77844999999996 486.60547499999996 466.29087749999997 463.4562825 473.377365 498.41628749999995 491.3298 499.3611525 493.21952999999996 504.08547749999997 510.6995325 487.0779075 480.4638525 492.7470975 478.5741225 505.502775 500.77844999999996 842.3471475 482.35358249999996 474.32223 462.5114175 489.44007 496.52655749999997 499.3611525 479.04655499999996 512.5892625 487.55033999999995 484.71574499999997 474.32223 490.85736749999995 517.78602 498.88872 498.41628749999995 485.66060999999996 522.0379125 477.15682499999997 489.91250249999996 485.1881775 346.765455 486.1330425 492.7470975 505.502775 386.9222175 495.5816925 496.054125 474.32223 488.96763749999997 495.5816925 515.4238574999999 475.73952749999995 497.47142249999996 493.21952999999996 469.59790499999997 508.8098025 472.9049325 461.5665525 501.72331499999996 489.91250249999996 518.730885 608.49306 515.89629 497.943855 498.88872 491.3298 511.171965 493.6919625 480.4638525 515.4238574999999 492.27466499999997 464.4011475 568.3362975 502.66817999999995 481.88115 514.0065599999999 496.52655749999997 332.1200475 514.4789925 504.08547749999997 517.78602
1.040000 445.97628 444.55898249999996 492.27466499999997 461.5665525 474.79466249999996 528.179535 475.267095 451.17303749999996 521.0930475 499.83358499999997 494.6368275 471.48763499999995 458.73195749999996 502.66817999999995 657.1536075 499.3611525 501.2508825 475.267095 491.3298 503.613045 481.40871749999997 493.6919625 501.2508825 425.18924999999996 503.1406125 481.40871749999997 553.2184575 496.054125 493.6919625 505.97520749999995 475.267095 467.23574249999996 479.99142 497.47142249999996 392.5914075 507.8649375 471.0152025 494.6368275 516.3687225 488.495205 505.03034249999996 462.03898499999997 490.85736749999995 545.187105 492.7470975 484.71574499999997 495.10925999999995 488.96763749999997 467.23574249999996 504.08547749999997 499.3611525 488.0227725 491.3298 506.44764 511.64439749999997 486.1330425 510.6995325 517.78602 517.78602 492.27466499999997 494.16439499999996 504.08547749999997 487.0779075 493.21952999999996 503.613045 502.1957475 468.18060749999995 493.6919625 487.55033999999995 488.495205 482.35358249999996 493.21952999999996 498.88872 501.2508825 491.3298 503.613045 873.05526 487.55033999999995 531.01413 518.2584525 474.79466249999996 484.2433125 503.613045 471.9600675 514.951425 469.1254725 500.77844999999996 517.3135874999999 483.29844749999995 504.08547749999997 486.60547499999996 501.72331499999996 502.66817999999995 482.826015 532.4314274999999 496.054125 447.86600999999996 480.936285 496.054125 499.3611525
1.050000 461.09412 471.9600675 501.72331499999996 461.5665525 479.99142 472.4325 469.1254725 474.32223 430.3860075 486.1330425 466.29087749999997 471.9600675 464.4011475 470.54276999999996 485.66060999999996 472.9049325 492.27466499999997 506.44764 488.0227725 494.6368275 464.4011475 539.517915 498.41628749999995 495.10925999999995 460.149255 485.1881775 479.04655499999996 492.7470975 642.5082 490.384935 480.936285 480.4638525 477.15682499999997 484.2433125 514.0065599999999 478.5741225 495.5816925 373.6941075 493.6919625 495.5816925 471.9600675 496.054125 480.4638525 490.85736749999995 496.99899 478.10168999999996 506.9200725 399.20546249999995 488.495205 499.83358499999997 505.502775 490.384935 496.99899 495.5816925 556.525485 512.1168299999999 501.72331499999996 642.9806325 472.9049325 500.3060175 497.47142249999996 514.4789925 489.44007 911.3222925 484.2433125 493.6919625 673.2163125 463.92871499999995 502.1957475 502.66817999999995 511.64439749999997 509.28223499999996 499.3611525 499.83358499999997 497.943855 501.2508825 504.08547749999997 479.5189875 494.16439499999996 482.35358249999996 516.3687225 495.5816925 509.7546675 479.04655499999996 483.77088 472.9049325 500.77844999999996 481.88115 488.96763749999997 485.1881775 397.31573249999997 618.4141425 495.10925999999995 377.4735675 120.4702875 494.16439499999996 491.8022325 501.2508825 499.83358499999997 509.7546675
1.060000 486.1330425 467.23574249999996 507.8649375 508.8098025 475.73952749999995 480.936285 474.79466249999996 461.09412 314.16761249999996 459.67682249999996 503.613045 485.66060999999996 488.96763749999997 503.613045 499.3611525 494.16439499999996 497.47142249999996 472.9049325 489.44007 479.04655499999996 464.87358 510.22709999999995 497.943855 504.08547749999997 471.48763499999995 501.72331499999996 428.49627749999996 504.55791 508.8098025 502.1957475 478.10168999999996 474.32223 476.21196 509.7546675 470.54276999999996 499.3611525 510.22709999999995 493.21952999999996 554.1633224999999 479.5189875 496.99899 516.3687225 482.826015 518.2584525 478.10168999999996 518.2584525 517.3135874999999 521.56548 492.7470975 504.08547749999997 497.47142249999996 511.64439749999997 472.9049325 523.45521 566.919 487.55033999999995 495.5816925 480.4638525 436.52763 501.72331499999996 504.08547749999997 495.10925999999995 483.29844749999995 488.0227725 508.33736999999996 482.826015 491.3298 495.10925999999995 501.72331499999996 442.19682 498.41628749999995 412.43357249999997 478.10168999999996 525.8173724999999 515.4238574999999 491.3298 513.5341275 496.99899 484.71574499999997 480.936285 498.41628749999995 492.27466499999997 477.6292575 505.502775 505.03034249999996 485.66060999999996 510.22709999999995 480.4638525 513.5341275 450.700605 478.5741225 497.943855 487.55033999999995 504.55791 505.97520749999995 521.0930475 491.3298 513.061695 494.16439499999996 519.67575
1.070000 473.377365 453.0627675 479.04655499999996 489.44007 501.72331499999996 468.65304 478.10168999999996 465.3460125 500.77844999999996 479.99142 508.8098025 472.9049325 475.73952749999995 506.9200725 498.88872 465.3460125 438.41736 505.03034249999996 485.1881775 479.04655499999996 501.2508825 468.18060749999995 495.5816925 490.85736749999995 547.076835 556.0530524999999 489.44007 476.21196 503.613045 512.1168299999999 480.936285 504.08547749999997 493.6919625 507.8649375 513.061695 765.34065 509.28223499999996 503.1406125 519.67575 554.635755 514.4789925 497.943855 489.91250249999996 516.841155 476.6843925 469.1254725 490.384935 427.07898 447.86600999999996 496.99899 485.66060999999996 486.1330425 481.40871749999997 490.85736749999995 509.28223499999996 499.3611525 489.44007 508.33736999999996 521.0930475 557.4703499999999 496.054125 490.85736749999995 384.560055 491.3298 513.061695 497.47142249999996 635.894145 489.44007 472.4325 491.3298 483.29844749999995 524.400075 504.08547749999997 490.85736749999995 479.99142 494.16439499999996 495.5816925 521.0930475 505.502775 497.943855 462.5114175 492.27466499999997 574.4779199999999 529.5968325 497.943855 517.3135874999999 449.75574 646.7600924999999 480.936285 488.96763749999997 502.66817999999995 506.44764 515.89629 508.33736999999996 503.613045 506.44764 495.5816925 500.3060175 520.6206149999999 508.33736999999996
1.080000 472.9049325 466.29087749999997 480.936285 491.8022325 490.384935 501.2508825 514.4789925 489.44007 548.966565 496.52655749999997 476.21196 463.4562825 585.8163 494.6368275 510.22709999999995 463.92871499999995 483.77088 461.5665525 467.23574249999996 478.10168999999996 479.5189875 496.054125 423.29952 471.0152025 563.6119725 476.21196 480.936285 473.377365 518.730885 496.52655749999997 502.66817999999995 495.5816925 488.0227725 486.60547499999996 490.384935 487.55033999999995 514.951425 433.2206025 487.0779075 484.2433125 526.7622375 481.40871749999997 565.9741349999999 513.5341275 482.826015 488.96763749999997 526.7622375 497.943855 487.0779075 497.943855 472.4325 492.27466499999997 497.47142249999996 508.8098025 488.96763749999997 519.2033175 484.71574499999997 495.5816925 509.7546675 487.55033999999995 474.79466249999996 499.3611525 505.502775 477.15682499999997 634.4768475 497.943855 494.16439499999996 488.96763749999997 483.29844749999995 499.83358499999997 485.66060999999996 490.384935 302.8292325 469.59790499999997 553.69089 508.8098025 518.2584525 490.384935 496.99899 514.4789925 492.27466499999997 474.79466249999996 495.10925999999995 518.730885 519.2033175 533.848725 513.5341275 522.9827775 529.1243999999999 480.936285 516.841155 507.8649375 478.10168999999996 510.22709999999995 517.3135874999999 506.44764 509.28223499999996 511.171965 493.6919625 487.0779075
1.090000 542.3525099999999 494.16439499999996 440.30708999999996 511.64439749999997 495.10925999999995 466.29087749999997 345.82059 509.7546675 439.8346575 925.4952675 484.2433125 489.44007 493.6919625 490.85736749999995 486.60547499999996 498.88872 717.6249674999999 493.6919625 509.28223499999996 429.44114249999996 473.84979749999997 516.841155 505.03034249999996 506.44764 432.74816999999996 498.41628749999995 513.061695 485.1881775 516.3687225 510.22709999999995 496.99899 488.0227725 477.15682499999997 474.79466249999996 475.267095 488.0227725 462.98384999999996 494.16439499999996 467.23574249999996 501.2508825 500.3060175 500.3060175 496.52655749999997 493.6919625 505.502775 518.730885 482.35358249999996 515.4238574999999 492.7470975 305.66382749999997 523.9276424999999 501.2508825 518.2584525 478.10168999999996 564.084405 498.41628749999995 521.56548 478.10168999999996 500.77844999999996 526.7622375 509.28223499999996 513.5341275 481.88115 496.52655749999997 486.60547499999996 477.15682499999997 505.03034249999996 487.0779075 496.52655749999997 496.99899 492.7470975 512.5892625 488.495205 515.89629 500.3060175 513.5341275 518.2584525 482.35358249999996 650.5395525 532.90386 474.32223 503.613045 505.502775 496.054125 440.7795225 497.47142249999996 528.6519675 476.6843925 499.3611525 501.2508825 503.1406125 493.21952999999996 569.2811624999999 476.6843925 493.6919625 533.3762925 495.10925999999995 479.04655499999996 521.56548 525.34494
1.100000 487.0779075 485.66060999999996 498.88872 485.1881775 488.0227725 514.951425 470.54276999999996 488.495205 487.55033999999995 488.0227725 496.99899 491.3298 496.054125 481.40871749999997 502.66817999999995 521.56548 490.85736749999995 479.99142 474.79466249999996 515.89629 479.04655499999996 470.54276999999996 486.60547499999996 557.4703499999999 475.267095 20.787029999999998 500.3060175 489.44007 487.55033999999995 502.1957475 478.5741225 497.943855 498.88872 523.9276424999999 495.10925999999995 494.6368275 476.21196 498.41628749999995 472.9049325 485.66060999999996 801.7179524999999 495.5816925 502.66817999999995 491.3298 514.4789925 514.4789925 505.97520749999995 483.77088 505.03034249999996 468.65304 493.6919625 486.60547499999996 535.7384549999999 499.83358499999997 502.66817999999995 509.7546675 511.64439749999997 482.826015 501.72331499999996 512.1168299999999 501.72331499999996 507.39250499999997 496.99899 502.1957475 512.5892625 503.613045 515.4238574999999 494.6368275 482.826015 518.2584525 473.377365 441.7243875 505.03034249999996 490.384935 491.3298 514.951425 486.1330425 357.15897 496.52655749999997 430.3860075 489.91250249999996 521.56548 500.3060175 489.44007 479.5189875 521.0930475 530.5416974999999 492.27466499999997 487.55033999999995 508.33736999999996 484.2433125 519.2033175 494.16439499999996 740.7741599999999 529.5968325 518.730885 519.2033175 488.0227725 476.6843925 568.80873
1.110000 471.9600675 487.55033999999995 492.27466499999997 489.91250249999996 486.60547499999996 530.069265 482.35358249999996 491.8022325 464.87358 480.4638525 488.96763749999997 489.91250249999996 487.55033999999995 483.77088 504.08547749999997 487.55033999999995 488.96763749999997 502.66817999999995 499.3611525 515.89629 502.1957475 502.1957475 491.3298 493.6919625 496.99899 497.943855 443.61411749999996 500.3060175 518.730885 497.47142249999996 502.1957475 512.5892625 505.97520749999995 497.943855 497.47142249999996 490.85736749999995 498.88872 499.83358499999997 484.2433125 501.2508825 505.03034249999996 481.88115 508.33736999999996 491.8022325 515.89629 509.7546675 482.826015 508.8098025 508.33736999999996 483.29844749999995 485.66060999999996 486.60547499999996 473.377365 520.6206149999999 480.936285 431.3308725 497.943855 497.47142249999996 504.08547749999997 493.6919625 496.054125 492.7470975 430.85844 478.5741225 505.03034249999996 494.6368275 508.33736999999996 493.6919625 507.8649375 510.22709999999995 533.3762925 510.22709999999995 515.89629 489.91250249999996 500.3060175 518.730885 505.502775 506.9200725 486.60547499999996 492.27466499999997 487.0779075 513.5341275 496.054125 494.6368275 541.8800775 512.1168299999999 504.55791 493.6919625 527.7071025 529.1243999999999 488.0227725 531.958995 517.3135874999999 528.6519675 496.054125 512.5892625 502.1957475 517.78602 545.187105 525.34494
1.120000 515.4238574999999 455.42492999999996 504.08547749999997 518.730885 471.0152025 496.054125 523.45521 493.6919625 506.44764 488.495205 496.054125 488.495205 474.79466249999996 486.60547499999996 559.8325125 483.29844749999995 485.66060999999996 424.7168175 441.7243875 592.430355 515.89629 511.171965 513.5341275 519.67575 532.4314274999999 474.32223 477.6292575 486.1330425 480.4638525 484.2433125 497.47142249999996 500.77844999999996 470.0703375 468.65304 493.21952999999996 474.32223 477.6292575 502.1957475 501.2508825 497.943855 510.22709999999995 531.01413 488.495205 495.10925999999995 491.3298 496.054125 521.0930475 517.3135874999999 520.1481825 274.955715 493.21952999999996 503.613045 516.841155 516.3687225 503.613045 499.3611525 496.52655749999997 500.77844999999996 488.495205 503.613045 532.90386 523.9276424999999 501.2508825 518.2584525 528.179535 528.179535 523.45521 517.78602 511.64439749999997 513.061695 486.1330425 513.5341275 520.6206149999999 560.304945 508.33736999999996 517.3135874999999 486.60547499999996 471.0152025 402.9849225 511.64439749999997 517.3135874999999 488.495205 490.85736749999995 537.628185 511.64439749999997 531.958995 470.0703375 496.52655749999997 516.3687225 506.44764 495.10925999999995 504.55791 524.8725075 512.5892625 476.21196 519.67575 500.77844999999996 543.297375 526.289805 494.16439499999996
1.130000 492.7470975 490.85736749999995 478.10168999999996 101.5729875 520.1481825 509.7546675 502.1957475 493.6919625 441.7243875 490.384935 494.16439499999996 477.15682499999997 491.8022325 499.3611525 523.9276424999999 722.821725 506.44764 471.9600675 495.5816925 527.2346699999999 499.3611525 503.1406125 483.77088 488.495205 531.01413 509.7546675 552.7460249999999 499.3611525 508.33736999999996 500.77844999999996 492.7470975 519.67575 501.2508825 753.5298375 501.72331499999996 428.49627749999996 471.9600675 478.5741225 503.613045 759.6714599999999 488.0227725 480.4638525 506.9200725 488.96763749999997 479.5189875 558.8876475 493.6919625 523.9276424999999 522.510345 575.422785 507.8649375 505.03034249999996 477.15682499999997 535.2660225 519.67575 505.97520749999995 512.1168299999999 556.9979175 499.83358499999997 507.8649375 504.55791 507.8649375 437.472495 488.495205 481.88115 494.6368275 495.5816925 350.544915 501.72331499999996 508.33736999999996 495.10925999999995 519.67575 500.77844999999996 492.7470975 495.5816925 502.1957475 510.22709999999995 482.35358249999996 505.03034249999996 80.7859575 510.6995325 516.841155 491.3298 504.08547749999997 531.01413 714.31794 529.5968325 507.8649375 496.054125 532.4314274999999 523.9276424999999 503.613045 516.3687225 530.069265 495.5816925 542.3525099999999 516.3687225 494.16439499999996 496.99899 528.6519675
1.140000 481.40871749999997 483.29844749999995 497.47142249999996 482.826015 493.21952999999996 478.5741225 470.54276999999996 646.7600924999999 482.35358249999996 468.65304 474.32223 505.502775 433.2206025 480.936285 500.77844999999996 698.7276674999999 474.79466249999996 488.495205 497.47142249999996 476.6843925 516.3687225 486.60547499999996 730.8530774999999 496.52655749999997 484.2433125 513.061695 498.41628749999995 511.171965 469.59790499999997 500.3060175 497.943855 508.8098025 445.5038475 496.054125 498.41628749999995 512.5892625 515.89629 509.28223499999996 510.22709999999995 516.3687225 498.88872 504.55791 505.03034249999996 507.8649375 497.943855 504.55791 528.6519675 502.1957475 487.0779075 497.47142249999996 514.951425 506.9200725 514.4789925 497.47142249999996 501.2508825 511.171965 498.41628749999995 488.96763749999997 562.194675 508.33736999999996 507.8649375 487.55033999999995 520.1481825 482.826015 502.1957475 735.10497 516.841155 477.15682499999997 520.6206149999999 402.51248999999996 489.91250249999996 498.41628749999995 349.1276175 524.400075 508.33736999999996 783.7655175 493.6919625 523.9276424999999 508.33736999999996 539.0454824999999 465.818445 543.297375 497.943855 496.99899 494.16439499999996 546.6044025 497.943855 591.9579225 530.069265 509.28223499999996 484.71574499999997 484.71574499999997 518.2584525 507.39250499999997 582.9817049999999 497.943855 521.56548 492.7470975 501.2508825 514.951425
1.150000 466.29087749999997 478.5741225 490.85736749999995 485.1881775 498.88872 501.2508825 499.83358499999997 475.73952749999995 488.495205 484.71574499999997 522.0379125 507.39250499999997 483.29844749999995 497.47142249999996 504.55791 494.6368275 479.99142 501.2508825 511.171965 514.0065599999999 490.85736749999995 503.1406125 532.90386 516.3687225 500.3060175 482.35358249999996 488.0227725 493.6919625 473.84979749999997 491.8022325 510.6995325 495.5816925 515.89629 507.8649375 490.384935 509.28223499999996 564.5568375 487.0779075 492.27466499999997 498.88872 494.6368275 530.069265 507.39250499999997 502.1957475 477.6292575 522.510345 513.5341275 480.936285 505.502775 489.91250249999996 489.91250249999996 526.289805 479.04655499999996 505.03034249999996 506.9200725 502.66817999999995 506.9200725 518.2584525 506.9200725 522.510345 534.3211575 502.1957475 528.6519675 514.0065599999999 494.6368275 514.0065599999999 531.958995 494.16439499999996 501.2508825 515.4238574999999 610.38279 508.33736999999996 432.2757375 501.72331499999996 400.62275999999997 507.8649375 499.83358499999997 524.8725075 477.6292575 489.91250249999996 660.9330675 491.8022325 517.3135874999999 522.9827775 534.79359 539.9903475 488.96763749999997 523.9276424999999 502.66817999999995 353.8519425 491.3298 514.4789925 492.27466499999997 510.22709999999995 433.69303499999995 503.1406125 900.9287774999999 439.8346575 515.4238574999999 535.2660225
1.160000 483.29844749999995 493.21952999999996 484.2433125 440.7795225 511.171965 509.28223499999996 488.495205 447.3935775 475.267095 518.2584525 511.64439749999997 413.37843749999996 512.5892625 509.7546675 514.951425 503.1406125 495.5816925 474.79466249999996 509.28223499999996 495.5816925 492.7470975 488.0227725 441.25195499999995 491.3298 503.613045 501.2508825 642.5082 505.97520749999995 515.89629 508.8098025 508.8098025 511.64439749999997 562.6671074999999 499.3611525 511.171965 484.71574499999997 408.18168 696.8379375 485.1881775 502.1957475 558.415215 451.64547 488.96763749999997 484.71574499999997 503.613045 506.44764 525.8173724999999 519.67575 499.83358499999997 508.33736999999996 527.7071025 496.99899 479.5189875 499.83358499999997 489.91250249999996 495.10925999999995 510.6995325 509.7546675 508.8098025 513.061695 511.64439749999997 571.643325 445.031415 517.3135874999999 502.1957475 512.5892625 566.919 495.10925999999995 513.5341275 501.2508825 513.5341275 517.3135874999999 533.848725 517.3135874999999 509.7546675 514.4789925 514.0065599999999 445.031415 490.85736749999995 503.1406125 524.8725075 512.1168299999999 525.8173724999999 489.44007 555.1081875 504.08547749999997 501.72331499999996 527.2346699999999 525.8173724999999 506.44764 794.1590325 518.730885 524.8725075 544.7146725 488.0227725 517.3135874999999 513.5341275 574.4779199999999 527.7071025 517.78602
1.170000 507.8649375 498.41628749999995 490.85736749999995 501.72331499999996 478.5741225 479.99142 458.259525 489.44007 505.97520749999995 436.05519749999996 490.384935 509.7546675 486.1330425 482.826015 486.60547499999996 508.8098025 471.0152025 494.16439499999996 479.5189875 529.1243999999999 492.27466499999997 485.66060999999996 510.6995325 496.99899 505.03034249999996 519.67575 513.061695 514.0065599999999 481.88115 515.89629 508.8098025 569.753595 508.8098025 513.5341275 498.41628749999995 499.83358499999997 498.88872 515.4238574999999 506.44764 505.502775 495.5816925 428.49627749999996 501.2508825 496.52655749999997 498.41628749999995 495.5816925 520.1481825 497.47142249999996 479.04655499999996 507.39250499999997 519.2033175 370.38707999999997 513.5341275 513.061695 479.5189875 515.4238574999999 482.35358249999996 508.8098025 522.0379125 499.83358499999997 517.78602 488.495205 530.5416974999999 524.400075 498.88872 516.3687225 499.3611525 493.21952999999996 618.886575 504.55791 523.9276424999999 500.3060175 507.39250499999997 578.25738 483.29844749999995 514.0065599999999 511.171965 526.289805 494.6368275 504.08547749999997 530.069265 511.171965 509.28223499999996 308.4984225 494.16439499999996 518.730885 506.44764 494.6368275 502.1957475 520.6206149999999 496.99899 494.6368275 506.9200725 529.5968325 524.400075 505.97520749999995 532.4314274999999 507.39250499999997 504.08547749999997 511.64439749999997
1.180000 477.6292575 496.99899 514.4789925 500.3060175 616.996845 484.71574499999997 500.3060175 490.85736749999995 480.4638525 486.60547499999996 519.2033175 476.21196 522.510345 486.60547499999996 502.66817999999995 498.88872 492.27466499999997 406.76438249999995 476.21196 519.67575 496.054125 507.39250499999997 505.03034249999996 484.2433125 505.03034249999996 493.21952999999996 520.1481825 505.502775 509.7546675 492.7470975 492.7470975 476.6843925 496.054125 510.22709999999995 521.0930475 533.3762925 558.8876475 517.78602 509.7546675 478.5741225 518.2584525 517.3135874999999 517.3135874999999 502.1957475 510.22709999999995 517.78602 512.5892625 398.73303 513.061695 487.0779075 500.77844999999996 516.3687225 528.179535 528.179535 519.67575 510.22709999999995 502.1957475 513.5341275 499.83358499999997 483.29844749999995 491.8022325 513.5341275 532.4314274999999 516.841155 492.27466499999997 499.83358499999997 506.9200725 502.66817999999995 496.52655749999997 566.919 524.400075 516.3687225 504.55791 520.1481825 512.1168299999999 493.21952999999996 523.45521 522.9827775 488.0227725 499.3611525 519.67575 534.79359 522.9827775 516.841155 484.71574499999997 485.66060999999996 511.64439749999997 500.3060175 513.5341275 518.2584525 485.1881775 506.9200725 512.1168299999999 530.069265 536.2108875 487.55033999999995 532.90386 537.1557525 547.076835 516.3687225
1.190000 505.502775 478.5741225 739.3568624999999 483.29844749999995 506.9200725 485.66060999999996 501.2508825 508.33736999999996 604.7135999999999 507.39250499999997 439.8346575 505.502775 492.27466499999997 430.3860075 508.33736999999996 493.21952999999996 493.6919625 507.8649375 514.4789925 473.84979749999997 523.45521 492.27466499999997 919.3536449999999 552.7460249999999 505.502775 518.2584525 505.502775 346.765455 485.66060999999996 280.1524725 488.96763749999997 504.55791 508.33736999999996 528.179535 502.66817999999995 445.5038475 517.3135874999999 485.1881775 504.55791 519.2033175 526.289805 494.16439499999996 515.4238574999999 506.44764 512.1168299999999 501.2508825 521.0930475 520.6206149999999 480.936285 513.5341275 524.8725075 169.130835 495.10925999999995 407.236815 524.8725075 538.1006175 505.03034249999996 524.8725075 520.6206149999999 354.324375 512.5892625 542.3525099999999 526.7622375 506.44764 572.5881899999999 526.7622375 509.28223499999996 513.5341275 531.01413 500.77844999999996 516.3687225 524.8725075 513.061695 503.613045 537.628185 537.628185 514.4789925 515.89629 905.6531024999999 527.2346699999999 544.2422399999999 521.0930475 509.28223499999996 522.9827775 518.730885 570.2260275 508.8098025 501.2508825 534.79359 494.6368275 539.517915 4.251892499999999 519.2033175 501.2508825 493.21952999999996 544.2422399999999 519.67575 533.3762925 517.78602 520.1481825
1.200000 503.613045 519.67575 515.4238574999999 504.55791 493.6919625 496.52655749999997 492.27466499999997 506.44764 485.66060999999996 507.8649375 502.1957475 504.55791 506.44764 507.39250499999997 515.89629 486.1330425 525.34494 506.44764 517.78602 500.77844999999996 506.9200725 499.83358499999997 505.97520749999995 505.502775 341.5686975 513.5341275 497.943855 512.1168299999999 519.67575 505.03034249999996 512.5892625 529.1243999999999 490.85736749999995 495.10925999999995 506.9200725 493.21952999999996 503.1406125 509.28223499999996 488.0227725 522.9827775 527.2346699999999 485.66060999999996 529.5968325 496.99899 444.55898249999996 521.0930475 480.4638525 525.34494 565.5017025 496.054125 585.3438675 526.7622375 507.8649375 535.2660225 522.510345 525.34494 529.5968325 522.0379125 503.1406125 513.061695 496.054125 490.85736749999995 519.2033175 533.848725 522.0379125 521.0930475 503.1406125 509.7546675 528.6519675 487.0779075 531.958995 511.64439749999997 496.52655749999997 512.5892625 497.943855 511.64439749999997 518.730885 523.9276424999999 497.943855 521.56548 526.7622375 521.56548 506.9200725 503.1406125 532.90386 524.400075 534.79359 529.5968325 600.93414 509.28223499999996 522.0379125 515.4238574999999 483.77088 522.510345 490.85736749999995 557.9427825 517.78602 519.2033175 511.64439749999997 536.68332
1.210000 539.517915 505.03034249999996 556.9979175 526.7622375 506.9200725 480.4638525 498.88872 514.951425 495.10925999999995 515.89629 504.55791 520.6206149999999 518.730885 514.0065599999999 518.2584525 520.6206149999999 513.061695 494.16439499999996 496.054125 490.384935 521.0930475 505.97520749999995 488.96763749999997 434.1654675 509.28223499999996 505.502775 481.88115 573.533055 520.6206149999999 498.41628749999995 493.6919625 611.8000875 399.20546249999995 503.613045 487.0779075 498.88872 492.27466499999997 499.3611525 510.22709999999995 494.6368275 500.77844999999996 503.613045 492.7470975 487.0779075 485.66060999999996 492.27466499999997 531.4865625 520.1481825 502.66817999999995 451.17303749999996 520.1481825 461.09412 499.83358499999997 488.96763749999997 523.9276424999999 504.08547749999997 517.78602 504.55791 504.55791 544.2422399999999 517.3135874999999 524.8725075 479.99142 496.99899 493.6919625 514.4789925 514.4789925 504.55791 498.88872 512.5892625 501.72331499999996 501.72331499999996 507.39250499999997 498.88872 497.47142249999996 491.8022325 499.3611525 514.0065599999999 517.3135874999999 529.5968325 504.08547749999997 499.3611525 520.6206149999999 414.795735 723.76659 537.628185 490.384935 529.5968325 508.8098025 522.0379125 532.4314274999999 508.8098025 515.89629 532.90386 491.3298 132.28109999999998 529.1243999999999 510.22709999999995 524.8725075 515.89629
1.220000 484.2433125 519.2033175 492.27466499999997 492.27466499999997 520.6206149999999 498.41628749999995 500.77844999999996 557.9427825 491.3298 402.9849225 512.1168299999999 504.55791 496.99899 503.613045 488.495205 534.79359 509.28223499999996 505.97520749999995 502.66817999999995 481.88115 517.3135874999999 509.28223499999996 522.0379125 506.44764 507.8649375 494.16439499999996 515.89629 508.8098025 489.44007 519.2033175 489.91250249999996 526.289805 506.44764 498.41628749999995 509.28223499999996 504.55791 514.0065599999999 502.1957475 510.6995325 507.8649375 515.4238574999999 499.83358499999997 522.9827775 510.22709999999995 513.5341275 505.502775 513.061695 495.10925999999995 507.8649375 446.92114499999997 456.8422275 510.22709999999995 505.03034249999996 522.9827775 502.66817999999995 537.628185 507.8649375 535.7384549999999 844.70931 515.89629 518.730885 505.03034249999996 491.8022325 521.0930475 509.28223499999996 532.4314274999999 512.5892625 522.9827775 539.517915 530.069265 501.72331499999996 519.67575 523.45521 502.1957475 524.400075 508.8098025 522.510345 490.85736749999995 533.848725 515.89629 506.9200725 526.7622375 510.22709999999995 526.7622375 519.2033175 530.5416974999999 534.79359 490.85736749999995 525.34494 552.2735925 515.4238574999999 534.79359 541.407645 518.2584525 515.4238574999999 509.7546675 526.289805 515.89629 465.818445 543.297375
1.230000 488.495205 443.61411749999996 497.47142249999996 502.66817999999995 522.9827775 505.502775 536.2108875 514.4789925 514.951425 492.27466499999997 446.92114499999997 501.72331499999996 487.55033999999995 473.84979749999997 493.21952999999996 531.01413 521.0930475 523.45521 477.6292575 502.66817999999995 508.8098025 508.33736999999996 516.3687225 507.39250499999997 498.88872 486.1330425 515.89629 496.99899 505.502775 498.41628749999995 493.21952999999996 491.3298 514.951425 492.27466499999997 522.9827775 526.289805 514.951425 522.0379125 516.841155 526.289805 502.66817999999995 520.1481825 501.2508825 526.7622375 535.7384549999999 508.8098025 518.2584525 502.1957475 532.90386 230.54706 504.55791 513.5341275 208.81516499999998 535.2660225 504.55791 489.44007 530.069265 521.0930475 502.1957475 536.2108875 521.0930475 540.46278 527.7071025 568.80873 505.502775 522.0379125 516.841155 545.187105 494.16439499999996 525.8173724999999 521.0930475 520.1481825 538.1006175 514.0065599999999 503.613045 505.97520749999995 504.08547749999997 511.171965 539.0454824999999 526.7622375 499.3611525 521.56548 537.628185 514.0065599999999 542.3525099999999 528.6519675 529.1243999999999 537.628185 685.027125 510.22709999999995 556.0530524999999 522.9827775 503.1406125 540.46278 529.5968325 506.44764 499.3611525 530.5416974999999 539.9903475 548.4941325
1.240000 499.83358499999997 512.1168299999999 500.77844999999996 488.495205 493.21952999999996 498.88872 513.061695 505.03034249999996 499.3611525 511.64439749999997 517.78602 500.3060175 502.66817999999995 507.8649375 524.8725075 492.27466499999997 512.1168299999999 492.27466499999997 488.0227725 542.8249425 514.951425 516.841155 507.8649375 492.27466499999997 516.3687225 487.55033999999995 509.7546675 509.28223499999996 512.5892625 520.6206149999999 493.6919625 485.66060999999996 531.01413 521.0930475 532.4314274999999 508.33736999999996 507.39250499999997 510.22709999999995 507.8649375 522.510345 491.8022325 497.47142249999996 527.7071025 503.1406125 500.3060175 521.0930475 499.83358499999997 514.4789925 498.41628749999995 286.7665275 488.0227725 536.2108875 445.97628 480.936285 520.1481825 542.8249425 512.5892625 515.4238574999999 531.01413 529.5968325 501.2508825 511.171965 507.39250499999997 69.92000999999999 516.841155 495.5816925 501.72331499999996 319.8368025 546.13197 531.4865625 521.0930475 494.6368275 531.958995 514.4789925 510.22709999999995 580.14711 498.41628749999995 518.730885 488.96763749999997 516.841155 520.6206149999999 524.8725075 519.67575 288.6562575 522.9827775 543.297375 537.1557525 504.08547749999997 511.171965 502.66817999999995 522.0379125 164.40651 493.21952999999996 534.3211575 531.4865625 490.384935 499.83358499999997 523.9276424999999 529.5968325 525.8173724999999
1.250000 507.39250499999997 505.97520749999995 453.0627675 522.9827775 493.6919625 517.78602 486.60547499999996 498.41628749999995 481.40871749999997 502.1957475 550.3838625 489.91250249999996 494.6368275 496.054125 510.6995325 520.6206149999999 505.03034249999996 502.1957475 498.88872 494.16439499999996 503.613045 478.5741225 489.91250249999996 533.3762925 506.44764 519.2033175 514.951425 495.10925999999995 502.1957475 509.28223499999996 495.10925999999995 518.730885 415.7406 506.9200725 512.1168299999999 492.27466499999997 519.67575 491.8022325 479.99142 512.1168299999999 505.03034249999996 507.39250499999997 506.44764 497.943855 539.517915 519.67575 516.3687225 529.5968325 547.5492674999999 497.47142249999996 530.069265 528.179535 590.0681925 519.2033175 535.7384549999999 276.845445 506.9200725 492.7470975 549.4389975 511.171965 511.64439749999997 529.1243999999999 533.848725 578.25738 544.2422399999999 516.841155 501.72331499999996 509.7546675 505.03034249999996 522.0379125 573.533055 523.45521 537.1557525 514.4789925 510.22709999999995 666.6022575 526.289805 516.841155 517.78602 504.08547749999997 518.2584525 503.1406125 539.517915 462.03898499999997 522.0379125 522.0379125 582.03684 520.1481825 528.6519675 539.0454824999999 531.958995 532.4314274999999 542.3525099999999 504.55791 525.34494 520.6206149999999 495.5816925 539.0454824999999 546.13197 520.6206149999999
1.260000 493.6919625 501.2508825 494.6368275 589.5957599999999 533.3762925 493.21952999999996 505.03034249999996 489.44007 496.52655749999997 492.7470975 551.80116 453.0627675 502.1957475 514.4789925 506.44764 505.97520749999995 479.5189875 528.6519675 489.91250249999996 531.958995 522.9827775 528.179535 499.3611525 502.66817999999995 520.6206149999999 531.4865625 519.2033175 529.5968325 516.3687225 531.4865625 488.0227725 514.951425 495.5816925 437.472495 528.179535 518.730885 530.5416974999999 528.179535 511.171965 514.4789925 444.55898249999996 522.9827775 489.44007 515.89629 517.78602 508.33736999999996 524.8725075 544.2422399999999 524.8725075 518.730885 506.9200725 515.89629 504.08547749999997 513.5341275 524.8725075 525.8173724999999 530.5416974999999 523.9276424999999 514.951425 524.8725075 503.613045 523.45521 547.076835 495.5816925 526.7622375 502.66817999999995 522.0379125 506.9200725 513.061695 528.6519675 539.517915 524.8725075 513.5341275 516.841155 523.45521 506.44764 510.22709999999995 517.3135874999999 512.5892625 534.3211575 629.28009 539.517915 540.46278 522.0379125 538.57305 519.2033175 514.4789925 544.2422399999999 517.78602 514.4789925 545.6595374999999 539.0454824999999 491.3298 515.4238574999999 502.66817999999995 320.78166749999997 560.7773775 553.2184575 527.7071025 535.7384549999999
1.270000 590.540625 511.171965 490.384935 478.5741225 527.2346699999999 458.73195749999996 494.16439499999996 676.52334 491.8022325 511.171965 425.18924999999996 505.502775 496.52655749999997 488.495205 539.9903475 506.44764 509.28223499999996 499.83358499999997 521.56548 508.8098025 527.7071025 543.7698075 507.8649375 520.1481825 505.97520749999995 608.49306 521.0930475 530.069265 530.5416974999999 501.2508825 529.5968325 624.0833325 508.8098025 493.6919625 494.6368275 513.5341275 496.52655749999997 512.1168299999999 511.171965 522.510345 497.47142249999996 514.4789925 542.8249425 521.0930475 540.46278 509.7546675 531.01413 520.1481825 520.6206149999999 521.56548 499.83358499999997 372.27680999999995 540.46278 502.1957475 518.730885 500.77844999999996 512.1168299999999 488.495205 521.0930475 532.90386 524.400075 531.01413 530.5416974999999 495.5816925 488.0227725 531.01413 513.5341275 511.64439749999997 532.4314274999999 527.2346699999999 620.776305 534.79359 542.3525099999999 518.2584525 496.52655749999997 511.64439749999997 371.33194499999996 512.5892625 520.6206149999999 190.86273 589.1233275 548.0217 527.7071025 585.8163 471.9600675 515.89629 525.34494 545.6595374999999 505.03034249999996 518.730885 519.2033175 514.951425 515.4238574999999 522.510345 499.83358499999997 557.9427825 511.171965 515.89629 514.951425 529.1243999999999
1.280000 498.88872 843.2920124999999 511.171965 502.1957475 488.0227725 502.1957475 522.0379125 498.41628749999995 507.8649375 479.99142 476.21196 507.39250499999997 490.384935 512.5892625 500.77844999999996 293.85301499999997 521.0930475 502.66817999999995 521.56548 512.5892625 529.5968325 496.99899 505.502775 508.8098025 511.64439749999997 501.72331499999996 529.1243999999999 525.8173724999999 511.171965 485.1881775 508.33736999999996 495.10925999999995 502.66817999999995 497.943855 607.0757625 517.78602 535.2660225 526.289805 507.39250499999997 526.7622375 417.63032999999996 543.297375 526.7622375 509.7546675 507.8649375 494.6368275 519.2033175 521.0930475 522.0379125 522.510345 508.33736999999996 518.2584525 514.4789925 488.495205 501.2508825 514.0065599999999 521.56548 534.79359 515.4238574999999 527.7071025 526.7622375 528.6519675 512.5892625 520.1481825 529.1243999999999 502.66817999999995 510.22709999999995 521.0930475 555.1081875 521.56548 515.89629 533.3762925 498.88872 533.3762925 510.6995325 534.79359 520.1481825 511.64439749999997 524.400075 528.179535 542.8249425 531.4865625 536.2108875 513.061695 499.83358499999997 507.39250499999997 524.400075 494.6368275 533.3762925 536.68332 548.0217 540.46278 507.8649375 518.730885 505.03034249999996 525.34494 531.01413 525.34494 430.85844 515.4238574999999
1.290000 480.4638525 504.08547749999997 502.1957475 554.635755 537.628185 515.4238574999999 502.1957475 504.55791 522.510345 496.99899 514.951425 497.47142249999996 508.33736999999996 512.5892625 500.77844999999996 535.7384549999999 529.5968325 514.951425 512.1168299999999 445.031415 495.10925999999995 502.1957475 491.8022325 516.3687225 506.44764 508.33736999999996 514.4789925 530.5416974999999 512.1168299999999 501.2508825 511.64439749999997 574.9503525 533.3762925 515.4238574999999 515.89629 520.1481825 528.179535 510.22709999999995 506.9200725 533.3762925 533.848725 524.8725075 505.502775 536.2108875 532.4314274999999 518.2584525 580.14711 533.3762925 516.841155 546.6044025 538.1006175 512.1168299999999 541.8800775 535.7384549999999 531.01413 514.0065599999999 532.4314274999999 544.2422399999999 542.8249425 500.77844999999996 509.28223499999996 538.1006175 522.9827775 505.97520749999995 513.5341275 550.8562949999999 511.171965 545.6595374999999 499.83358499999997 511.171965 513.061695 527.7071025 515.4238574999999 533.3762925 531.01413 522.0379125 526.7622375 506.44764 517.78602 541.8800775 524.8725075 459.67682249999996 532.90386 541.407645 525.8173724999999 508.33736999999996 516.3687225 549.4389975 585.8163 514.0065599999999 522.0379125 518.730885 521.0930475 558.415215 596.6822475 547.076835 559.3600799999999 548.0217 557.4703499999999 539.517915
1.300000 499.3611525 524.400075 508.8098025 498.41628749999995 511.171965 500.77844999999996 556.0530524999999 501.72331499999996 484.2433125 530.5416974999999 515.4238574999999 515.4238574999999 530.069265 556.9979175 501.72331499999996 576.36765 492.27466499999997 494.6368275 523.9276424999999 591.9579225 512.5892625 537.628185 521.0930475 516.3687225 501.72331499999996 514.951425 526.289805 496.52655749999997 527.2346699999999 509.28223499999996 509.7546675 520.6206149999999 502.66817999999995 512.5892625 500.3060175 521.56548 520.1481825 525.34494 518.730885 503.613045 514.951425 502.1957475 520.1481825 514.951425 509.28223499999996 512.5892625 499.83358499999997 517.3135874999999 528.6519675 527.7071025 498.88872 519.67575 518.2584525 509.28223499999996 530.5416974999999 502.66817999999995 489.44007 511.64439749999997 505.502775 542.3525099999999 499.83358499999997 507.8649375 550.8562949999999 504.08547749999997 516.3687225 509.28223499999996 526.7622375 519.2033175 516.3687225 512.1168299999999 534.79359 527.2346699999999 539.9903475 526.289805 530.5416974999999 532.90386 521.0930475 501.2508825 525.8173724999999 523.9276424999999 523.45521 519.67575 506.44764 511.171965 514.0065599999999 535.7384549999999 515.4238574999999 541.8800775 538.57305 531.958995 514.4789925 548.4941325 522.0379125 521.0930475 490.85736749999995 637.3114425 606.6033299999999 552.7460249999999 921.2433749999999 552.7460249999999
1.310000 508.8098025 568.80873 487.55033999999995 509.7546675 515.4238574999999 517.78602 524.8725075 515.89629 509.7546675 493.6919625 505.97520749999995 496.52655749999997 500.77844999999996 496.054125 516.841155 517.78602 505.502775 519.2033175 533.848725 527.2346699999999 513.061695 535.7384549999999 529.5968325 519.2033175 526.7622375 528.179535 522.0379125 511.171965 532.4314274999999 511.64439749999997 516.3687225 549.4389975 493.21952999999996 522.9827775 171.020565 524.8725075 522.0379125 491.8022325 508.8098025 509.7546675 529.5968325 528.6519675 529.5968325 516.3687225 514.951425 541.8800775 514.4789925 521.0930475 501.2508825 667.0746899999999 519.67575 513.5341275 452.11790249999996 528.179535 506.44764 521.0930475 515.4238574999999 667.5471225 514.0065599999999 526.7622375 534.3211575 556.0530524999999 502.1957475 501.72331499999996 534.79359 524.8725075 556.9979175 513.5341275 537.1557525 533.848725 513.5341275 548.0217 523.9276424999999 531.01413 532.4314274999999 517.3135874999999 531.01413 512.5892625 511.64439749999997 509.7546675 539.9903475 735.10497 525.8173724999999 552.2735925 531.4865625 514.4789925 528.6519675 534.3211575 551.80116 545.6595374999999 534.79359 607.0757625 518.2584525 530.069265 411.4887075 513.5341275 525.34494 542.3525099999999 526.289805 519.2033175
1.320000 505.502775 496.99899 514.4789925 517.78602 522.9827775 490.85736749999995 533.848725 516.841155 503.1406125 521.56548 406.76438249999995 502.66817999999995 495.5816925 517.78602 502.66817999999995 417.63032999999996 527.7071025 535.2660225 505.97520749999995 529.1243999999999 541.407645 547.076835 705.3417225 551.80116 528.179535 511.171965 523.45521 508.8098025 516.3687225 492.27466499999997 549.4389975 507.39250499999997 544.2422399999999 511.64439749999997 526.289805 501.2508825 532.90386 531.958995 509.7546675 489.44007 571.643325 539.517915 536.2108875 500.77844999999996 514.4789925 527.7071025 521.0930475 743.608755 509.7546675 521.0930475 515.4238574999999 528.179535 517.78602 506.9200725 542.8249425 521.56548 533.848725 540.9352124999999 516.3687225 528.179535 538.1006175 524.400075 509.7546675 545.6595374999999 522.510345 670.85415 516.3687225 545.6595374999999 522.0379125 507.8649375 525.34494 527.7071025 543.297375 512.1168299999999 526.7622375 521.0930475 586.2887324999999 548.0217 511.64439749999997 526.7622375 542.3525099999999 526.289805 534.79359 509.28223499999996 516.841155 535.2660225 509.7546675 523.45521 521.0930475 505.03034249999996 506.9200725 539.517915 524.400075 517.3135874999999 411.016275 588.1784625 562.6671074999999 552.2735925 540.9352124999999 509.28223499999996
1.330000 496.52655749999997 499.3611525 500.3060175 522.510345 498.41628749999995 498.41628749999995 514.0065599999999 513.061695 504.55791 519.67575 519.2033175 509.28223499999996 511.171965 505.03034249999996 532.90386 518.2584525 518.730885 528.179535 546.13197 486.1330425 532.90386 511.64439749999997 533.3762925 531.01413 550.3838625 552.7460249999999 515.89629 534.79359 538.57305 522.0379125 534.3211575 499.83358499999997 511.64439749999997 552.7460249999999 509.7546675 539.517915 536.2108875 513.061695 518.730885 506.9200725 573.533055 521.56548 523.9276424999999 522.0379125 502.66817999999995 496.52655749999997 525.34494 551.80116 528.179535 536.2108875 538.57305 528.179535 471.48763499999995 580.14711 527.2346699999999 540.9352124999999 511.64439749999997 471.48763499999995 420.464925 536.68332 539.0454824999999 532.90386 528.179535 548.4941325 528.179535 508.8098025 527.7071025 537.628185 514.0065599999999 674.63361 552.7460249999999 459.67682249999996 546.6044025 516.3687225 533.3762925 512.1168299999999 500.77844999999996 536.68332 498.88872 541.407645 540.9352124999999 528.179535 774.3168675 522.9827775 534.3211575 550.3838625 541.8800775 458.73195749999996 549.91143 542.8249425 536.2108875 540.9352124999999 535.2660225 545.6595374999999 526.289805 539.9903475 556.525485 437.00006249999996 516.3687225 829.59147
1.340000 513.061695 502.1957475 501.72331499999996 498.41628749999995 516.841155 532.4314274999999 491.8022325 505.97520749999995 489.44007 517.3135874999999 527.7071025 512.5892625 506.9200725 513.061695 510.22709999999995 515.89629 526.289805 546.6044025 518.730885 516.841155 570.2260275 492.7470975 502.66817999999995 490.85736749999995 522.510345 522.9827775 523.9276424999999 522.0379125 502.1957475 591.9579225 524.400075 512.1168299999999 538.57305 519.67575 535.2660225 538.57305 531.4865625 531.958995 519.67575 575.8952175 524.400075 527.2346699999999 623.6109 506.9200725 509.28223499999996 518.2584525 526.7622375 493.6919625 544.2422399999999 520.1481825 521.56548 529.1243999999999 524.8725075 535.2660225 529.5968325 539.0454824999999 523.45521 514.4789925 541.407645 517.78602 532.4314274999999 534.3211575 527.2346699999999 531.4865625 527.2346699999999 531.01413 516.841155 515.89629 544.2422399999999 519.67575 534.79359 504.08547749999997 540.9352124999999 533.848725 539.9903475 535.2660225 560.7773775 526.7622375 593.37522 520.1481825 539.0454824999999 533.3762925 532.90386 540.46278 531.958995 566.919 545.6595374999999 526.7622375 523.45521 522.9827775 556.0530524999999 535.7384549999999 541.407645 525.34494 559.8325125 528.179535 551.80116 552.7460249999999 582.5092725 517.3135874999999
1.350000 541.407645 524.400075 699.6725325 506.9200725 456.36979499999995 508.8098025 522.0379125 514.951425 530.069265 512.1168299999999 496.99899 499.83358499999997 505.03034249999996 516.3687225 519.67575 536.68332 507.39250499999997 522.510345 524.8725075 631.6422524999999 530.069265 505.03034249999996 492.7470975 516.3687225 504.55791 526.7622375 549.4389975 465.3460125 522.510345 545.187105 527.7071025 521.0930475 531.01413 522.9827775 503.1406125 527.7071025 519.67575 533.3762925 515.89629 535.2660225 528.179535 505.03034249999996 522.0379125 503.1406125 509.28223499999996 519.2033175 534.79359 505.03034249999996 535.2660225 550.8562949999999 508.33736999999996 515.89629 514.951425 518.2584525 528.179535 524.400075 515.4238574999999 343.45842749999997 526.289805 513.5341275 525.34494 552.7460249999999 528.179535 456.8422275 557.9427825 494.6368275 538.1006175 524.400075 506.9200725 533.848725 530.069265 533.848725 539.0454824999999 525.34494 521.56548 531.958995 513.061695 705.8141549999999 532.4314274999999 556.0530524999999 530.069265 536.68332 532.4314274999999 509.28223499999996 561.24981 510.6995325 539.517915 533.848725 537.628185 522.0379125 533.848725 534.3211575 573.533055 537.1557525 565.5017025 543.297375 515.89629 553.2184575 531.958995 536.2108875
1.360000 490.384935 485.66060999999996 499.83358499999997 520.6206149999999 505.97520749999995 529.1243999999999 492.7470975 508.33736999999996 502.1957475 528.6519675 522.0379125 527.7071025 511.64439749999997 499.3611525 548.0217 537.1557525 532.90386 514.0065599999999 506.44764 540.9352124999999 519.2033175 540.46278 528.179535 506.9200725 511.64439749999997 493.6919625 502.1957475 521.0930475 538.1006175 541.407645 529.1243999999999 508.8098025 522.0379125 515.89629 502.1957475 530.069265 505.502775 516.841155 535.2660225 515.89629 498.41628749999995 514.0065599999999 525.8173724999999 508.8098025 548.0217 545.187105 553.69089 526.289805 536.2108875 392.5914075 301.8843675 515.4238574999999 509.7546675 511.64439749999997 528.6519675 510.22709999999995 538.57305 531.01413 541.407645 541.8800775 520.6206149999999 501.72331499999996 529.5968325 508.33736999999996 511.64439749999997 522.9827775 536.2108875 528.6519675 530.069265 513.061695 532.90386 519.2033175 522.510345 546.13197 449.75574 537.1557525 507.8649375 527.2346699999999 541.8800775 540.9352124999999 524.400075 549.4389975 506.9200725 514.0065599999999 543.297375 544.2422399999999 551.3287275 531.4865625 519.67575 532.90386 547.5492674999999 538.57305 536.2108875 510.22709999999995 538.1006175 517.3135874999999 533.848725 549.91143 447.3935775 559.8325125
1.370000 528.6519675 519.67575 544.7146725 525.8173724999999 524.8725075 176.2173225 505.97520749999995 511.64439749999997 533.3762925 521.0930475 510.6995325 555.1081875 511.64439749999997 538.1006175 526.7622375 517.3135874999999 526.289805 524.400075 515.4238574999999 528.179535 548.0217 515.89629 506.44764 504.08547749999997 549.4389975 517.3135874999999 533.3762925 555.1081875 167.7135375 523.9276424999999 792.741735 522.0379125 507.8649375 532.90386 540.9352124999999 513.5341275 533.848725 545.6595374999999 540.9352124999999 515.4238574999999 521.0930475 524.8725075 500.3060175 513.5341275 522.510345 542.3525099999999 502.66817999999995 511.64439749999997 528.6519675 532.4314274999999 518.730885 561.24981 557.9427825 523.9276424999999 514.0065599999999 532.90386 525.34494 584.871435 534.79359 538.57305 505.97520749999995 556.0530524999999 536.68332 504.55791 539.517915 505.97520749999995 529.5968325 511.64439749999997 526.7622375 525.8173724999999 527.2346699999999 533.3762925 533.3762925 529.1243999999999 517.3135874999999 534.79359 792.741735 531.4865625 522.9827775 558.8876475 560.7773775 525.8173724999999 565.5017025 554.635755 568.3362975 535.2660225 515.4238574999999 546.6044025 529.1243999999999 435.11033249999997 546.6044025 539.517915 538.1006175 554.635755 521.0930475 531.01413 546.6044025 474.79466249999996 563.13954 570.69846
1.380000 502.66817999999995 522.0379125 516.841155 526.7622375 534.79359 520.6206149999999 514.0065599999999 524.400075 514.0065599999999 512.1168299999999 526.7622375 522.0379125 511.64439749999997 511.64439749999997 543.297375 522.0379125 523.45521 522.9827775 545.6595374999999 534.79359 578.25738 523.45521 522.0379125 546.13197 507.39250499999997 497.943855 531.4865625 510.22709999999995 496.054125 542.3525099999999 524.8725075 504.08547749999997 513.5341275 495.10925999999995 577.7849474999999 511.171965 511.64439749999997 528.6519675 517.3135874999999 379.3632975 531.4865625 423.7719525 531.4865625 504.08547749999997 536.68332 545.187105 542.3525099999999 546.6044025 522.0379125 525.8173724999999 519.2033175 518.2584525 511.171965 552.2735925 494.16439499999996 538.1006175 506.9200725 551.3287275 528.179535 539.0454824999999 816.8357924999999 567.3914325 510.22709999999995 551.3287275 523.9276424999999 802.6628175 548.0217 513.061695 533.848725 514.4789925 547.076835 548.4941325 539.9903475 467.23574249999996 507.39250499999997 536.68332 539.517915 517.3135874999999 534.79359 545.187105 522.510345 530.5416974999999 548.4941325 510.22709999999995 545.187105 539.517915 469.59790499999997 546.13197 526.7622375 532.90386 541.407645 510.6995325 343.45842749999997 535.2660225 527.7071025 522.510345 483.29844749999995 535.7384549999999 528.6519675 556.0530524999999
1.390000 509.7546675 479.04655499999996 517.3135874999999 506.44764 331.1751825 505.97520749999995 517.78602 524.8725075 616.996845 547.5492674999999 535.2660225 541.8800775 528.6519675 527.2346699999999 510.22709999999995 486.60547499999996 544.2422399999999 523.9276424999999 526.7622375 517.3135874999999 519.67575 550.3838625 537.1557525 545.6595374999999 477.15682499999997 510.6995325 548.4941325 541.407645 509.7546675 522.0379125 551.80116 532.4314274999999 511.171965 519.2033175 540.46278 548.0217 512.5892625 517.3135874999999 466.76331 516.3687225 517.78602 505.502775 525.8173724999999 545.187105 534.3211575 539.9903475 479.99142 566.919 530.069265 551.80116 540.9352124999999 531.958995 551.80116 544.2422399999999 544.7146725 539.0454824999999 520.6206149999999 540.9352124999999 537.1557525 551.3287275 540.46278 505.502775 534.3211575 49.6054125 525.34494 525.8173724999999 520.6206149999999 545.6595374999999 529.1243999999999 548.0217 520.1481825 552.7460249999999 523.45521 534.3211575 532.90386 543.7698075 530.5416974999999 524.400075 524.8725075 540.9352124999999 542.8249425 544.2422399999999 514.4789925 554.1633224999999 543.7698075 544.2422399999999 524.400075 548.4941325 543.297375 546.6044025 543.297375 547.5492674999999 543.297375 558.8876475 534.3211575 530.5416974999999 560.304945 544.2422399999999 581.5644075 552.7460249999999
1.400000 596.2098149999999 513.5341275 496.99899 494.16439499999996 505.97520749999995 533.848725 498.41628749999995 491.3298 522.9827775 599.04441 524.8725075 513.061695 545.6595374999999 488.96763749999997 522.9827775 625.50063 522.0379125 518.2584525 474.32223 534.79359 532.4314274999999 529.5968325 537.628185 530.069265 536.68332 522.9827775 536.68332 511.171965 541.8800775 539.9903475 480.936285 511.171965 537.628185 537.628185 536.2108875 518.730885 527.7071025 524.400075 540.46278 547.076835 506.9200725 539.517915 528.6519675 518.730885 530.069265 542.3525099999999 516.841155 541.8800775 541.407645 530.5416974999999 525.8173724999999 465.818445 526.7622375 519.67575 539.0454824999999 552.7460249999999 543.297375 532.90386 538.1006175 522.0379125 545.187105 506.44764 556.0530524999999 526.7622375 514.4789925 536.68332 515.4238574999999 520.1481825 526.7622375 528.6519675 531.958995 428.023845 532.90386 537.1557525 540.9352124999999 550.8562949999999 540.9352124999999 539.517915 538.57305 544.7146725 519.2033175 556.0530524999999 535.7384549999999 563.13954 516.3687225 547.076835 528.179535 548.4941325 534.79359 532.4314274999999 532.4314274999999 545.187105 552.2735925 563.13954 527.7071025 527.7071025 542.8249425 535.2660225 569.753595 538.57305
1.410000 496.52655749999997 499.3611525 517.3135874999999 503.1406125 511.171965 524.400075 521.0930475 513.5341275 520.6206149999999 506.44764 511.64439749999997 517.78602 510.6995325 531.01413 334.9546425 624.0833325 547.5492674999999 518.2584525 516.841155 544.7146725 546.6044025 542.8249425 508.8098025 525.8173724999999 504.55791 515.4238574999999 537.1557525 371.33194499999996 564.5568375 511.171965 528.6519675 525.34494 469.1254725 548.966565 529.1243999999999 514.4789925 525.34494 534.79359 522.510345 590.0681925 524.400075 515.89629 525.34494 520.6206149999999 530.5416974999999 534.3211575 532.90386 534.3211575 545.6595374999999 541.8800775 513.061695 547.076835 537.1557525 516.841155 525.8173724999999 545.6595374999999 516.841155 522.9827775 529.5968325 592.430355 543.297375 567.8638649999999 538.1006175 514.4789925 530.069265 534.79359 560.304945 521.56548 512.1168299999999 532.4314274999999 210.704895 538.57305 533.848725 544.2422399999999 555.58062 542.3525099999999 539.9903475 541.407645 548.966565 580.6195425 536.2108875 547.076835 563.6119725 548.4941325 575.422785 544.2422399999999 544.7146725 527.7071025 534.79359 546.6044025 520.1481825 544.7146725 551.80116 481.40871749999997 564.5568375 557.9427825 572.5881899999999 527.7071025 538.1006175 537.1557525
1.420000 517.3135874999999 443.61411749999996 502.66817999999995 513.5341275 529.5968325 515.89629 501.2508825 508.33736999999996 530.069265 506.44764 529.1243999999999 522.9827775 522.0379125 538.1006175 501.2508825 527.7071025 528.6519675 519.2033175 531.958995 659.0433375 671.3265825 523.45521 528.179535 530.5416974999999 505.502775 533.3762925 532.90386 540.46278 523.45521 519.2033175 514.0065599999999 533.3762925 536.68332 524.400075 698.255235 535.7384549999999 518.2584525 530.069265 627.39036 543.7698075 519.2033175 530.069265 521.0930475 543.297375 438.8897925 563.13954 533.848725 553.69089 531.958995 540.46278 556.525485 542.8249425 528.6519675 517.3135874999999 526.7622375 540.46278 802.190385 555.1081875 537.628185 559.8325125 552.2735925 545.6595374999999 549.91143 544.2422399999999 522.510345 538.1006175 558.415215 513.061695 538.1006175 527.2346699999999 534.79359 887.2282349999999 555.58062 548.4941325 649.5946875 520.6206149999999 538.57305 515.89629 547.5492674999999 565.9741349999999 533.848725 548.4941325 547.5492674999999 537.1557525 532.90386 544.7146725 505.502775 547.5492674999999 533.848725 535.2660225 533.848725 546.6044025 535.2660225 517.3135874999999 521.0930475 526.7622375 517.78602 575.8952175 559.3600799999999 549.91143
1.430000 499.3611525 615.5795475 523.9276424999999 514.4789925 535.7384549999999 519.2033175 516.841155 528.179535 530.5416974999999 531.958995 521.0930475 519.2033175 522.510345 527.7071025 530.5416974999999 523.9276424999999 532.4314274999999 545.6595374999999 534.79359 519.67575 532.90386 548.0217 530.5416974999999 475.267095 531.01413 536.2108875 538.57305 477.6292575 556.9979175 533.3762925 544.2422399999999 543.7698075 511.64439749999997 541.407645 350.0724825 539.517915 543.297375 548.4941325 497.47142249999996 538.1006175 540.9352124999999 539.9903475 514.0065599999999 511.64439749999997 509.28223499999996 524.400075 606.6033299999999 532.90386 540.9352124999999 540.9352124999999 551.80116 566.919 540.46278 548.4941325 555.1081875 536.68332 633.05955 539.517915 528.6519675 521.56548 539.9903475 536.68332 543.7698075 549.91143 531.4865625 514.951425 542.3525099999999 104.40758249999999 522.510345 522.0379125 518.2584525 471.0152025 272.12111999999996 538.1006175 548.0217 544.7146725 534.79359 539.0454824999999 335.89950749999997 561.24981 534.3211575 548.966565 485.1881775 540.9352124999999 516.841155 876.83472 554.1633224999999 561.7222425 542.3525099999999 549.91143 548.966565 536.68332 547.076835 559.8325125 558.8876475 534.3211575 573.0606225 551.80116 559.8325125 570.2260275
1.440000 507.39250499999997 539.0454824999999 532.4314274999999 515.89629 538.1006175 510.22709999999995 523.9276424999999 497.943855 540.46278 534.3211575 565.9741349999999 511.171965 509.7546675 527.7071025 585.8163 550.3838625 525.8173724999999 548.966565 510.22709999999995 511.171965 568.80873 533.848725 535.7384549999999 596.2098149999999 533.848725 511.64439749999997 534.3211575 511.64439749999997 547.5492674999999 383.14275749999996 522.510345 539.0454824999999 548.0217 509.28223499999996 520.6206149999999 747.8606474999999 530.069265 527.7071025 517.3135874999999 540.9352124999999 536.2108875 521.56548 532.4314274999999 536.2108875 539.0454824999999 547.076835 535.2660225 524.400075 531.01413 547.5492674999999 548.966565 525.8173724999999 543.7698075 524.400075 558.8876475 541.407645 562.6671074999999 552.7460249999999 525.34494 540.9352124999999 510.6995325 560.7773775 549.4389975 534.79359 535.2660225 530.069265 564.084405 548.966565 546.6044025 541.407645 542.3525099999999 550.8562949999999 562.6671074999999 549.4389975 541.407645 539.9903475 545.187105 525.8173724999999 524.8725075 558.415215 537.628185 539.517915 559.8325125 560.7773775 564.5568375 541.407645 480.936285 523.9276424999999 525.8173724999999 553.2184575 438.41736 524.8725075 551.3287275 554.1633224999999 600.4617075 532.90386 540.46278 551.80116 543.297375 541.8800775
1.450000 501.72331499999996 524.8725075 528.6519675 521.56548 530.5416974999999 554.1633224999999 504.08547749999997 532.4314274999999 521.56548 511.64439749999997 516.3687225 505.03034249999996 585.8163 467.23574249999996 526.7622375 540.9352124999999 512.5892625 531.4865625 175.74489 531.01413 542.3525099999999 531.4865625 549.4389975 535.7384549999999 524.400075 522.510345 527.2346699999999 389.75681249999997 551.3287275 527.2346699999999 541.407645 525.34494 536.68332 547.5492674999999 520.1481825 532.90386 524.400075 518.2584525 527.7071025 523.9276424999999 522.510345 529.1243999999999 530.5416974999999 538.57305 544.2422399999999 508.33736999999996 430.85844 542.3525099999999 533.848725 553.69089 445.97628 536.68332 532.90386 538.57305 553.69089 547.5492674999999 530.5416974999999 522.9827775 520.1481825 533.848725 546.13197 503.613045 551.80116 550.8562949999999 535.2660225 563.13954 531.4865625 530.069265 480.936285 546.6044025 527.7071025 634.4768475 874.0001249999999 536.2108875 532.90386 532.4314274999999 521.0930475 532.4314274999999 553.2184575 536.2108875 98.73839249999999 544.7146725 540.9352124999999 546.13197 545.187105 545.6595374999999 552.7460249999999 570.69846 529.1243999999999 559.8325125 546.6044025 561.24981 609.437925 543.7698075 563.13954 515.89629 527.2346699999999 532.90386 533.848725 354.7968075
1.460000 855.1028249999999 515.4238574999999 532.4314274999999 503.1406125 529.1243999999999 524.400075 522.510345 520.1481825 531.4865625 526.7622375 527.2346699999999 545.6595374999999 525.34494 528.179535 528.179535 535.2660225 584.3990024999999 532.90386 528.6519675 533.848725 545.6595374999999 638.72874 527.7071025 535.7384549999999 558.8876475 546.13197 678.8855024999999 541.407645 563.13954 528.6519675 531.4865625 551.3287275 510.6995325 529.5968325 516.841155 531.958995 514.0065599999999 519.2033175 538.1006175 541.8800775 524.400075 524.400075 544.7146725 532.90386 527.7071025 531.958995 565.02927 550.8562949999999 549.4389975 546.13197 535.7384549999999 563.6119725 544.2422399999999 539.9903475 565.5017025 567.8638649999999 560.7773775 576.36765 561.24981 564.5568375 523.45521 559.3600799999999 542.8249425 537.1557525 510.6995325 544.2422399999999 555.58062 536.68332 534.79359 558.415215 535.2660225 475.267095 526.289805 548.4941325 554.635755 690.6963149999999 543.297375 552.2735925 551.3287275 530.069265 416.2130325 532.90386 556.9979175 535.2660225 563.6119725 567.3914325 541.8800775 550.3838625 553.2184575 515.4238574999999 542.8249425 517.78602 571.1708924999999 540.46278 546.13197 537.1557525 543.297375 525.34494 527.2346699999999 561.7222425
1.470000 495.5816925 520.1481825 522.0379125 511.64439749999997 531.958995 533.3762925 536.2108875 60.47136 521.0930475 523.45521 520.1481825 523.45521 531.958995 528.179535 528.6519675 541.8800775 538.1006175 542.3525099999999 538.1006175 531.01413 465.818445 533.3762925 513.5341275 536.68332 537.1557525 542.3525099999999 530.5416974999999 533.3762925 536.68332 533.848725 547.076835 524.8725075 528.179535 563.6119725 538.57305 524.400075 535.2660225 503.1406125 545.6595374999999 571.643325 534.79359 484.2433125 520.1481825 554.1633224999999 678.8855024999999 572.5881899999999 566.919 541.8800775 557.9427825 539.0454824999999 536.2108875 553.69089 554.635755 532.90386 572.5881899999999 561.7222425 576.8400825 520.6206149999999 537.628185 548.4941325 539.0454824999999 568.80873 551.80116 526.289805 535.2660225 524.400075 528.179535 519.2033175 556.525485 537.628185 568.80873 542.3525099999999 542.3525099999999 567.8638649999999 540.46278 537.628185 538.1006175 545.187105 473.377365 568.80873 526.289805 567.8638649999999 536.68332 548.4941325 548.4941325 534.79359 561.24981 552.7460249999999 551.80116 554.635755 538.1006175 346.765455 543.7698075 548.0217 530.5416974999999 540.46278 562.194675 556.525485 561.24981 480.4638525
1.480000 504.08547749999997 516.841155 540.46278 514.4789925 503.1406125 507.39250499999997 509.28223499999996 531.4865625 547.5492674999999 529.1243999999999 517.3135874999999 472.4325 523.9276424999999 473.377365 560.304945 532.90386 511.171965 520.6206149999999 534.79359 522.510345 539.0454824999999 555.58062 529.1243999999999 533.848725 515.89629 525.8173724999999 505.502775 527.7071025 554.635755 521.56548 559.3600799999999 544.2422399999999 475.267095 531.958995 511.64439749999997 543.297375 544.2422399999999 523.45521 556.0530524999999 536.2108875 531.958995 541.8800775 542.8249425 545.6595374999999 566.919 540.46278 555.1081875 528.6519675 521.0930475 517.3135874999999 527.7071025 512.1168299999999 548.4941325 543.297375 546.13197 556.525485 534.3211575 523.45521 551.3287275 530.5416974999999 534.3211575 469.59790499999997 536.2108875 545.187105 524.8725075 538.57305 549.4389975 531.958995 546.13197 577.7849474999999 556.0530524999999 519.67575 516.3687225 551.3287275 560.7773775 543.7698075 524.400075 541.8800775 593.37522 566.4465675 544.2422399999999 556.525485 539.0454824999999 557.9427825 556.9979175 514.951425 548.966565 558.415215 554.1633224999999 541.8800775 539.9903475 539.517915 541.407645 549.4389975 576.8400825 521.0930475 571.643325 638.72874 555.58062 585.8163
1.490000 517.78602 526.289805 517.78602 548.0217 532.90386 527.7071025 548.966565 497.943855 505.97520749999995 532.90386 545.187105 545.187105 532.90386 537.628185 526.7622375 548.966565 478.10168999999996 523.9276424999999 560.304945 548.0217 533.3762925 517.3135874999999 534.3211575 546.13197 553.2184575 554.1633224999999 431.80330499999997 548.0217 531.4865625 591.0130575 360.93843 553.2184575 544.2422399999999 537.1557525 525.8173724999999 519.67575 529.5968325 520.1481825 524.400075 545.6595374999999 541.8800775 524.400075 563.13954 527.2346699999999 540.9352124999999 546.6044025 536.2108875 438.8897925 546.13197 543.7698075 561.24981 573.533055 553.2184575 522.0379125 559.3600799999999 516.3687225 552.7460249999999 525.8173724999999 484.2433125 476.6843925 538.1006175 447.3935775 514.0065599999999 548.4941325 539.517915 547.076835 562.194675 534.3211575 539.9903475 531.01413 541.407645 551.3287275 529.1243999999999 523.45521 545.187105 522.9827775 533.3762925 530.5416974999999 538.1006175 542.3525099999999 547.076835 556.0530524999999 572.5881899999999 540.46278 568.80873 568.80873 574.4779199999999 579.202245 568.80873 529.1243999999999 538.57305 539.9903475 612.27252 517.78602 359.993565 566.4465675 486.1330425 537.1557525 557.4703499999999 545.187105
1.500000 436.52763 398.73303 532.4314274999999 539.0454824999999 539.0454824999999 526.289805 529.5968325 538.1006175 619.3590075 542.8249425 531.4865625 526.289805 508.8098025 386.9222175 546.6044025 527.7071025 546.13197 534.3211575 539.9903475 534.79359 523.9276424999999 536.2108875 541.407645 529.1243999999999 530.5416974999999 527.2346699999999 532.90386 554.1633224999999 476.6843925 555.1081875 811.6390349999999 556.525485 536.68332 534.3211575 523.9276424999999 539.0454824999999 681.247665 547.076835 550.3838625 555.58062 533.3762925 527.7071025 555.1081875 517.78602 558.415215 538.57305 550.3838625 552.2735925 529.5968325 539.9903475 547.5492674999999 553.69089 549.4389975 545.187105 560.304945 536.68332 542.3525099999999 564.5568375 571.643325 540.46278 557.4703499999999 567.8638649999999 540.46278 551.80116 549.4389975 581.5644075 543.7698075 551.80116 541.407645 530.069265 536.68332 531.4865625 511.171965 547.076835 525.34494 535.2660225 547.076835 557.9427825 562.6671074999999 539.9903475 222.98814 568.3362975 553.2184575 557.4703499999999 541.407645 533.848725 548.0217 554.635755 522.510345 557.9427825 565.5017025 540.9352124999999 535.2660225 557.9427825 483.29844749999995 530.5416974999999 496.52655749999997 530.5416974999999 583.4541375 556.0530524999999
1.510000 510.22709999999995 512.1168299999999 549.4389975 525.34494 525.34494 549.91143 509.7546675 512.1168299999999 529.5968325 518.2584525 505.97520749999995 517.78602 521.56548 639.673605 530.5416974999999 513.5341275 543.7698075 541.407645 547.076835 527.2346699999999 534.79359 546.6044025 558.8876475 534.79359 553.2184575 531.01413 551.80116 534.79359 630.224955 521.0930475 547.5492674999999 565.5017025 525.34494 546.13197 527.7071025 532.90386 542.8249425 551.3287275 544.7146725 544.7146725 483.77088 518.730885 631.6422524999999 521.56548 543.7698075 557.4703499999999 531.01413 548.0217 529.5968325 549.91143 573.533055 560.7773775 516.3687225 530.5416974999999 556.525485 565.9741349999999 561.24981 553.69089 531.4865625 531.01413 565.5017025 549.4389975 531.4865625 539.9903475 560.304945 558.8876475 542.3525099999999 548.966565 541.8800775 562.194675 539.9903475 542.3525099999999 569.753595 545.187105 554.635755 577.312515 551.3287275 540.46278 556.525485 534.79359 580.6195425 541.8800775 569.753595 568.3362975 538.1006175 542.8249425 548.4941325 565.02927 575.422785 562.194675 549.4389975 555.1081875 507.8649375 533.848725 548.0217 537.628185 557.4703499999999 616.996845 527.2346699999999 548.0217
1.520000 544.7146725 572.1157575 542.3525099999999 524.8725075 485.1881775 537.628185 521.56548 539.517915 542.8249425 535.2660225 524.400075 522.9827775 542.3525099999999 540.9352124999999 393.06383999999997 533.3762925 538.57305 540.46278 764.8682175 539.0454824999999 569.753595 545.187105 439.8346575 521.0930475 550.3838625 530.5416974999999 534.3211575 362.82815999999997 558.8876475 523.45521 545.187105 532.4314274999999 525.8173724999999 543.297375 528.179535 522.9827775 557.9427825 483.29844749999995 536.68332 482.826015 353.37951 554.635755 630.6973875 528.6519675 570.69846 573.533055 541.8800775 556.525485 547.076835 560.7773775 538.57305 697.3103699999999 542.3525099999999 609.9103574999999 561.24981 574.9503525 571.1708924999999 539.517915 613.6898175 564.084405 540.46278 524.8725075 652.901715 545.6595374999999 533.3762925 556.9979175 530.5416974999999 527.7071025 484.2433125 554.1633224999999 550.8562949999999 548.4941325 550.8562949999999 553.2184575 549.4389975 577.312515 546.6044025 539.9903475 541.8800775 526.7622375 547.076835 617.4692775 573.533055 553.2184575 487.0779075 545.187105 545.6595374999999 538.1006175 565.9741349999999 532.90386 552.7460249999999 536.2108875 542.3525099999999 566.919 557.4703499999999 556.0530524999999 556.525485 525.34494 569.2811624999999 554.1633224999999
1.530000 513.5341275 534.3211575 551.80116 548.4941325 536.68332 664.7125275 522.510345 552.2735925 523.45521 470.0703375 521.0930475 535.7384549999999 544.2422399999999 521.56548 558.8876475 536.2108875 565.9741349999999 545.187105 539.0454824999999 532.90386 532.4314274999999 554.1633224999999 548.0217 554.635755 565.9741349999999 515.89629 533.3762925 527.2346699999999 527.7071025 528.179535 557.4703499999999 545.187105 708.1763175 599.5168424999999 571.1708924999999 560.304945 547.5492674999999 544.7146725 546.6044025 537.1557525 528.6519675 595.26495 531.958995 546.6044025 563.6119725 530.5416974999999 585.8163 540.9352124999999 542.8249425 532.90386 562.6671074999999 529.1243999999999 522.510345 538.1006175 555.58062 537.1557525 698.7276674999999 554.1633224999999 547.076835 454.48006499999997 539.0454824999999 541.8800775 554.1633224999999 541.8800775 539.517915 532.4314274999999 560.7773775 551.3287275 553.2184575 548.0217 524.8725075 399.677895 657.62604 543.7698075 540.9352124999999 822.5049825 529.1243999999999 545.187105 555.1081875 564.5568375 562.194675 562.194675 544.7146725 547.5492674999999 527.7071025 523.9276424999999 565.5017025 545.187105 552.2735925 533.3762925 566.919 885.8109374999999 567.3914325 522.9827775 551.80116 537.628185 587.2335975 569.2811624999999 681.7200975 565.5017025
1.540000 507.8649375 497.943855 585.3438675 531.958995 552.2735925 519.2033175 518.730885 543.7698075 529.5968325 538.57305 567.8638649999999 524.8725075 536.2108875 520.6206149999999 545.187105 532.90386 545.6595374999999 528.6519675 567.8638649999999 538.1006175 537.628185 606.1308975 534.79359 553.2184575 558.415215 520.1481825 556.0530524999999 539.517915 533.3762925 554.635755 547.5492674999999 535.2660225 529.5968325 538.1006175 538.57305 541.407645 537.628185 564.084405 535.2660225 351.96221249999996 564.5568375 424.7168175 591.9579225 539.517915 531.01413 490.384935 540.46278 544.2422399999999 534.3211575 527.2346699999999 543.297375 565.9741349999999 555.58062 451.17303749999996 558.8876475 747.8606474999999 525.8173724999999 540.46278 560.7773775 522.9827775 546.13197 548.966565 539.9903475 647.7049575 540.9352124999999 814.47363 564.084405 549.91143 541.8800775 547.076835 521.56548 566.919 554.1633224999999 449.2833075 553.2184575 529.1243999999999 536.68332 565.9741349999999 531.4865625 556.0530524999999 552.2735925 545.6595374999999 559.3600799999999 568.3362975 755.8919999999999 566.919 574.4779199999999 564.5568375 557.9427825 573.0606225 443.141685 580.14711 537.1557525 558.8876475 540.9352124999999 549.4389975 551.80116 573.0606225 544.2422399999999 539.0454824999999
1.550000 510.22709999999995 528.6519675 531.4865625 512.1168299999999 524.400075 541.407645 591.0130575 531.958995 551.3287275 527.7071025 539.9903475 519.2033175 553.69089 535.2660225 542.3525099999999 569.2811624999999 544.7146725 540.46278 548.4941325 550.3838625 560.7773775 542.8249425 542.3525099999999 818.2530899999999 547.5492674999999 544.2422399999999 539.9903475 531.01413 532.4314274999999 508.33736999999996 610.8552225 563.6119725 535.7384549999999 522.9827775 599.989275 510.6995325 545.187105 538.57305 552.2735925 592.9027874999999 520.1481825 557.4703499999999 543.7698075 526.7622375 527.7071025 531.01413 350.0724825 810.2217375 578.7298125 551.80116 532.4314274999999 548.966565 539.0454824999999 559.3600799999999 534.79359 520.6206149999999 563.13954 540.9352124999999 545.187105 559.3600799999999 570.69846 550.3838625 481.40871749999997 561.24981 570.2260275 536.68332 537.628185 437.9449275 556.0530524999999 570.69846 546.6044025 563.6119725 564.5568375 570.69846 547.5492674999999 539.517915 325.5059925 543.7698075 561.7222425 558.415215 553.2184575 555.58062 536.2108875 624.0833325 557.4703499999999 564.5568375 574.0054875 567.8638649999999 562.194675 539.517915 560.304945 576.8400825 556.525485 558.415215 557.9427825 540.9352124999999 642.0357675 552.7460249999999 568.3362975 454.48006499999997
1.560000 536.68332 517.3135874999999 522.510345 539.0454824999999 545.187105 526.7622375 546.13197 535.2660225 555.1081875 429.44114249999996 534.3211575 541.8800775 537.628185 525.8173724999999 513.061695 535.7384549999999 535.2660225 546.6044025 549.91143 565.02927 522.510345 797.9384924999999 549.4389975 567.3914325 554.635755 547.5492674999999 546.13197 527.2346699999999 556.525485 571.1708924999999 548.0217 522.0379125 546.13197 548.4941325 432.74816999999996 547.5492674999999 553.2184575 570.69846 606.1308975 533.3762925 531.958995 558.415215 564.084405 547.076835 489.91250249999996 552.7460249999999 555.1081875 577.7849474999999 559.3600799999999 555.1081875 572.1157575 545.187105 553.2184575 552.2735925 522.9827775 138.895155 526.289805 546.6044025 526.7622375 541.407645 585.3438675 478.5741225 567.3914325 555.58062 573.533055 563.13954 543.297375 551.80116 568.3362975 540.46278 537.1557525 578.25738 542.8249425 521.56548 544.7146725 564.5568375 549.91143 565.5017025 541.407645 551.80116 541.8800775 535.2660225 570.69846 552.2735925 549.4389975 562.6671074999999 542.3525099999999 572.5881899999999 587.7060299999999 569.2811624999999 611.8000875 553.69089 561.24981 530.5416974999999 547.076835 564.5568375 565.9741349999999 565.9741349999999 582.03684 575.8952175
1.570000 519.67575 579.202245 516.841155 525.8173724999999 599.989275 523.9276424999999 544.7146725 602.8238699999999 530.5416974999999 530.069265 528.6519675 534.3211575 533.848725 470.54276999999996 519.67575 514.4789925 536.68332 540.9352124999999 516.841155 536.2108875 547.076835 530.5416974999999 531.4865625 529.1243999999999 537.1557525 563.6119725 532.90386 541.8800775 565.5017025 575.422785 556.0530524999999 613.2173849999999 574.9503525 567.3914325 551.3287275 549.4389975 545.187105 535.7384549999999 558.415215 550.8562949999999 476.6843925 510.6995325 531.958995 551.80116 538.1006175 554.635755 576.8400825 564.084405 548.966565 560.7773775 549.91143 572.1157575 546.13197 545.6595374999999 560.304945 575.422785 535.2660225 543.297375 546.13197 553.69089 542.3525099999999 544.7146725 550.3838625 556.525485 546.6044025 532.4314274999999 562.6671074999999 547.076835 732.270375 542.8249425 570.69846 539.9903475 536.2108875 534.3211575 480.936285 551.3287275 581.0919749999999 548.0217 527.2346699999999 566.919 566.4465675 556.525485 555.58062 568.3362975 582.5092725 589.5957599999999 548.4941325 566.919 543.7698075 561.24981 538.1006175 537.628185 575.8952175 9.448649999999999 570.2260275 519.67575 558.8876475 542.8249425 540.9352124999999 553.2184575
1.580000 536.2108875 512.1168299999999 567.3914325 542.3525099999999 552.2735925 552.2735925 546.6044025 548.966565 543.297375 515.89629 538.57305 658.0984725 538.1006175 533.3762925 549.91143 522.510345 515.4238574999999 535.7384549999999 513.5341275 556.525485 544.7146725 567.3914325 547.5492674999999 532.90386 541.8800775 519.67575 575.8952175 522.510345 538.57305 547.076835 554.1633224999999 551.3287275 454.0076325 548.4941325 535.7384549999999 593.8476525 531.4865625 541.8800775 553.69089 572.1157575 546.13197 525.8173724999999 561.7222425 518.2584525 638.72874 574.9503525 555.1081875 544.7146725 579.202245 540.46278 565.02927 523.45521 556.9979175 548.0217 533.848725 550.3838625 534.3211575 561.7222425 558.8876475 555.1081875 528.179535 573.0606225 551.3287275 557.4703499999999 666.6022575 547.5492674999999 562.194675 535.7384549999999 553.2184575 533.848725 565.5017025 550.3838625 548.0217 557.9427825 579.202245 528.6519675 539.9903475 525.8173724999999 560.304945 569.753595 531.01413 571.1708924999999 568.3362975 568.80873 559.8325125 555.58062 556.9979175 571.643325 568.3362975 574.0054875 590.0681925 552.7460249999999 567.3914325 554.635755 579.6746774999999 531.4865625 593.8476525 593.8476525 608.9654925 556.525485
1.590000 515.4238574999999 544.2422399999999 538.1006175 553.69089 519.2033175 552.7460249999999 531.4865625 556.9979175 533.848725 540.46278 529.5968325 551.3287275 539.9903475 548.966565 545.6595374999999 525.8173724999999 536.68332 541.8800775 553.2184575 545.187105 540.9352124999999 554.1633224999999 552.7460249999999 547.5492674999999 529.5968325 537.1557525 541.407645 529.5968325 544.2422399999999 830.0639024999999 580.6195425 522.510345 574.9503525 564.084405 568.80873 548.0217 545.187105 536.2108875 550.8562949999999 553.2184575 552.7460249999999 561.7222425 609.9103574999999 541.407645 558.415215 556.9979175 558.8876475 545.187105 547.076835 560.304945 546.13197 549.91143 611.3276549999999 576.8400825 558.415215 584.871435 571.643325 552.2735925 317.0022075 313.69518 570.69846 571.643325 541.8800775 549.91143 560.304945 558.415215 552.7460249999999 563.6119725 545.6595374999999 572.1157575 557.9427825 554.1633224999999 565.02927 556.9979175 531.4865625 567.3914325 542.3525099999999 552.7460249999999 551.3287275 584.871435 574.9503525 558.415215 594.320085 597.15468 553.2184575 498.41628749999995 528.6519675 573.0606225 534.3211575 579.6746774999999 551.3287275 562.6671074999999 545.187105 567.8638649999999 564.5568375 571.643325 563.13954 537.628185 593.8476525 586.2887324999999
1.600000 544.2422399999999 683.137395 522.0379125 508.8098025 530.069265 543.297375 542.8249425 538.1006175 529.1243999999999 549.4389975 550.8562949999999 540.46278 525.8173724999999 554.1633224999999 492.27466499999997 542.8249425 556.9979175 564.5568375 547.076835 545.187105 542.8249425 554.635755 566.919 564.084405 567.8638649999999 556.9979175 546.6044025 528.6519675 561.24981 558.8876475 538.1006175 551.3287275 547.076835 528.179535 531.4865625 545.187105 536.68332 531.4865625 570.69846 531.4865625 561.7222425 546.13197 543.297375 555.58062 546.6044025 532.4314274999999 551.3287275 556.0530524999999 558.415215 271.6486875 539.517915 565.02927 568.3362975 458.73195749999996 571.643325 527.7071025 535.7384549999999 526.7622375 728.0184825 555.58062 547.076835 553.2184575 558.8876475 491.8022325 587.7060299999999 560.7773775 554.635755 571.643325 548.4941325 540.9352124999999 555.58062 549.4389975 440.7795225 546.13197 553.69089 573.0606225 566.919 544.2422399999999 549.4389975 549.91143 577.312515 567.3914325 578.25738 556.9979175 534.79359 558.415215 551.80116 564.084405 584.3990024999999 575.8952175 570.2260275 547.076835 559.3600799999999 549.4389975 583.4541375 561.24981 511.64439749999997 605.658465 568.3362975 792.741735
1.610000 541.407645 522.9827775 524.400075 540.46278 532.4314274999999 545.187105 518.730885 522.510345 412.43357249999997 537.1557525 531.01413 529.5968325 549.91143 535.7384549999999 534.3211575 443.141685 556.0530524999999 550.3838625 537.1557525 487.55033999999995 571.1708924999999 553.2184575 573.533055 560.7773775 540.9352124999999 556.525485 540.46278 556.525485 557.4703499999999 556.525485 562.194675 541.8800775 552.7460249999999 564.084405 519.67575 541.8800775 560.7773775 540.46278 537.628185 565.9741349999999 558.415215 549.91143 605.658465 540.46278 556.9979175 578.25738 564.5568375 586.761165 550.8562949999999 540.9352124999999 555.58062 566.919 564.084405 554.1633224999999 540.9352124999999 549.4389975 565.9741349999999 564.084405 564.5568375 572.1157575 421.40979 575.422785 547.076835 538.57305 552.2735925 704.3968575 531.958995 529.5968325 557.4703499999999 545.187105 574.4779199999999 552.2735925 553.69089 562.194675 409.12654499999996 559.8325125 571.1708924999999 567.8638649999999 536.2108875 505.502775 576.36765 574.0054875 549.91143 551.80116 584.3990024999999 567.8638649999999 567.8638649999999 571.1708924999999 584.3990024999999 570.69846 585.8163 578.7298125 555.58062 548.4941325 556.9979175 566.919 546.6044025 585.8163 575.8952175 490.85736749999995
1.620000 528.6519675 542.8249425 589.1233275 535.7384549999999 554.635755 545.187105 556.9979175 551.80116 550.3838625 536.2108875 554.635755 556.0530524999999 541.8800775 527.2346699999999 550.3838625 545.6595374999999 559.3600799999999 575.422785 539.9903475 556.9979175 574.9503525 550.8562949999999 565.9741349999999 545.6595374999999 567.8638649999999 565.5017025 574.9503525 501.72331499999996 541.8800775 559.8325125 530.5416974999999 555.1081875 561.24981 538.57305 747.8606474999999 555.1081875 558.8876475 526.7622375 544.2422399999999 561.7222425 532.4314274999999 543.297375 557.9427825 582.03684 563.6119725 574.0054875 613.6898175 553.2184575 579.202245 548.966565 532.90386 577.312515 564.084405 589.5957599999999 568.80873 557.9427825 546.6044025 548.4941325 555.58062 590.0681925 575.422785 556.9979175 558.8876475 564.084405 556.0530524999999 557.4703499999999 567.8638649999999 675.5784749999999 555.58062 565.02927 699.6725325 556.525485 584.3990024999999 556.9979175 557.4703499999999 555.1081875 539.0454824999999 548.4941325 570.69846 589.5957599999999 609.437925 674.1611775 574.0054875 565.02927 588.650895 558.8876475 586.761165 591.0130575 587.2335975 586.2887324999999 547.076835 559.8325125 557.9427825 583.4541375 582.5092725 569.753595 600.4617075 582.03684 567.8638649999999 576.36765
1.630000 511.64439749999997 549.91143 547.076835 547.076835 570.2260275 540.9352124999999 562.6671074999999 531.958995 537.1557525 561.7222425 546.13197 537.628185 532.4314274999999 570.69846 534.3211575 551.3287275 567.8638649999999 569.2811624999999 582.5092725 542.8249425 560.7773775 548.966565 476.6843925 564.5568375 280.1524725 535.7384549999999 547.5492674999999 560.304945 545.6595374999999 547.076835 533.848725 552.7460249999999 520.1481825 553.69089 534.3211575 565.02927 487.0779075 533.848725 875.889855 558.415215 552.2735925 550.3838625 551.3287275 541.8800775 538.57305 557.9427825 562.6671074999999 560.304945 572.1157575 558.415215 541.407645 561.7222425 43.463789999999996 567.3914325 568.3362975 561.24981 565.5017025 570.2260275 587.7060299999999 576.8400825 570.69846 556.9979175 550.8562949999999 565.02927 559.8325125 565.9741349999999 563.6119725 564.5568375 560.304945 549.4389975 616.5244124999999 578.7298125 558.415215 550.3838625 577.7849474999999 543.297375 567.3914325 562.194675 573.0606225 575.8952175 567.8638649999999 500.3060175 574.4779199999999 461.5665525 579.202245 553.69089 768.175245 144.564345 534.79359 575.8952175 550.8562949999999 556.9979175 555.1081875 547.5492674999999 577.7849474999999 564.5568375 564.5568375 600.4617075 458.259525 589.1233275
1.640000 550.8562949999999 532.90386 541.407645 538.57305 549.4389975 532.90386 550.8562949999999 599.989275 529.1243999999999 541.8800775 523.9276424999999 566.919 533.848725 542.8249425 445.5038475 553.2184575 570.2260275 573.533055 564.5568375 570.2260275 556.0530524999999 551.3287275 550.8562949999999 561.24981 530.5416974999999 538.57305 543.297375 562.194675 547.076835 524.8725075 546.13197 554.1633224999999 538.57305 549.91143 545.187105 772.4271375 693.0584775 555.1081875 533.3762925 542.8249425 578.25738 560.7773775 564.5568375 572.5881899999999 548.966565 408.18168 557.9427825 567.3914325 545.187105 547.5492674999999 579.202245 558.8876475 563.6119725 559.3600799999999 581.5644075 540.9352124999999 564.084405 554.1633224999999 536.2108875 553.2184575 591.0130575 412.43357249999997 535.7384549999999 552.7460249999999 542.3525099999999 251.8065225 499.83358499999997 539.0454824999999 573.533055 612.27252 490.85736749999995 626.4454949999999 552.7460249999999 577.312515 555.58062 571.1708924999999 564.084405 554.635755 542.8249425 545.187105 565.02927 593.37522 569.753595 577.7849474999999 578.7298125 598.0995449999999 543.7698075 448.3384425 574.4779199999999 563.13954 572.5881899999999 562.194675 583.4541375 580.6195425 573.0606225 559.3600799999999 609.437925 559.8325125 588.1784625 566.919
1.650000 515.4238574999999 603.2963025 522.510345 546.13197 539.0454824999999 567.3914325 540.9352124999999 592.430355 540.9352124999999 549.4389975 533.848725 531.958995 548.4941325 547.076835 571.643325 538.57305 570.2260275 545.187105 574.9503525 538.57305 590.540625 548.4941325 543.297375 537.1557525 687.86172 561.7222425 568.3362975 543.297375 575.422785 569.2811624999999 574.0054875 563.13954 573.533055 557.4703499999999 659.51577 563.6119725 556.525485 578.7298125 565.02927 552.7460249999999 569.2811624999999 554.1633224999999 535.2660225 555.58062 535.7384549999999 576.8400825 576.8400825 577.312515 565.9741349999999 544.2422399999999 562.194675 574.0054875 500.3060175 565.5017025 540.9352124999999 557.9427825 561.24981 566.4465675 563.13954 541.8800775 575.8952175 590.540625 589.1233275 513.5341275 551.80116 543.7698075 577.312515 562.194675 553.2184575 550.8562949999999 558.8876475 563.13954 559.8325125 584.871435 569.753595 569.753595 580.6195425 570.69846 559.3600799999999 568.3362975 731.7979425 588.650895 545.187105 565.02927 891.4801275 639.673605 571.643325 575.422785 553.2184575 548.4941325 581.5644075 588.1784625 642.9806325 596.2098149999999 514.951425 561.24981 584.3990024999999 427.55141249999997 565.5017025 403.457355
1.660000 797.9384924999999 541.8800775 533.848725 542.8249425 534.3211575 7.0864875 539.0454824999999 539.517915 536.2108875 544.7146725 540.9352124999999 534.3211575 569.753595 537.1557525 541.8800775 562.194675 570.2260275 535.2660225 562.194675 549.4389975 575.422785 556.525485 548.0217 563.13954 557.9427825 556.0530524999999 544.7146725 555.1081875 535.2660225 548.4941325 530.5416974999999 550.3838625 560.304945 542.3525099999999 541.407645 535.7384549999999 606.1308975 553.2184575 926.912565 536.2108875 574.0054875 541.8800775 570.2260275 556.9979175 566.919 574.9503525 585.8163 351.01734749999997 562.194675 554.635755 587.2335975 580.14711 539.9903475 558.8876475 575.8952175 557.4703499999999 556.0530524999999 558.8876475 561.24981 569.2811624999999 566.4465675 568.80873 546.13197 565.02927 565.5017025 565.02927 752.5849724999999 565.02927 568.80873 577.7849474999999 549.91143 572.5881899999999 572.5881899999999 588.650895 563.13954 551.80116 574.9503525 561.24981 561.7222425 601.879005 561.24981 572.5881899999999 644.39793 576.36765 592.9027874999999 565.9741349999999 563.13954 567.8638649999999 593.37522 581.5644075 553.2184575 600.4617075 582.5092725 553.69089 521.56548 572.1157575 561.24981 543.297375 582.5092725 608.0206274999999
1.670000 121.41515249999999 532.4314274999999 530.5416974999999 592.9027874999999 551.3287275 527.2346699999999 564.084405 564.084405 524.400075 533.848725 545.187105 538.57305 514.951425 549.91143 568.80873 571.1708924999999 548.0217 453.5352 541.407645 534.3211575 570.69846 533.848725 556.525485 561.7222425 570.2260275 564.084405 536.2108875 664.240095 560.304945 553.2184575 544.7146725 576.36765 621.7211699999999 544.2422399999999 541.8800775 551.3287275 553.2184575 410.07140999999996 550.3838625 558.415215 671.7990149999999 544.2422399999999 558.415215 548.966565 554.1633224999999 551.3287275 663.7676624999999 547.076835 574.9503525 599.989275 570.2260275 549.4389975 555.1081875 565.5017025 593.37522 566.919 540.46278 583.92657 583.4541375 555.58062 589.5957599999999 571.1708924999999 564.5568375 552.2735925 543.7698075 568.80873 569.753595 551.80116 498.88872 575.8952175 580.14711 577.312515 537.1557525 466.76331 573.0606225 555.1081875 573.533055 554.1633224999999 581.5644075 591.0130575 582.5092725 519.67575 572.1157575 565.5017025 586.761165 558.415215 589.1233275 575.8952175 565.02927 606.6033299999999 581.5644075 360.46599749999996 593.8476525 577.312515 568.3362975 568.80873 581.0919749999999 512.1168299999999 600.93414 571.643325
1.680000 561.24981 520.6206149999999 568.3362975 544.7146725 522.0379125 558.8876475 545.6595374999999 543.297375 414.32330249999995 550.8562949999999 645.8152275 542.3525099999999 564.084405 556.0530524999999 556.9979175 545.187105 565.02927 564.5568375 574.4779199999999 620.3038725 559.8325125 549.4389975 581.5644075 540.46278 566.919 546.13197 551.80116 534.3211575 563.6119725 562.6671074999999 488.96763749999997 565.5017025 543.7698075 938.250945 539.9903475 574.0054875 567.3914325 555.1081875 573.0606225 569.753595 550.3838625 567.3914325 560.304945 568.3362975 551.80116 585.8163 568.3362975 562.6671074999999 594.7925174999999 552.2735925 560.304945 580.14711 558.415215 586.761165 560.304945 496.99899 544.7146725 566.4465675 545.6595374999999 543.7698075 716.20767 630.224955 547.5492674999999 531.958995 535.7384549999999 590.540625 581.5644075 539.517915 567.8638649999999 571.643325 667.5471225 579.202245 565.02927 555.58062 541.407645 563.6119725 635.4217125 562.6671074999999 549.4389975 591.0130575 581.5644075 579.202245 554.1633224999999 507.39250499999997 576.36765 733.6876725 596.6822475 600.4617075 564.084405 594.320085 545.187105 575.8952175 578.25738 582.9817049999999 590.0681925 582.03684 570.2260275 594.320085 584.3990024999999 576.8400825
1.690000 562.194675 544.2422399999999 547.076835 551.80116 537.628185 577.312515 551.3287275 573.533055 541.8800775 563.13954 555.58062 547.076835 544.2422399999999 565.02927 536.68332 574.4779199999999 552.7460249999999 577.312515 576.36765 571.643325 549.4389975 561.7222425 560.7773775 411.96114 571.1708924999999 559.3600799999999 574.4779199999999 538.1006175 568.3362975 545.187105 574.0054875 560.7773775 560.304945 559.3600799999999 578.7298125 620.776305 561.24981 578.25738 495.10925999999995 550.8562949999999 568.80873 573.533055 548.4941325 578.25738 546.6044025 569.2811624999999 595.26495 583.92657 548.0217 558.8876475 558.8876475 572.5881899999999 572.1157575 560.7773775 553.69089 517.78602 577.312515 550.3838625 568.80873 545.6595374999999 556.525485 542.3525099999999 547.076835 577.312515 538.57305 560.304945 575.8952175 563.6119725 556.525485 556.9979175 543.297375 576.36765 575.8952175 548.4941325 519.2033175 594.7925174999999 565.02927 563.6119725 549.4389975 571.1708924999999 590.540625 576.36765 572.5881899999999 566.919 587.7060299999999 577.312515 572.1157575 574.9503525 566.919 598.5719775 600.4617075 575.8952175 595.7373825 540.9352124999999 561.7222425 572.5881899999999 463.4562825 297.632475 599.989275 557.4703499999999
1.700000 541.407645 377.4735675 552.2735925 536.68332 550.3838625 531.01413 530.069265 541.8800775 554.635755 574.9503525 643.9254975 642.9806325 564.084405 536.2108875 548.4941325 565.02927 555.1081875 558.415215 25.038922499999998 576.8400825 552.2735925 541.8800775 577.312515 502.66817999999995 545.6595374999999 491.3298 553.2184575 544.7146725 559.8325125 579.6746774999999 558.8876475 557.4703499999999 565.02927 552.2735925 544.7146725 576.8400825 568.80873 545.6595374999999 548.4941325 548.0217 574.0054875 546.6044025 535.2660225 551.3287275 735.5774025 582.5092725 565.5017025 557.4703499999999 562.194675 599.5168424999999 575.422785 550.8562949999999 582.5092725 549.4389975 614.6346824999999 579.6746774999999 587.2335975 594.320085 578.7298125 554.1633224999999 560.304945 551.80116 543.7698075 545.6595374999999 428.023845 544.2422399999999 593.37522 543.297375 556.525485 578.7298125 567.3914325 576.8400825 557.9427825 565.5017025 575.8952175 564.084405 569.2811624999999 602.8238699999999 572.1157575 582.5092725 564.084405 566.4465675 596.6822475 585.3438675 579.202245 565.5017025 594.320085 512.1168299999999 583.4541375 588.1784625 568.80873 585.8163 602.3514375 589.1233275 512.1168299999999 585.8163 571.643325 600.4617075 558.415215 564.084405
1.710000 519.67575 554.1633224999999 548.4941325 556.525485 566.919 520.1481825 521.56548 537.1557525 541.407645 561.7222425 607.548195 546.6044025 537.1557525 546.6044025 563.6119725 546.6044025 584.3990024999999 553.2184575 555.58062 568.80873 591.0130575 615.5795475 548.4941325 564.084405 297.632475 544.2422399999999 574.0054875 560.304945 570.69846 550.8562949999999 537.628185 568.3362975 580.14711 592.430355 569.753595 584.3990024999999 563.13954 555.58062 563.6119725 535.2660225 653.84658 543.297375 564.084405 545.6595374999999 574.9503525 579.6746774999999 585.3438675 560.7773775 568.80873 561.7222425 627.39036 520.1481825 566.4465675 557.4703499999999 560.304945 507.39250499999997 553.69089 583.92657 576.36765 569.2811624999999 577.7849474999999 557.9427825 574.9503525 567.3914325 569.753595 578.25738 572.5881899999999 566.919 547.076835 561.24981 617.94171 552.2735925 585.8163 574.9503525 577.7849474999999 550.8562949999999 463.4562825 582.9817049999999 555.1081875 562.194675 556.9979175 595.7373825 576.8400825 555.1081875 552.2735925 600.93414 574.9503525 589.5957599999999 561.24981 569.753595 571.1708924999999 554.635755 183.7762425 568.3362975 325.5059925 577.7849474999999 680.3027999999999 636.3665775 589.5957599999999 594.320085
1.720000 531.01413 546.13197 563.13954 547.5492674999999 540.9352124999999 547.5492674999999 546.13197 557.9427825 537.1557525 594.7925174999999 549.91143 536.2108875 560.7773775 534.3211575 563.13954 559.8325125 582.03684 574.9503525 571.643325 568.80873 586.2887324999999 573.533055 565.5017025 565.02927 552.7460249999999 576.36765 556.525485 568.3362975 551.3287275 581.5644075 487.0779075 554.1633224999999 547.076835 562.194675 578.25738 557.9427825 556.9979175 562.6671074999999 582.03684 551.80116 562.6671074999999 557.9427825 547.076835 558.8876475 537.628185 576.8400825 581.5644075 558.415215 542.3525099999999 569.2811624999999 585.8163 589.5957599999999 587.2335975 691.1687475 550.3838625 599.5168424999999 561.24981 569.753595 576.8400825 563.13954 581.0919749999999 577.7849474999999 559.3600799999999 562.194675 568.3362975 565.5017025 588.1784625 598.0995449999999 577.312515 587.7060299999999 571.643325 556.0530524999999 561.7222425 561.24981 583.4541375 575.8952175 578.25738 574.0054875 570.2260275 601.879005 563.13954 574.0054875 584.3990024999999 556.9979175 575.8952175 576.8400825 557.4703499999999 566.919 600.93414 589.5957599999999 506.44764 575.422785 582.03684 556.9979175 452.11790249999996 567.8638649999999 571.643325 588.650895 210.2324625 592.430355
1.730000 527.2346699999999 543.297375 530.5416974999999 556.9979175 555.1081875 560.304945 529.1243999999999 540.9352124999999 548.0217 534.79359 585.3438675 554.635755 531.958995 571.1708924999999 548.4941325 545.187105 557.9427825 568.80873 564.5568375 588.1784625 566.4465675 656.2087425 563.13954 555.58062 612.7449525 542.3525099999999 586.2887324999999 567.3914325 536.68332 551.80116 566.4465675 570.69846 575.422785 567.8638649999999 582.03684 564.5568375 560.304945 573.0606225 558.8876475 549.91143 557.9427825 551.3287275 553.2184575 542.3525099999999 1.88973 590.0681925 592.430355 553.2184575 410.07140999999996 560.304945 573.533055 598.0995449999999 544.2422399999999 571.1708924999999 558.8876475 573.0606225 572.1157575 648.6498224999999 584.871435 577.312515 560.7773775 567.8638649999999 576.36765 577.7849474999999 578.7298125 570.69846 583.92657 590.0681925 551.80116 551.3287275 571.643325 564.5568375 569.753595 598.0995449999999 574.0054875 94.95893249999999 559.3600799999999 575.8952175 552.7460249999999 591.48549 576.8400825 514.0065599999999 558.8876475 584.3990024999999 591.48549 587.2335975 575.8952175 585.8163 583.92657 582.5092725 598.5719775 598.0995449999999 587.2335975 589.5957599999999 514.951425 585.8163 569.2811624999999 617.4692775 562.194675 594.320085
1.740000 454.0076325 554.1633224999999 194.1697575 568.80873 819.197955 543.297375 541.8800775 535.7384549999999 551.3287275 545.187105 554.1633224999999 572.1157575 539.9903475 460.62168749999995 571.643325 567.3914325 557.9427825 573.533055 577.312515 555.1081875 560.7773775 569.753595 579.6746774999999 576.36765 568.80873 548.0217 564.5568375 564.5568375 539.517915 561.24981 573.0606225 558.415215 562.6671074999999 543.7698075 547.5492674999999 535.7384549999999 538.57305 613.2173849999999 562.6671074999999 562.6671074999999 588.1784625 580.14711 560.304945 558.8876475 550.8562949999999 551.3287275 564.084405 580.14711 577.7849474999999 569.753595 560.304945 569.2811624999999 604.7135999999999 587.2335975 551.80116 569.753595 549.91143 550.8562949999999 599.989275 568.80873 582.9817049999999 583.92657 556.0530524999999 584.3990024999999 608.0206274999999 568.80873 579.202245 576.8400825 572.5881899999999 551.3287275 574.9503525 545.187105 919.8260775 561.24981 579.6746774999999 556.0530524999999 564.084405 559.8325125 574.9503525 243.77516999999997 581.0919749999999 597.6271125 587.7060299999999 561.24981 599.5168424999999 600.93414 585.3438675 587.2335975 599.5168424999999 565.9741349999999 545.6595374999999 602.3514375 681.7200975 587.2335975 504.08547749999997 558.415215 622.1936025 571.643325 566.4465675 550.3838625
1.750000 560.304945 520.1481825 445.97628 548.4941325 549.4389975 567.3914325 675.5784749999999 645.342795 553.2184575 632.114685 565.5017025 549.91143 548.0217 498.88872 545.187105 544.7146725 548.966565 553.2184575 571.643325 567.3914325 533.848725 572.5881899999999 561.24981 578.7298125 531.4865625 579.202245 560.7773775 618.886575 557.9427825 565.5017025 590.0681925 582.9817049999999 568.3362975 536.2108875 565.5017025 567.3914325 571.643325 579.6746774999999 552.7460249999999 557.4703499999999 560.304945 537.1557525 582.9817049999999 591.9579225 561.24981 566.4465675 567.3914325 554.1633224999999 576.8400825 551.3287275 563.13954 560.304945 562.194675 550.3838625 602.8238699999999 559.3600799999999 557.4703499999999 821.5601174999999 586.2887324999999 576.8400825 591.9579225 576.36765 565.02927 563.6119725 580.6195425 567.8638649999999 607.0757625 563.6119725 568.80873 574.9503525 568.80873 575.8952175 583.4541375 565.5017025 551.80116 550.8562949999999 533.848725 555.58062 513.061695 576.8400825 619.8314399999999 566.4465675 548.4941325 578.25738 564.084405 571.643325 587.2335975 595.26495 239.52327749999998 638.72874 576.36765 520.6206149999999 570.2260275 582.5092725 588.1784625 570.2260275 526.7622375 562.194675 582.9817049999999 583.4541375
1.760000 551.3287275 557.9427825 547.5492674999999 553.2184575 582.5092725 548.4941325 575.422785 565.5017025 574.0054875 604.7135999999999 553.2184575 584.871435 685.97199 539.517915 501.2508825 554.635755 568.3362975 627.39036 559.8325125 564.084405 578.7298125 582.03684 548.0217 587.7060299999999 559.3600799999999 553.2184575 539.517915 577.312515 602.3514375 578.7298125 506.44764 580.6195425 577.7849474999999 556.9979175 571.643325 560.304945 588.1784625 560.304945 539.0454824999999 560.304945 548.4941325 569.2811624999999 564.5568375 557.9427825 556.9979175 585.3438675 585.8163 543.7698075 588.1784625 573.533055 591.9579225 576.8400825 708.1763175 562.194675 568.80873 630.224955 596.2098149999999 569.753595 596.2098149999999 587.2335975 578.25738 561.24981 587.2335975 558.8876475 670.85415 571.1708924999999 566.919 553.69089 574.4779199999999 587.7060299999999 558.415215 585.3438675 551.3287275 563.13954 590.540625 599.989275 589.1233275 559.8325125 567.3914325 562.6671074999999 600.4617075 582.9817049999999 575.422785 556.0530524999999 575.8952175 591.48549 586.2887324999999 579.202245 577.7849474999999 576.36765 567.3914325 580.6195425 574.4779199999999 572.5881899999999 563.13954 514.4789925 652.901715 582.9817049999999 618.886575 590.540625
1.770000 539.0454824999999 545.6595374999999 559.3600799999999 548.4941325 541.8800775 83.6205525 548.4941325 607.0757625 561.24981 565.9741349999999 539.0454824999999 556.525485 560.304945 551.80116 567.3914325 554.1633224999999 619.8314399999999 545.187105 565.5017025 546.13197 556.525485 547.5492674999999 587.2335975 572.1157575 579.202245 555.1081875 555.1081875 586.761165 543.297375 574.9503525 548.4941325 566.919 580.6195425 423.7719525 567.8638649999999 551.80116 582.03684 564.5568375 634.4768475 595.26495 591.48549 627.8627925 565.9741349999999 592.9027874999999 572.1157575 557.9427825 576.8400825 581.5644075 578.25738 557.4703499999999 525.8173724999999 564.5568375 563.6119725 579.6746774999999 574.9503525 548.4941325 580.6195425 572.5881899999999 580.6195425 588.650895 554.1633224999999 566.4465675 590.540625 591.0130575 559.3600799999999 603.768735 437.472495 553.2184575 584.3990024999999 576.36765 587.2335975 589.1233275 562.194675 562.194675 584.871435 569.753595 497.943855 574.0054875 561.7222425 572.1157575 596.6822475 599.989275 580.14711 577.312515 569.2811624999999 572.5881899999999 560.7773775 527.7071025 566.919 573.0606225 566.4465675 580.6195425 553.69089 583.92657 581.0919749999999 592.9027874999999 579.202245 557.9427825 594.7925174999999 611.3276549999999
1.780000 95.9037975 542.8249425 564.084405 561.7222425 566.4465675 564.5568375 580.6195425 547.076835 560.304945 556.9979175 560.304945 568.80873 550.8562949999999 570.2260275 572.5881899999999 220.62597749999998 551.3287275 566.4465675 557.9427825 568.80873 561.24981 543.7698075 545.187105 558.8876475 581.0919749999999 561.7222425 555.58062 554.1633224999999 572.1157575 586.761165 566.919 585.8163 561.7222425 574.0054875 573.0606225 591.9579225 546.13197 548.4941325 565.9741349999999 559.8325125 553.69089 504.55791 559.3600799999999 579.6746774999999 568.3362975 480.4638525 589.1233275 596.2098149999999 611.8000875 571.1708924999999 587.7060299999999 561.24981 599.5168424999999 591.0130575 583.4541375 547.5492674999999 581.0919749999999 599.04441 574.4779199999999 572.1157575 574.0054875 574.0054875 574.9503525 560.304945 579.202245 592.430355 586.761165 574.0054875 573.533055 933.52662 504.55791 571.1708924999999 565.02927 572.1157575 568.80873 103.4627175 582.9817049999999 579.202245 564.5568375 578.7298125 587.2335975 576.8400825 571.643325 568.3362975 562.194675 566.919 561.24981 582.9817049999999 579.6746774999999 561.24981 542.3525099999999 591.48549 595.26495 561.24981 577.312515 559.3600799999999 531.958995 591.9579225 610.8552225 606.1308975
1.790000 517.78602 650.0671199999999 542.3525099999999 553.69089 531.958995 547.5492674999999 560.304945 492.7470975 571.1708924999999 563.6119725 544.7146725 565.02927 582.9817049999999 540.46278 575.8952175 584.3990024999999 584.3990024999999 568.3362975 577.312515 544.7146725 575.8952175 553.69089 570.2260275 568.80873 570.2260275 544.2422399999999 554.635755 577.312515 552.2735925 568.3362975 578.7298125 558.8876475 565.02927 597.15468 541.407645 568.3362975 569.2811624999999 29.7632475 581.0919749999999 386.44978499999996 576.8400825 558.415215 573.533055 570.2260275 545.6595374999999 581.5644075 593.37522 600.4617075 572.5881899999999 577.312515 757.3092975 554.635755 600.93414 580.14711 560.304945 554.635755 581.0919749999999 565.02927 561.7222425 503.613045 591.0130575 565.9741349999999 549.4389975 557.9427825 600.93414 567.3914325 602.3514375 561.24981 582.9817049999999 568.3362975 644.8703624999999 570.69846 589.5957599999999 567.3914325 592.9027874999999 571.1708924999999 556.9979175 576.36765 573.533055 566.919 585.3438675 578.7298125 610.8552225 577.7849474999999 581.0919749999999 473.377365 577.312515 392.5914075 569.2811624999999 608.0206274999999 586.761165 593.8476525 592.9027874999999 592.9027874999999 596.6822475 555.58062 585.3438675 609.9103574999999 595.7373825 596.2098149999999
1.800000 544.7146725 542.3525099999999 553.69089 612.27252 557.9427825 531.958995 637.3114425 567.3914325 555.58062 582.5092725 575.8952175 535.2660225 561.7222425 562.194675 573.0606225 556.525485 575.422785 566.4465675 554.635755 562.194675 534.79359 553.69089 574.4779199999999 589.5957599999999 510.22709999999995 565.02927 546.13197 568.3362975 582.5092725 562.6671074999999 562.194675 565.02927 565.02927 555.1081875 569.753595 560.7773775 578.7298125 550.8562949999999 541.8800775 561.7222425 559.8325125 587.7060299999999 574.0054875 647.7049575 573.0606225 572.5881899999999 580.6195425 561.24981 590.0681925 585.3438675 576.8400825 566.919 575.422785 593.8476525 588.1784625 596.2098149999999 694.475775 579.6746774999999 580.6195425 567.8638649999999 582.5092725 603.2963025 856.5201225 590.0681925 562.6671074999999 581.5644075 559.8325125 581.5644075 578.25738 587.7060299999999 482.826015 566.919 589.1233275 604.2411675 585.3438675 566.919 522.510345 608.49306 583.92657 574.9503525 586.761165 597.6271125 589.1233275 571.1708924999999 580.14711 562.194675 581.0919749999999 599.04441 389.28438 583.4541375 599.04441 575.422785 594.320085 597.6271125 580.14711 589.5957599999999 609.437925 599.5168424999999 620.776305 590.0681925
1.810000 622.1936025 522.510345 544.7146725 560.7773775 547.076835 547.076835 539.9903475 562.194675 581.0919749999999 479.04655499999996 540.46278 569.2811624999999 408.18168 539.0454824999999 552.2735925 571.1708924999999 557.4703499999999 566.919 576.36765 584.871435 622.666035 567.8638649999999 584.3990024999999 593.8476525 548.966565 574.4779199999999 564.084405 574.4779199999999 589.1233275 548.4941325 588.1784625 578.7298125 550.3838625 548.966565 572.5881899999999 538.57305 592.9027874999999 576.36765 554.635755 578.7298125 558.8876475 573.0606225 555.58062 580.14711 582.03684 555.58062 583.92657 521.0930475 593.8476525 589.5957599999999 599.989275 596.6822475 574.4779199999999 576.8400825 599.5168424999999 594.7925174999999 598.0995449999999 595.26495 581.5644075 593.8476525 580.14711 584.3990024999999 770.064975 568.80873 566.919 598.0995449999999 578.7298125 590.540625 563.6119725 546.13197 565.02927 596.6822475 558.8876475 574.0054875 581.5644075 629.7525224999999 573.533055 605.658465 591.48549 596.2098149999999 584.871435 533.848725 584.3990024999999 584.3990024999999 602.3514375 565.02927 601.4065724999999 592.430355 606.6033299999999 596.2098149999999 582.03684 593.8476525 618.4141425 580.14711 562.194675 608.49306 600.4617075 625.50063 602.8238699999999 594.7925174999999
1.820000 547.076835 583.92657 560.7773775 569.753595 548.0217 574.4779199999999 575.8952175 573.0606225 587.2335975 505.502775 547.076835 548.966565 557.9427825 573.0606225 563.6119725 568.80873 591.9579225 558.415215 555.1081875 551.80116 578.25738 558.415215 576.36765 578.7298125 579.6746774999999 560.304945 576.8400825 569.2811624999999 241.88544 557.4703499999999 562.194675 564.084405 569.753595 575.8952175 587.7060299999999 590.0681925 570.69846 561.24981 557.9427825 565.02927 576.36765 585.3438675 598.0995449999999 604.2411675 574.9503525 327.868155 583.4541375 602.8238699999999 595.26495 592.9027874999999 574.0054875 562.6671074999999 569.2811624999999 555.58062 569.2811624999999 567.3914325 590.540625 601.4065724999999 640.61847 548.966565 571.643325 601.879005 563.6119725 564.084405 584.3990024999999 572.1157575 574.4779199999999 599.04441 593.37522 582.5092725 588.650895 721.4044275 581.5644075 574.4779199999999 561.7222425 579.202245 598.5719775 582.9817049999999 581.0919749999999 574.9503525 564.5568375 573.0606225 597.15468 657.62604 578.25738 554.635755 570.69846 571.643325 604.2411675 600.93414 573.0606225 596.2098149999999 607.548195 576.36765 608.9654925 558.415215 610.38279 582.5092725 531.4865625 589.1233275
1.830000 548.0217 554.635755 566.4465675 577.312515 551.3287275 552.7460249999999 562.194675 554.635755 547.5492674999999 573.533055 571.643325 556.0530524999999 739.829295 574.9503525 562.194675 580.6195425 586.2887324999999 385.9773525 595.7373825 561.7222425 551.3287275 548.4941325 581.0919749999999 553.2184575 571.643325 545.6595374999999 563.13954 564.084405 573.533055 552.7460249999999 516.3687225 567.8638649999999 557.9427825 579.202245 575.8952175 574.4779199999999 557.4703499999999 563.13954 567.8638649999999 576.8400825 580.14711 621.7211699999999 573.533055 601.879005 575.422785 580.6195425 568.80873 599.04441 569.753595 594.320085 589.5957599999999 587.2335975 557.4703499999999 554.635755 517.3135874999999 581.5644075 598.5719775 324.088695 619.8314399999999 591.9579225 570.2260275 586.761165 580.14711 595.7373825 588.1784625 598.0995449999999 582.9817049999999 566.919 594.7925174999999 574.0054875 574.4779199999999 577.7849474999999 584.871435 556.0530524999999 577.7849474999999 593.8476525 582.5092725 688.3341525 583.92657 592.430355 587.2335975 586.2887324999999 594.7925174999999 590.0681925 581.5644075 586.2887324999999 566.919 577.312515 608.0206274999999 563.13954 582.03684 760.1438925 592.9027874999999 591.9579225 595.7373825 571.1708924999999 542.8249425 611.3276549999999 607.548195 601.4065724999999
1.840000 568.80873 554.1633224999999 543.297375 541.8800775 570.2260275 100.15568999999999 562.194675 573.533055 569.753595 537.628185 586.2887324999999 560.7773775 624.0833325 557.9427825 565.02927 551.80116 686.4444225 563.6119725 576.8400825 582.03684 564.084405 567.3914325 571.1708924999999 551.3287275 585.8163 579.202245 578.25738 601.879005 562.194675 581.0919749999999 582.5092725 581.0919749999999 582.9817049999999 585.8163 565.5017025 588.650895 592.9027874999999 590.540625 571.643325 602.8238699999999 575.8952175 589.1233275 516.3687225 582.9817049999999 553.2184575 589.5957599999999 599.5168424999999 594.320085 569.753595 409.5989775 593.37522 589.1233275 587.7060299999999 635.894145 574.4779199999999 592.430355 526.289805 571.643325 602.8238699999999 574.4779199999999 571.1708924999999 573.0606225 573.533055 565.9741349999999 575.8952175 652.901715 587.2335975 592.9027874999999 572.1157575 593.37522 598.0995449999999 558.415215 580.14711 568.80873 556.9979175 570.2260275 578.7298125 589.5957599999999 572.5881899999999 603.768735 597.6271125 607.548195 601.879005 601.4065724999999 621.2487375 595.26495 595.7373825 778.56876 602.8238699999999 610.8552225 592.430355 607.0757625 614.6346824999999 605.1860325 563.13954 653.3741474999999 616.5244124999999 809.2768725 600.4617075 595.7373825
1.850000 544.7146725 541.8800775 576.8400825 534.79359 568.3362975 599.04441 574.0054875 556.9979175 564.084405 567.8638649999999 505.97520749999995 559.3600799999999 556.0530524999999 585.8163 579.202245 598.5719775 591.48549 550.3838625 565.5017025 566.4465675 580.6195425 545.6595374999999 756.836865 588.1784625 568.80873 543.7698075 497.943855 564.084405 581.0919749999999 565.5017025 564.5568375 577.312515 762.0336225 874.0001249999999 571.1708924999999 569.2811624999999 568.3362975 568.3362975 582.03684 584.3990024999999 563.13954 572.1157575 573.0606225 584.871435 564.5568375 560.304945 646.7600924999999 570.69846 578.25738 590.540625 571.643325 566.919 476.21196 575.8952175 567.3914325 571.1708924999999 596.2098149999999 578.25738 581.5644075 577.7849474999999 570.2260275 589.1233275 586.761165 574.0054875 573.533055 570.69846 591.9579225 581.0919749999999 586.761165 694.0033424999999 596.2098149999999 582.5092725 575.422785 597.6271125 589.5957599999999 591.0130575 607.548195 593.37522 564.084405 600.4617075 652.901715 615.107115 580.6195425 590.0681925 582.9817049999999 604.2411675 587.2335975 608.49306 564.084405 602.3514375 581.0919749999999 599.04441 618.886575 604.7135999999999 595.7373825 609.9103574999999 581.0919749999999 594.7925174999999 581.5644075 576.8400825
1.860000 551.80116 565.02927 566.4465675 572.5881899999999 785.6552475 580.14711 582.5092725 702.5071274999999 542.8249425 562.6671074999999 590.540625 572.5881899999999 659.9882024999999 571.643325 559.8325125 590.540625 556.0530524999999 591.48549 581.0919749999999 557.9427825 571.643325 557.9427825 582.03684 581.0919749999999 599.989275 570.69846 593.37522 586.2887324999999 570.69846 579.6746774999999 711.483345 559.8325125 563.6119725 574.4779199999999 582.9817049999999 570.69846 565.9741349999999 565.02927 585.3438675 568.3362975 564.5568375 564.084405 579.6746774999999 575.8952175 570.2260275 557.4703499999999 606.1308975 573.533055 603.2963025 581.0919749999999 579.202245 427.55141249999997 605.658465 605.658465 595.7373825 527.2346699999999 518.730885 587.2335975 581.5644075 587.7060299999999 587.2335975 597.6271125 583.92657 569.753595 605.658465 612.7449525 574.4779199999999 595.26495 586.761165 566.4465675 589.5957599999999 589.1233275 583.92657 580.6195425 618.886575 563.6119725 587.2335975 585.8163 608.0206274999999 591.48549 601.4065724999999 591.9579225 706.2865875 616.5244124999999 613.6898175 585.8163 586.2887324999999 590.540625 582.9817049999999 602.8238699999999 610.8552225 578.25738 584.871435 592.9027874999999 608.49306 606.6033299999999 538.1006175 611.3276549999999 617.94171 602.8238699999999
1.870000 361.883295 552.7460249999999 578.25738 558.8876475 581.0919749999999 572.5881899999999 621.7211699999999 572.5881899999999 563.6119725 664.240095 563.6119725 574.0054875 578.7298125 571.643325 583.4541375 560.304945 572.5881899999999 585.8163 578.7298125 562.6671074999999 587.7060299999999 572.5881899999999 577.7849474999999 555.58062 604.7135999999999 549.4389975 567.8638649999999 554.1633224999999 568.3362975 587.2335975 601.4065724999999 554.635755 590.0681925 564.5568375 569.2811624999999 588.1784625 590.540625 587.2335975 586.2887324999999 570.2260275 574.9503525 572.5881899999999 589.1233275 555.1081875 598.0995449999999 595.7373825 604.2411675 587.2335975 655.2638774999999 585.3438675 775.2617325 581.5644075 596.2098149999999 585.3438675 574.9503525 569.753595 565.02927 591.48549 613.2173849999999 642.9806325 582.03684 600.93414 593.8476525 599.5168424999999 580.14711 597.15468 585.8163 591.0130575 605.1860325 606.6033299999999 585.3438675 586.2887324999999 579.202245 578.7298125 619.8314399999999 605.658465 597.6271125 653.84658 578.25738 577.312515 581.5644075 580.14711 615.5795475 587.7060299999999 610.8552225 612.7449525 599.989275 599.5168424999999 608.9654925 588.1784625 654.3190125 518.730885 579.6746774999999 586.761165 602.3514375 619.8314399999999 587.2335975 625.0281974999999 607.548195 627.39036
1.880000 540.9352124999999 563.13954 618.4141425 562.194675 569.753595 541.407645 576.8400825 595.7373825 563.6119725 598.0995449999999 564.5568375 465.3460125 665.6573925 584.3990024999999 587.7060299999999 585.8163 436.52763 602.3514375 570.69846 551.3287275 577.312515 578.25738 594.7925174999999 553.2184575 587.7060299999999 566.919 554.1633224999999 555.1081875 580.6195425 581.5644075 583.92657 649.5946875 510.22709999999995 568.80873 557.4703499999999 578.25738 568.80873 472.4325 584.871435 577.7849474999999 553.2184575 578.7298125 596.2098149999999 582.5092725 570.69846 590.0681925 585.8163 587.2335975 591.48549 587.2335975 518.730885 609.9103574999999 559.3600799999999 612.7449525 579.6746774999999 604.2411675 581.0919749999999 571.1708924999999 385.50491999999997 609.437925 583.92657 564.084405 600.4617075 591.9579225 617.94171 588.1784625 598.5719775 605.1860325 570.69846 570.69846 589.1233275 586.2887324999999 578.7298125 602.3514375 592.9027874999999 576.36765 583.4541375 599.5168424999999 591.0130575 591.0130575 561.24981 605.1860325 595.7373825 617.4692775 610.8552225 593.37522 596.2098149999999 596.6822475 596.6822475 607.0757625 594.7925174999999 594.7925174999999 589.1233275 653.3741474999999 587.7060299999999 605.658465 624.0833325 616.5244124999999 578.7298125 685.97199
1.890000 691.1687475 552.2735925 560.7773775 565.9741349999999 580.14711 518.2584525 619.3590075 585.8163 558.415215 567.3914325 571.643325 564.5568375 563.6119725 655.2638774999999 559.8325125 589.1233275 594.320085 568.3362975 754.4747024999999 608.9654925 590.0681925 626.4454949999999 573.0606225 556.9979175 581.0919749999999 591.9579225 556.9979175 572.1157575 574.0054875 573.0606225 513.061695 565.02927 488.96763749999997 581.5644075 581.5644075 594.7925174999999 573.533055 603.2963025 549.91143 573.533055 598.5719775 581.5644075 565.5017025 583.92657 589.5957599999999 710.0660475 604.2411675 557.4703499999999 578.25738 527.7071025 591.9579225 737.4671324999999 591.0130575 577.312515 577.7849474999999 599.04441 599.04441 620.776305 596.2098149999999 587.2335975 597.6271125 589.5957599999999 606.6033299999999 581.5644075 599.04441 595.7373825 582.9817049999999 593.8476525 604.7135999999999 594.320085 585.3438675 612.27252 648.6498224999999 604.7135999999999 583.4541375 599.04441 606.1308975 604.2411675 585.3438675 627.39036 564.084405 601.4065724999999 603.768735 600.4617075 605.658465 601.4065724999999 593.37522 501.72331499999996 600.4617075 589.5957599999999 616.05198 591.0130575 631.6422524999999 590.0681925 578.25738 580.14711 573.0606225 597.15468 612.7449525 593.37522
1.900000 559.3600799999999 556.0530524999999 549.91143 573.0606225 578.25738 568.3362975 578.25738 611.3276549999999 577.312515 569.753595 573.0606225 569.2811624999999 576.8400825 574.9503525 582.03684 593.8476525 587.7060299999999 548.966565 575.8952175 600.93414 586.2887324999999 559.3600799999999 567.3914325 615.5795475 427.07898 595.7373825 839.04012 582.03684 571.643325 561.24981 587.2335975 557.9427825 599.5168424999999 565.02927 591.9579225 592.9027874999999 677.468205 586.761165 604.7135999999999 587.2335975 555.1081875 552.7460249999999 573.533055 591.0130575 567.8638649999999 607.0757625 599.5168424999999 615.107115 445.5038475 588.650895 583.92657 582.9817049999999 574.0054875 564.5568375 567.3914325 609.9103574999999 579.202245 588.650895 592.430355 588.650895 588.1784625 596.2098149999999 581.0919749999999 587.2335975 586.761165 571.643325 602.3514375 570.2260275 577.312515 577.7849474999999 535.2660225 596.2098149999999 586.2887324999999 589.1233275 492.7470975 580.14711 608.49306 438.41736 577.312515 581.5644075 544.7146725 612.27252 601.879005 582.5092725 610.38279 619.3590075 603.2963025 570.69846 619.3590075 613.6898175 601.4065724999999 575.8952175 583.92657 607.0757625 582.9817049999999 613.2173849999999 598.5719775 600.93414 616.05198 616.05198
1.910000 577.312515 543.7698075 551.80116 562.194675 550.8562949999999 571.1708924999999 570.2260275 449.75574 556.9979175 565.02927 620.3038725 574.9503525 581.5644075 595.7373825 526.289805 569.753595 589.1233275 600.4617075 575.422785 561.24981 576.8400825 627.39036 588.650895 587.7060299999999 579.202245 601.4065724999999 573.0606225 597.6271125 574.9503525 594.7925174999999 557.9427825 578.25738 601.879005 352.434645 589.5957599999999 361.883295 603.768735 557.9427825 556.0530524999999 599.5168424999999 573.0606225 635.4217125 574.9503525 571.1708924999999 582.9817049999999 577.7849474999999 573.0606225 525.34494 571.1708924999999 592.9027874999999 581.5644075 589.5957599999999 589.1233275 598.5719775 593.37522 599.04441 599.04441 588.1784625 595.26495 612.27252 587.2335975 590.540625 583.92657 607.0757625 572.5881899999999 577.312515 612.27252 585.8163 584.3990024999999 580.14711 574.0054875 579.202245 588.650895 576.8400825 582.9817049999999 615.5795475 608.9654925 590.0681925 590.0681925 571.643325 586.2887324999999 591.9579225 628.8076575 595.26495 614.16225 597.6271125 598.0995449999999 586.2887324999999 627.8627925 572.5881899999999 566.919 592.430355 271.6486875 674.63361 525.8173724999999 588.650895 254.64111749999998 619.3590075 604.7135999999999 601.879005
1.920000 559.3600799999999 540.46278 579.6746774999999 586.2887324999999 589.1233275 584.3990024999999 578.25738 629.7525224999999 565.5017025 587.7060299999999 580.14711 562.194675 583.4541375 590.0681925 559.3600799999999 596.6822475 640.61847 595.7373825 580.6195425 591.48549 560.7773775 588.1784625 602.8238699999999 514.951425 605.1860325 575.8952175 576.36765 613.2173849999999 577.7849474999999 580.6195425 574.9503525 484.2433125 582.03684 566.4465675 577.312515 556.9979175 575.8952175 577.7849474999999 587.2335975 591.9579225 578.25738 562.6671074999999 315.1124775 578.25738 578.25738 590.540625 577.7849474999999 587.2335975 579.202245 592.9027874999999 575.8952175 614.6346824999999 593.8476525 558.415215 545.187105 574.4779199999999 592.430355 563.6119725 558.415215 607.548195 622.666035 596.2098149999999 607.548195 601.879005 590.540625 594.7925174999999 605.1860325 606.6033299999999 608.49306 608.49306 598.0995449999999 602.8238699999999 583.4541375 591.9579225 520.6206149999999 596.2098149999999 581.5644075 589.5957599999999 582.5092725 601.879005 702.5071274999999 572.1157575 587.2335975 582.5092725 573.0606225 582.03684 612.7449525 607.0757625 623.6109 594.7925174999999 617.4692775 702.5071274999999 594.320085 588.650895 583.4541375 599.04441 515.89629 615.5795475 600.4617075 546.13197
1.930000 563.6119725 550.3838625 565.9741349999999 567.8638649999999 582.5092725 570.2260275 572.1157575 571.643325 566.4465675 576.8400825 595.7373825 552.2735925 560.304945 545.187105 579.6746774999999 580.14711 591.48549 568.3362975 580.14711 561.24981 637.3114425 588.650895 596.6822475 577.7849474999999 596.2098149999999 599.989275 586.2887324999999 573.533055 562.6671074999999 600.4617075 588.1784625 481.88115 586.761165 564.084405 573.0606225 593.8476525 567.8638649999999 768.175245 566.4465675 565.9741349999999 588.650895 581.0919749999999 516.3687225 595.26495 595.26495 594.320085 592.9027874999999 793.2141674999999 438.8897925 608.9654925 604.2411675 612.27252 613.2173849999999 564.5568375 614.6346824999999 600.4617075 608.0206274999999 570.2260275 587.7060299999999 610.8552225 586.761165 581.5644075 579.6746774999999 600.4617075 584.3990024999999 489.91250249999996 604.2411675 614.16225 604.2411675 584.3990024999999 577.312515 582.9817049999999 610.8552225 574.0054875 591.48549 607.0757625 584.871435 591.9579225 585.8163 626.4454949999999 572.5881899999999 588.650895 597.6271125 623.6109 600.93414 589.1233275 574.0054875 599.04441 608.0206274999999 622.666035 654.3190125 551.80116 644.39793 586.2887324999999 593.37522 575.8952175 610.38279 624.555765 567.3914325 598.0995449999999
1.940000 549.4389975 570.2260275 565.02927 787.5449775 348.65518499999996 578.7298125 598.0995449999999 589.1233275 558.415215 588.650895 573.533055 599.989275 575.8952175 575.8952175 581.0919749999999 587.7060299999999 594.7925174999999 634.9492799999999 576.8400825 576.36765 632.114685 558.415215 584.3990024999999 597.6271125 588.650895 591.9579225 579.6746774999999 590.0681925 562.194675 581.5644075 695.4206399999999 600.93414 591.48549 587.7060299999999 583.92657 586.761165 556.9979175 587.2335975 573.533055 583.4541375 553.69089 585.3438675 600.93414 574.4779199999999 587.7060299999999 618.4141425 584.871435 594.7925174999999 599.5168424999999 607.548195 597.15468 603.768735 580.6195425 574.4779199999999 597.6271125 606.6033299999999 617.4692775 591.48549 605.1860325 607.0757625 571.1708924999999 604.2411675 583.92657 590.540625 586.761165 590.540625 587.2335975 604.7135999999999 607.548195 603.768735 602.8238699999999 591.0130575 792.2693025 585.3438675 570.69846 595.7373825 598.0995449999999 579.202245 580.6195425 607.548195 574.4779199999999 598.0995449999999 581.0919749999999 613.6898175 586.2887324999999 622.666035 588.650895 579.6746774999999 620.3038725 613.2173849999999 659.9882024999999 568.3362975 531.01413 623.6109 580.6195425 625.9730625 677.468205 619.3590075 642.9806325 614.6346824999999
1.950000 555.58062 517.78602 594.7925174999999 616.996845 587.7060299999999 585.8163 562.194675 568.80873 576.8400825 559.3600799999999 623.1384674999999 477.6292575 582.9817049999999 573.533055 533.3762925 567.3914325 597.15468 582.5092725 579.202245 572.5881899999999 581.5644075 591.48549 580.6195425 574.4779199999999 579.6746774999999 605.1860325 580.6195425 591.9579225 580.14711 590.0681925 585.3438675 593.8476525 573.533055 598.0995449999999 587.7060299999999 601.4065724999999 614.16225 606.6033299999999 585.8163 579.6746774999999 602.8238699999999 598.5719775 602.8238699999999 573.533055 561.7222425 586.2887324999999 587.2335975 588.650895 612.27252 582.5092725 591.48549 569.2811624999999 597.15468 601.879005 615.107115 579.202245 588.1784625 591.48549 586.2887324999999 619.8314399999999 597.15468 576.36765 583.4541375 662.8227975 611.3276549999999 607.548195 575.8952175 592.9027874999999 609.9103574999999 368.9697825 571.1708924999999 596.6822475 600.4617075 594.7925174999999 591.9579225 610.8552225 590.0681925 588.650895 583.92657 610.38279 589.1233275 598.5719775 668.4919874999999 584.3990024999999 166.76867249999998 620.776305 604.2411675 610.8552225 631.6422524999999 600.4617075 610.8552225 605.1860325 608.9654925 601.4065724999999 616.996845 574.9503525 615.5795475 618.886575 583.4541375 593.37522
1.960000 559.8325125 549.91143 576.36765 674.63361 573.533055 586.761165 584.871435 571.643325 596.2098149999999 575.422785 669.909285 588.1784625 595.26495 565.9741349999999 574.9503525 594.320085 597.15468 560.7773775 571.1708924999999 585.8163 599.04441 599.989275 581.5644075 585.8163 587.7060299999999 577.312515 589.5957599999999 582.5092725 591.0130575 582.03684 579.6746774999999 593.8476525 567.3914325 559.3600799999999 532.4314274999999 575.422785 599.989275 580.14711 591.9579225 573.0606225 594.320085 592.430355 602.3514375 599.989275 583.92657 600.4617075 608.49306 711.0109125 590.0681925 604.2411675 584.871435 617.94171 581.0919749999999 609.9103574999999 615.5795475 581.0919749999999 600.93414 604.2411675 581.0919749999999 604.2411675 595.7373825 595.7373825 610.8552225 590.540625 576.8400825 591.9579225 589.5957599999999 624.555765 586.2887324999999 622.666035 591.0130575 599.5168424999999 608.49306 591.48549 595.26495 583.92657 592.9027874999999 592.9027874999999 604.7135999999999 769.12011 629.7525224999999 804.080115 599.04441 610.8552225 574.9503525 622.666035 585.8163 593.37522 611.3276549999999 719.0422649999999 624.0833325 621.7211699999999 591.0130575 599.989275 604.7135999999999 621.7211699999999 615.5795475 588.1784625 614.6346824999999 610.8552225
1.970000 553.2184575 560.7773775 589.1233275 595.26495 567.3914325 585.8163 591.0130575 596.2098149999999 588.1784625 671.7990149999999 614.6346824999999 539.517915 582.03684 579.202245 610.38279 587.2335975 578.7298125 589.1233275 574.4779199999999 607.548195 578.25738 597.6271125 532.4314274999999 581.5644075 575.422785 603.2963025 408.18168 589.5957599999999 585.3438675 620.776305 587.2335975 591.0130575 603.768735 571.1708924999999 584.3990024999999 575.8952175 597.15468 586.2887324999999 570.2260275 574.0054875 588.1784625 594.320085 582.5092725 654.3190125 580.14711 602.8238699999999 598.0995449999999 600.4617075 595.26495 582.9817049999999 602.3514375 606.6033299999999 591.0130575 587.2335975 611.3276549999999 599.04441 575.8952175 599.989275 625.9730625 592.430355 624.0833325 596.2098149999999 577.312515 581.5644075 587.2335975 601.4065724999999 615.5795475 609.437925 575.422785 598.5719775 600.4617075 592.9027874999999 597.6271125 660.9330675 601.879005 614.16225 587.7060299999999 606.6033299999999 565.5017025 594.320085 618.4141425 625.50063 578.7298125 601.4065724999999 609.437925 635.4217125 613.2173849999999 610.8552225 728.9633474999999 598.5719775 603.2963025 610.38279 613.2173849999999 628.3352249999999 683.137395 592.9027874999999 632.114685 600.93414 623.6109 601.4065724999999
1.980000 574.0054875 552.7460249999999 566.919 591.48549 579.6746774999999 573.0606225 564.084405 569.753595 597.15468 576.8400825 582.5092725 566.4465675 588.650895 558.415215 599.5168424999999 594.320085 562.6671074999999 584.3990024999999 576.8400825 583.92657 562.6671074999999 606.1308975 589.1233275 587.2335975 601.879005 590.540625 591.0130575 601.879005 591.0130575 484.2433125 589.1233275 583.4541375 580.14711 593.37522 582.03684 573.0606225 565.5017025 553.2184575 589.1233275 563.13954 564.5568375 585.8163 599.989275 568.80873 592.430355 595.7373825 583.92657 574.4779199999999 619.3590075 583.4541375 609.9103574999999 535.2660225 603.768735 591.9579225 603.2963025 609.437925 598.5719775 608.0206274999999 588.1784625 598.5719775 604.2411675 600.93414 503.1406125 616.5244124999999 624.555765 615.107115 606.1308975 605.1860325 603.2963025 612.7449525 601.4065724999999 609.437925 598.5719775 600.4617075 604.7135999999999 581.0919749999999 578.25738 581.5644075 597.6271125 635.4217125 599.989275 604.7135999999999 591.48549 623.1384674999999 623.1384674999999 601.879005 602.3514375 596.6822475 604.7135999999999 616.5244124999999 609.9103574999999 629.28009 615.107115 591.9579225 607.0757625 601.879005 600.93414 589.1233275 615.5795475 603.2963025
1.990000 575.422785 689.2790175 571.1708924999999 571.1708924999999 509.7546675 596.6822475 571.1708924999999 637.783875 622.1936025 589.5957599999999 602.8238699999999 576.36765 569.2811624999999 561.24981 592.9027874999999 589.5957599999999 583.4541375 573.0606225 579.202245 568.3362975 328.34058749999997 571.643325 564.5568375 533.848725 522.9827775 570.2260275 574.4779199999999 573.533055 596.2098149999999 613.2173849999999 525.34494 608.49306 583.4541375 585.8163 599.04441 572.1157575 586.761165 578.7298125 594.7925174999999 575.8952175 563.13954 587.2335975 576.36765 594.320085 654.791445 564.084405 582.9817049999999 595.26495 660.9330675 597.15468 609.9103574999999 611.3276549999999 625.9730625 602.3514375 601.4065724999999 599.5168424999999 582.9817049999999 597.15468 602.8238699999999 583.92657 605.658465 600.4617075 786.6001124999999 588.650895 589.1233275 608.49306 585.3438675 615.107115 576.8400825 603.768735 595.26495 485.1881775 600.93414 601.4065724999999 577.7849474999999 600.4617075 599.04441 653.84658 237.161115 602.8238699999999 609.437925 706.75902 612.7449525 621.2487375 601.4065724999999 599.04441 679.8303675 558.415215 608.0206274999999 671.3265825 608.9654925 617.94171 602.3514375 594.320085 611.8000875 641.5633349999999 637.783875 622.666035 618.4141425 608.49306
2.000000 544.2422399999999 550.8562949999999 559.3600799999999 590.0681925 581.0919749999999 560.304945 572.5881899999999 571.643325 572.1157575 601.4065724999999 452.11790249999996 580.14711 571.643325 445.5038475 605.1860325 582.03684 567.8638649999999 601.879005 608.9654925 589.5957599999999 582.9817049999999 568.3362975 582.03684 598.0995449999999 592.430355 603.768735 577.312515 577.312515 590.540625 580.14711 490.85736749999995 597.15468 593.37522 591.0130575 610.38279 569.2811624999999 581.5644075 623.1384674999999 558.415215 588.650895 608.9654925 582.9817049999999 600.93414 621.7211699999999 603.2963025 610.8552225 611.3276549999999 611.8000875 592.9027874999999 567.8638649999999 595.26495 596.6822475 584.3990024999999 599.5168424999999 605.658465 605.658465 577.312515 582.5092725 625.9730625 623.6109 524.400075 608.49306 627.39036 610.8552225 604.2411675 580.14711 623.6109 601.4065724999999 590.540625 591.0130575 583.92657 611.8000875 598.0995449999999 589.1233275 608.49306 602.3514375 569.2811624999999 602.8238699999999 596.6822475 791.3244374999999 584.871435 607.548195 602.3514375 610.8552225 621.7211699999999 617.4692775 618.886575 634.4768475 717.6249674999999 602.3514375 612.7449525 592.9027874999999 621.7211699999999 811.1666025 631.6422524999999 674.63361 593.8476525 628.3352249999999 562.6671074999999 614.16225
2.010000 547.5492674999999 574.4779199999999 590.540625 562.6671074999999 592.430355 570.69846 595.7373825 573.0606225 561.24981 604.7135999999999 569.2811624999999 596.2098149999999 517.3135874999999 593.37522 568.80873 608.9654925 568.80873 600.93414 595.7373825 599.04441 604.2411675 592.9027874999999 573.533055 601.4065724999999 579.202245 689.2790175 581.5644075 596.6822475 593.8476525 596.6822475 594.320085 593.8476525 595.26495 619.3590075 621.7211699999999 611.8000875 586.2887324999999 594.320085 608.49306 532.4314274999999 584.3990024999999 567.3914325 583.4541375 602.3514375 593.8476525 612.7449525 583.92657 616.05198 625.50063 596.6822475 611.3276549999999 595.26495 584.871435 799.35579 612.27252 599.5168424999999 596.6822475 602.3514375 597.15468 712.4282099999999 586.2887324999999 587.7060299999999 599.04441 610.38279 614.16225 606.1308975 589.1233275 614.6346824999999 609.437925 577.7849474999999 592.430355 610.38279 596.6822475 600.4617075 616.05198 528.6519675 606.1308975 631.6422524999999 563.13954 599.989275 624.555765 617.94171 624.0833325 628.3352249999999 618.886575 600.93414 592.430355 603.2963025 592.430355 618.4141425 600.93414 581.5644075 612.27252 618.4141425 597.15468 582.9817049999999 627.8627925 617.4692775 616.996845 609.437925
2.020000 581.0919749999999 556.9979175 573.0606225 587.7060299999999 563.13954 583.4541375 576.8400825 560.7773775 589.1233275 698.7276674999999 608.0206274999999 592.430355 579.202245 586.761165 584.3990024999999 609.9103574999999 617.94171 597.15468 585.8163 587.7060299999999 612.27252 575.8952175 577.312515 568.3362975 582.03684 571.1708924999999 576.36765 576.8400825 576.36765 572.5881899999999 599.04441 613.2173849999999 607.0757625 778.56876 568.80873 586.2887324999999 600.4617075 586.2887324999999 871.6379625 608.0206274999999 581.5644075 599.5168424999999 595.7373825 592.430355 598.5719775 602.3514375 588.650895 602.3514375 627.39036 590.0681925 596.6822475 605.1860325 596.2098149999999 703.4519925 623.6109 586.761165 596.2098149999999 608.49306 606.6033299999999 600.4617075 592.430355 531.958995 606.1308975 599.989275 602.3514375 621.7211699999999 608.49306 611.8000875 600.93414 615.5795475 616.05198 619.3590075 594.7925174999999 598.5719775 612.7449525 598.0995449999999 620.776305 609.437925 662.8227975 630.6973875 625.50063 590.540625 607.548195 613.2173849999999 591.9579225 620.776305 611.3276549999999 619.3590075 627.39036 603.768735 604.7135999999999 603.768735 629.28009 614.16225 672.2714475 615.107115 592.430355 623.1384674999999 619.3590075 604.2411675
2.030000 606.1308975 561.7222425 585.3438675 593.37522 576.36765 630.6973875 569.753595 573.0606225 264.56219999999996 581.5644075 579.202245 589.1233275 587.2335975 561.24981 606.6033299999999 588.650895 599.04441 585.3438675 589.1233275 601.4065724999999 573.0606225 604.2411675 581.5644075 590.540625 585.8163 590.0681925 595.26495 537.628185 607.548195 572.1157575 624.0833325 588.650895 601.879005 587.2335975 588.650895 608.9654925 605.658465 600.93414 607.548195 598.0995449999999 606.6033299999999 601.879005 604.7135999999999 604.7135999999999 595.7373825 630.6973875 596.6822475 594.7925174999999 637.3114425 601.879005 618.4141425 611.8000875 611.8000875 790.3795725 605.1860325 602.8238699999999 586.2887324999999 598.5719775 625.0281974999999 592.9027874999999 597.15468 583.4541375 606.6033299999999 605.1860325 603.2963025 576.8400825 620.3038725 610.8552225 599.989275 574.9503525 611.8000875 624.555765 624.0833325 596.6822475 584.3990024999999 577.7849474999999 615.5795475 599.5168424999999 618.4141425 600.4617075 731.7979425 623.6109 609.9103574999999 582.03684 608.49306 622.666035 503.1406125 595.7373825 600.4617075 592.9027874999999 605.658465 632.114685 636.8390099999999 591.9579225 623.6109 821.087685 614.16225 501.2508825 565.5017025 564.5568375
2.040000 575.422785 545.187105 575.8952175 689.2790175 561.24981 577.7849474999999 584.871435 574.9503525 566.4465675 533.848725 587.7060299999999 579.6746774999999 583.4541375 573.533055 586.2887324999999 586.761165 620.3038725 612.7449525 629.7525224999999 603.768735 606.1308975 591.9579225 603.768735 439.36222499999997 591.9579225 601.4065724999999 661.8779324999999 619.3590075 588.1784625 598.5719775 614.6346824999999 599.5168424999999 604.2411675 603.2963025 574.9503525 576.36765 594.320085 581.0919749999999 605.1860325 622.1936025 614.16225 618.886575 563.13954 591.9579225 584.3990024999999 591.9579225 604.2411675 587.7060299999999 409.5989775 590.540625 221.09841 582.9817049999999 588.1784625 889.1179649999999 592.9027874999999 622.666035 604.2411675 607.548195 596.6822475 625.0281974999999 603.2963025 616.05198 556.525485 574.0054875 600.4617075 603.768735 609.9103574999999 605.658465 629.7525224999999 622.666035 539.9903475 599.989275 625.0281974999999 613.2173849999999 611.3276549999999 620.3038725 593.8476525 619.8314399999999 579.6746774999999 602.8238699999999 598.5719775 622.1936025 598.5719775 604.7135999999999 608.49306 608.49306 595.26495 554.635755 637.3114425 611.8000875 626.4454949999999 592.9027874999999 566.4465675 675.5784749999999 596.2098149999999 617.94171 644.39793 605.658465 654.791445 629.7525224999999
2.050000 575.8952175 155.43029249999998 596.2098149999999 347.71031999999997 560.304945 575.422785 586.2887324999999 593.37522 591.9579225 605.658465 631.6422524999999 580.14711 605.658465 569.2811624999999 589.5957599999999 582.9817049999999 601.879005 569.2811624999999 597.15468 577.7849474999999 611.3276549999999 571.1708924999999 596.2098149999999 579.6746774999999 584.871435 599.989275 596.2098149999999 582.9817049999999 602.3514375 597.6271125 620.3038725 604.2411675 586.2887324999999 576.36765 599.5168424999999 596.2098149999999 590.540625 808.3320074999999 616.5244124999999 588.650895 576.36765 570.2260275 608.9654925 541.407645 594.320085 595.7373825 798.4109249999999 623.1384674999999 584.3990024999999 604.7135999999999 638.72874 613.2173849999999 628.3352249999999 600.4617075 614.6346824999999 600.93414 632.114685 603.2963025 618.886575 658.5709049999999 617.4692775 626.4454949999999 599.989275 625.50063 607.0757625 591.48549 608.9654925 598.5719775 613.6898175 670.3817174999999 624.0833325 601.4065724999999 616.5244124999999 618.4141425 619.8314399999999 590.540625 618.886575 608.49306 618.4141425 636.3665775 626.9179275 593.37522 635.894145 616.05198 616.996845 642.0357675 639.2011725 635.894145 588.1784625 608.0206274999999 610.8552225 607.548195 624.0833325 639.2011725 612.27252 607.0757625 621.2487375 621.2487375 634.4768475 616.05198
2.060000 558.8876475 560.7773775 588.1784625 526.289805 571.1708924999999 679.8303675 619.3590075 649.122255 571.643325 570.2260275 564.084405 575.8952175 624.555765 588.1784625 608.0206274999999 591.9579225 615.107115 614.16225 586.761165 611.3276549999999 574.0054875 610.8552225 585.3438675 656.6811749999999 594.7925174999999 593.8476525 599.5168424999999 582.9817049999999 600.93414 576.8400825 598.0995449999999 628.3352249999999 579.6746774999999 608.49306 585.8163 598.5719775 602.3514375 592.9027874999999 567.3914325 592.9027874999999 586.2887324999999 616.05198 596.6822475 594.320085 580.14711 597.15468 597.15468 621.7211699999999 603.2963025 667.0746899999999 602.3514375 625.9730625 639.673605 570.69846 622.666035 616.05198 614.16225 606.1308975 81.25838999999999 610.8552225 591.9579225 638.72874 639.673605 604.7135999999999 618.4141425 600.93414 608.9654925 592.430355 597.6271125 623.6109 607.0757625 618.4141425 628.8076575 622.1936025 606.1308975 601.4065724999999 593.8476525 611.3276549999999 611.8000875 624.555765 621.7211699999999 613.2173849999999 617.94171 632.114685 462.5114175 608.49306 635.4217125 588.650895 617.94171 603.2963025 613.6898175 615.5795475 598.0995449999999 628.8076575 622.1936025 616.996845 631.6422524999999 619.3590075 630.224955 647.7049575
2.070000 576.36765 566.4465675 591.9579225 576.8400825 573.0606225 587.7060299999999 599.04441 591.9579225 585.8163 602.8238699999999 685.027125 591.9579225 583.4541375 595.26495 604.7135999999999 573.533055 586.761165 616.996845 579.202245 590.540625 578.7298125 602.3514375 736.0498349999999 602.3514375 591.0130575 629.28009 612.7449525 622.666035 616.05198 590.540625 614.16225 580.14711 575.8952175 582.9817049999999 600.4617075 581.5644075 597.15468 595.7373825 609.437925 610.8552225 602.3514375 571.643325 620.3038725 706.75902 593.8476525 570.2260275 574.9503525 603.2963025 593.8476525 601.879005 621.7211699999999 599.5168424999999 590.540625 621.2487375 580.6195425 622.1936025 620.3038725 595.26495 601.4065724999999 589.5957599999999 503.1406125 627.8627925 611.8000875 611.8000875 539.9903475 614.6346824999999 593.37522 615.5795475 591.9579225 611.8000875 640.1460374999999 595.26495 539.517915 611.8000875 613.2173849999999 594.7925174999999 585.8163 592.430355 618.4141425 608.49306 608.49306 633.05955 645.8152275 594.7925174999999 643.4530649999999 616.05198 600.93414 615.107115 623.1384674999999 623.1384674999999 630.224955 641.0909025 596.6822475 608.0206274999999 607.0757625 600.4617075 611.3276549999999 623.1384674999999 613.6898175 628.3352249999999
2.080000 564.084405 579.6746774999999 591.0130575 576.8400825 591.9579225 601.879005 579.6746774999999 576.36765 606.1308975 555.1081875 586.2887324999999 572.1157575 593.8476525 586.2887324999999 592.430355 598.5719775 588.650895 573.0606225 606.1308975 606.6033299999999 623.1384674999999 666.129825 582.03684 594.320085 600.93414 603.768735 584.3990024999999 591.0130575 548.0217 597.6271125 607.548195 586.2887324999999 575.8952175 595.26495 609.437925 591.0130575 651.011985 576.8400825 613.6898175 591.0130575 584.3990024999999 574.0054875 599.5168424999999 571.643325 595.26495 615.107115 711.483345 608.9654925 628.8076575 617.4692775 584.871435 623.6109 668.96442 621.7211699999999 615.107115 595.26495 627.8627925 547.076835 590.540625 617.94171 599.04441 636.3665775 603.2963025 605.658465 600.93414 626.4454949999999 622.666035 581.5644075 607.0757625 612.7449525 620.3038725 623.6109 591.9579225 624.555765 609.437925 587.2335975 579.202245 599.989275 601.879005 620.3038725 620.776305 621.2487375 626.9179275 624.0833325 627.8627925 637.783875 606.6033299999999 600.4617075 632.114685 616.996845 624.555765 616.5244124999999 465.818445 597.6271125 625.50063 631.6422524999999 645.342795 636.3665775 427.07898 622.1936025
2.090000 572.1157575 583.4541375 605.658465 559.8325125 572.5881899999999 603.768735 576.36765 578.7298125 568.3362975 582.03684 899.51148 591.48549 595.26495 636.3665775 594.320085 590.0681925 624.555765 674.1611775 591.0130575 592.430355 619.8314399999999 625.0281974999999 597.15468 575.8952175 612.7449525 596.6822475 605.1860325 610.8552225 590.540625 546.13197 590.0681925 454.9524975 749.2779449999999 608.9654925 616.5244124999999 589.5957599999999 590.540625 597.15468 591.0130575 605.1860325 594.320085 591.48549 576.8400825 607.548195 582.03684 623.1384674999999 621.7211699999999 615.5795475 625.9730625 622.666035 598.0995449999999 599.989275 558.415215 602.3514375 611.3276549999999 590.0681925 582.9817049999999 606.6033299999999 584.871435 627.39036 618.4141425 615.107115 612.27252 605.1860325 598.5719775 623.6109 596.2098149999999 609.9103574999999 607.548195 608.49306 618.4141425 632.114685 628.8076575 346.2930225 618.886575 760.616325 585.3438675 616.5244124999999 591.48549 625.9730625 556.9979175 610.38279 607.0757625 632.114685 634.004415 636.3665775 610.8552225 618.4141425 627.8627925 771.954705 614.6346824999999 639.673605 633.05955 611.8000875 620.776305 616.996845 614.6346824999999 591.9579225 675.1060425 625.0281974999999
2.100000 587.2335975 571.643325 584.871435 616.05198 565.5017025 591.48549 578.7298125 586.761165 598.0995449999999 565.02927 634.4768475 896.676885 563.13954 460.149255 580.6195425 612.27252 582.03684 612.7449525 605.658465 586.2887324999999 613.6898175 581.0919749999999 663.29523 616.996845 653.84658 606.1308975 541.407645 607.0757625 585.3438675 593.8476525 615.5795475 603.2963025 604.7135999999999 621.7211699999999 594.320085 636.8390099999999 651.9568499999999 609.437925 607.0757625 608.0206274999999 593.37522 607.0757625 616.05198 611.3276549999999 590.540625 592.430355 585.8163 605.1860325 613.2173849999999 608.9654925 610.38279 605.658465 609.437925 628.3352249999999 532.4314274999999 615.5795475 620.776305 557.4703499999999 636.8390099999999 624.0833325 624.555765 636.3665775 613.2173849999999 611.8000875 612.27252 616.996845 602.8238699999999 596.6822475 600.4617075 624.555765 600.93414 614.16225 632.114685 603.2963025 616.05198 620.776305 617.4692775 625.50063 613.2173849999999 625.50063 603.768735 638.72874 630.224955 627.8627925 552.7460249999999 628.8076575 645.342795 679.8303675 615.5795475 651.9568499999999 626.4454949999999 627.39036 905.6531024999999 629.28009 608.9654925 616.05198 608.49306 644.39793 624.0833325 654.791445
2.110000 581.0919749999999 576.36765 587.2335975 668.4919874999999 573.533055 574.4779199999999 77.9513625 590.540625 582.5092725 539.517915 602.8238699999999 578.7298125 571.1708924999999 590.0681925 585.8163 617.94171 728.9633474999999 787.072545 603.768735 591.0130575 597.6271125 616.5244124999999 588.1784625 602.3514375 627.8627925 611.8000875 594.7925174999999 589.5957599999999 594.320085 658.0984725 545.187105 615.5795475 596.2098149999999 602.8238699999999 567.3914325 591.9579225 622.666035 588.1784625 596.6822475 656.6811749999999 572.5881899999999 606.6033299999999 620.776305 586.761165 595.7373825 605.658465 592.430355 618.886575 648.6498224999999 608.0206274999999 595.26495 613.2173849999999 617.4692775 631.6422524999999 624.555765 619.8314399999999 605.1860325 588.650895 599.989275 627.39036 611.8000875 622.666035 617.4692775 617.4692775 624.0833325 674.63361 609.437925 623.1384674999999 616.05198 603.768735 622.666035 616.05198 627.8627925 600.93414 594.320085 623.1384674999999 584.871435 641.0909025 610.8552225 633.5319825 620.3038725 625.9730625 608.49306 526.7622375 607.548195 634.004415 646.28766 619.3590075 599.04441 597.6271125 639.673605 637.3114425 628.8076575 625.9730625 641.5633349999999 645.342795 610.8552225 652.4292825 644.39793 629.7525224999999
2.120000 571.643325 577.7849474999999 579.202245 606.1308975 590.540625 576.8400825 579.202245 649.5946875 595.7373825 581.5644075 572.1157575 572.1157575 624.555765 632.114685 614.6346824999999 605.1860325 608.49306 599.5168424999999 599.04441 530.5416974999999 616.05198 613.2173849999999 602.3514375 595.26495 595.26495 610.8552225 604.7135999999999 593.37522 593.8476525 616.05198 593.37522 626.4454949999999 620.3038725 612.27252 663.29523 624.555765 588.650895 586.761165 606.1308975 612.27252 625.0281974999999 543.7698075 577.312515 553.2184575 604.7135999999999 594.320085 607.548195 606.6033299999999 621.2487375 611.3276549999999 622.1936025 166.29623999999998 599.04441 617.4692775 595.7373825 627.8627925 608.9654925 591.48549 622.666035 601.4065724999999 637.783875 672.2714475 664.7125275 634.4768475 617.4692775 556.0530524999999 621.2487375 605.1860325 609.9103574999999 653.3741474999999 615.107115 339.206535 627.39036 618.886575 594.7925174999999 616.05198 622.666035 622.1936025 627.8627925 618.886575 611.3276549999999 600.4617075 635.4217125 639.2011725 621.2487375 608.9654925 638.2563074999999 628.3352249999999 618.4141425 870.6930974999999 620.776305 596.6822475 628.8076575 682.6649625 643.4530649999999 629.28009 625.0281974999999 637.783875 640.61847 633.5319825
2.130000 588.650895 601.4065724999999 585.3438675 597.6271125 571.1708924999999 602.3514375 618.886575 579.202245 613.6898175 597.6271125 601.879005 615.107115 503.613045 592.430355 619.3590075 576.36765 616.996845 608.49306 591.0130575 609.9103574999999 595.7373825 605.1860325 598.0995449999999 626.4454949999999 613.6898175 605.658465 702.5071274999999 616.5244124999999 584.3990024999999 624.555765 595.7373825 612.7449525 592.9027874999999 611.3276549999999 625.9730625 609.9103574999999 462.03898499999997 602.3514375 625.0281974999999 594.320085 543.7698075 585.3438675 599.5168424999999 757.3092975 539.517915 591.0130575 624.555765 617.94171 639.673605 622.1936025 624.0833325 594.7925174999999 607.0757625 603.768735 629.7525224999999 615.5795475 613.2173849999999 601.4065724999999 595.26495 506.9200725 617.94171 596.2098149999999 625.50063 624.555765 618.4141425 649.122255 640.1460374999999 627.8627925 620.776305 602.8238699999999 604.2411675 625.9730625 624.0833325 642.5082 631.16982 560.7773775 588.650895 621.7211699999999 602.8238699999999 649.122255 600.4617075 625.0281974999999 604.2411675 642.5082 624.0833325 610.38279 568.80873 680.3027999999999 625.50063 633.5319825 614.6346824999999 601.879005 642.9806325 641.5633349999999 616.996845 644.8703624999999 608.49306 642.9806325 634.9492799999999 630.6973875
2.140000 584.3990024999999 579.6746774999999 612.27252 597.15468 582.5092725 587.2335975 592.9027874999999 592.9027874999999 613.6898175 573.533055 584.871435 583.4541375 642.0357675 610.8552225 599.04441 582.5092725 607.548195 611.3276549999999 616.996845 614.6346824999999 626.4454949999999 576.36765 623.1384674999999 591.48549 618.4141425 582.9817049999999 592.430355 608.49306 615.107115 624.555765 610.8552225 623.1384674999999 603.2963025 591.9579225 608.9654925 587.7060299999999 604.7135999999999 608.9654925 600.93414 431.80330499999997 590.0681925 586.2887324999999 621.2487375 611.3276549999999 612.27252 641.5633349999999 727.0736175 628.8076575 609.9103574999999 599.5168424999999 618.4141425 634.004415 584.871435 680.3027999999999 638.2563074999999 614.16225 672.74388 620.776305 610.38279 593.37522 601.4065724999999 611.8000875 616.05198 616.05198 635.4217125 616.996845 638.2563074999999 620.3038725 583.4541375 636.8390099999999 617.4692775 626.4454949999999 642.0357675 633.05955 602.8238699999999 647.7049575 593.8476525 622.666035 630.224955 622.666035 622.666035 602.8238699999999 663.7676624999999 634.9492799999999 645.342795 621.7211699999999 627.8627925 637.3114425 627.8627925 625.50063 612.7449525 624.0833325 624.555765 649.5946875 221.5708425 632.5871175 707.703885 640.61847 626.4454949999999 652.901715
2.150000 562.6671074999999 606.6033299999999 572.5881899999999 601.879005 583.92657 591.9579225 587.2335975 608.9654925 588.650895 605.658465 620.3038725 618.886575 598.5719775 596.6822475 584.871435 652.4292825 580.6195425 557.4703499999999 653.3741474999999 605.1860325 605.1860325 609.437925 718.5698325 625.9730625 596.2098149999999 573.0606225 610.8552225 619.8314399999999 601.4065724999999 604.2411675 616.996845 614.16225 583.92657 591.9579225 671.7990149999999 602.8238699999999 610.38279 600.4617075 593.8476525 607.548195 575.8952175 624.0833325 672.74388 599.04441 584.871435 621.2487375 625.0281974999999 597.15468 642.0357675 613.6898175 595.26495 625.50063 607.0757625 600.93414 608.9654925 629.7525224999999 609.437925 586.2887324999999 604.2411675 623.6109 635.4217125 621.7211699999999 620.776305 591.9579225 614.6346824999999 613.2173849999999 606.1308975 625.9730625 626.9179275 645.342795 651.4844175 633.05955 613.6898175 634.4768475 608.0206274999999 677.468205 616.05198 600.4617075 623.1384674999999 639.2011725 634.004415 624.555765 615.107115 626.4454949999999 635.894145 640.61847 640.1460374999999 612.27252 525.34494 625.50063 651.4844175 638.2563074999999 646.7600924999999 650.5395525 618.886575 611.8000875 701.08983 667.0746899999999 629.28009 633.5319825
2.160000 576.36765 522.0379125 591.0130575 603.2963025 592.9027874999999 602.8238699999999 591.9579225 611.8000875 576.36765 573.533055 596.6822475 610.38279 581.0919749999999 574.4779199999999 611.3276549999999 809.7493049999999 669.909285 600.4617075 612.7449525 616.5244124999999 594.320085 596.2098149999999 634.4768475 589.5957599999999 613.6898175 590.0681925 611.3276549999999 613.6898175 635.4217125 597.15468 606.1308975 620.776305 614.16225 623.6109 616.5244124999999 605.1860325 601.879005 597.6271125 609.437925 606.1308975 589.1233275 601.4065724999999 626.9179275 591.9579225 589.5957599999999 626.4454949999999 619.8314399999999 595.26495 636.8390099999999 627.8627925 640.61847 640.61847 609.9103574999999 608.9654925 629.7525224999999 640.1460374999999 611.3276549999999 624.555765 479.99142 624.555765 607.548195 628.3352249999999 551.3287275 634.004415 624.0833325 623.6109 598.0995449999999 512.5892625 599.5168424999999 631.6422524999999 616.5244124999999 625.9730625 628.3352249999999 623.6109 613.6898175 639.2011725 601.879005 616.5244124999999 602.3514375 615.107115 648.6498224999999 638.72874 624.555765 630.224955 618.4141425 647.7049575 659.51577 599.5168424999999 650.5395525 626.9179275 622.666035 625.50063 651.4844175 630.6973875 653.84658 637.3114425 637.783875 643.9254975 662.8227975 621.7211699999999
2.170000 578.25738 580.6195425 598.0995449999999 584.871435 822.5049825 608.49306 611.3276549999999 602.8238699999999 596.6822475 610.38279 577.7849474999999 604.7135999999999 578.7298125 616.996845 607.0757625 636.8390099999999 552.7460249999999 604.7135999999999 585.8163 603.2963025 606.1308975 640.61847 618.4141425 628.3352249999999 615.5795475 613.6898175 615.107115 546.6044025 626.4454949999999 618.4141425 630.6973875 599.04441 613.2173849999999 621.7211699999999 618.4141425 612.7449525 596.6822475 615.5795475 745.498485 618.4141425 611.3276549999999 595.26495 609.9103574999999 625.9730625 607.0757625 626.4454949999999 570.2260275 646.7600924999999 550.3838625 618.4141425 608.49306 636.8390099999999 622.666035 653.3741474999999 621.2487375 603.2963025 619.3590075 633.05955 679.357935 608.49306 599.989275 624.0833325 624.555765 613.6898175 644.8703624999999 622.666035 546.6044025 635.894145 600.4617075 631.16982 606.1308975 616.05198 564.5568375 610.8552225 603.2963025 616.05198 585.3438675 606.1308975 621.7211699999999 636.8390099999999 627.39036 574.0054875 622.1936025 601.879005 636.3665775 640.61847 647.232525 641.5633349999999 636.3665775 653.3741474999999 618.4141425 663.7676624999999 663.7676624999999 617.94171 696.365505 634.9492799999999 627.8627925 621.7211699999999 642.0357675 629.28009
2.180000 488.0227725 595.7373825 616.996845 591.0130575 573.533055 602.3514375 589.1233275 583.92657 602.8238699999999 689.75145 578.7298125 606.6033299999999 593.37522 642.9806325 619.8314399999999 602.3514375 613.2173849999999 615.107115 640.1460374999999 607.548195 589.5957599999999 599.5168424999999 604.2411675 617.4692775 616.996845 634.004415 610.8552225 598.5719775 584.3990024999999 616.05198 614.6346824999999 626.4454949999999 617.94171 587.2335975 596.2098149999999 609.437925 617.94171 582.9817049999999 597.15468 608.9654925 625.9730625 584.3990024999999 602.8238699999999 606.6033299999999 606.1308975 601.879005 607.0757625 607.0757625 622.666035 619.8314399999999 641.5633349999999 620.3038725 621.2487375 634.9492799999999 584.3990024999999 607.0757625 603.2963025 626.4454949999999 636.3665775 622.1936025 634.004415 591.48549 628.8076575 619.3590075 619.3590075 597.15468 618.886575 803.6076825 618.4141425 649.122255 617.94171 620.776305 619.3590075 633.5319825 594.7925174999999 778.56876 605.658465 652.4292825 634.004415 644.39793 625.50063 644.39793 643.9254975 627.8627925 645.8152275 640.1460374999999 654.3190125 624.555765 635.894145 647.232525 551.80116 616.996845 651.9568499999999 654.791445 627.8627925 642.0357675 636.8390099999999 626.9179275 628.8076575 629.7525224999999
2.190000 570.69846 592.9027874999999 610.8552225 606.6033299999999 595.7373825 594.320085 810.2217375 577.312515 596.6822475 588.650895 667.5471225 597.15468 600.4617075 598.5719775 626.9179275 592.9027874999999 623.1384674999999 597.6271125 624.555765 632.5871175 608.49306 603.2963025 633.05955 625.9730625 631.16982 601.4065724999999 618.4141425 625.50063 630.224955 608.49306 612.27252 619.8314399999999 593.37522 624.0833325 599.989275 613.6898175 584.3990024999999 614.16225 582.03684 621.7211699999999 610.8552225 608.9654925 752.11254 608.0206274999999 627.39036 606.6033299999999 737.939565 601.4065724999999 568.80873 613.2173849999999 476.21196 623.1384674999999 599.989275 614.6346824999999 595.26495 547.5492674999999 630.6973875 617.94171 625.50063 607.548195 610.38279 622.666035 622.666035 624.0833325 633.05955 602.8238699999999 615.5795475 691.1687475 602.3514375 616.996845 614.16225 617.4692775 614.6346824999999 653.3741474999999 569.753595 619.3590075 591.48549 621.2487375 638.2563074999999 634.9492799999999 630.224955 617.94171 697.7828025 644.8703624999999 654.3190125 637.3114425 617.4692775 634.4768475 612.7449525 649.122255 642.5082 627.39036 641.0909025 652.4292825 647.7049575 659.51577 637.3114425 435.582765 612.7449525 676.52334
2.200000 609.437925 584.3990024999999 599.04441 644.39793 590.540625 649.122255 644.39793 592.9027874999999 607.548195 614.16225 566.919 614.16225 811.6390349999999 599.5168424999999 607.548195 580.14711 619.8314399999999 639.673605 608.9654925 598.5719775 588.1784625 594.320085 615.5795475 613.2173849999999 615.107115 59.0540625 585.8163 668.96442 621.7211699999999 625.0281974999999 588.1784625 632.5871175 594.7925174999999 599.5168424999999 588.1784625 607.548195 635.894145 624.0833325 612.7449525 587.7060299999999 590.0681925 611.8000875 608.49306 614.6346824999999 601.879005 576.8400825 609.437925 634.9492799999999 642.0357675 607.0757625 606.6033299999999 643.4530649999999 647.7049575 624.0833325 621.2487375 649.5946875 641.5633349999999 601.4065724999999 627.39036 599.5168424999999 629.7525224999999 652.901715 634.4768475 616.05198 603.768735 434.1654675 626.9179275 624.555765 606.1308975 640.61847 651.011985 638.72874 641.0909025 627.39036 635.894145 616.05198 644.39793 622.1936025 642.5082 626.9179275 665.1849599999999 617.94171 640.61847 626.9179275 622.666035 646.28766 714.7903725 605.1860325 642.0357675 634.004415 652.4292825 626.4454949999999 655.73631 637.3114425 520.1481825 631.16982 637.783875 643.4530649999999 599.5168424999999 657.62604
2.210000 635.894145 578.25738 598.5719775 586.761165 588.1784625 595.26495 616.05198 38.739464999999996 583.4541375 585.8163 588.650895 593.37522 592.430355 585.8163 615.107115 610.38279 613.6898175 610.8552225 634.9492799999999 597.15468 603.2963025 597.6271125 639.2011725 597.15468 596.6822475 605.1860325 759.6714599999999 618.4141425 607.0757625 617.94171 627.8627925 617.94171 621.7211699999999 587.7060299999999 621.7211699999999 589.1233275 621.2487375 581.0919749999999 593.8476525 680.3027999999999 633.05955 608.9654925 135.115695 622.666035 635.894145 590.540625 550.3838625 621.2487375 623.6109 612.27252 615.107115 595.7373825 647.7049575 629.7525224999999 618.4141425 620.3038725 726.1287525 619.3590075 625.50063 639.673605 570.69846 627.39036 614.16225 633.5319825 685.027125 645.342795 637.783875 614.6346824999999 630.6973875 604.7135999999999 609.437925 633.5319825 616.5244124999999 654.3190125 646.28766 620.3038725 620.776305 620.776305 628.8076575 635.894145 650.5395525 634.9492799999999 525.34494 645.8152275 629.7525224999999 620.776305 598.5719775 607.548195 626.9179275 605.1860325 628.8076575 600.4617075 629.28009 702.97956 538.57305 704.3968575 710.5384799999999 632.5871175 638.72874 674.63361
2.220000 585.3438675 585.8163 611.8000875 588.650895 766.7579475 604.2411675 810.2217375 602.8238699999999 589.5957599999999 614.6346824999999 601.4065724999999 576.8400825 610.38279 576.36765 749.7503775 610.38279 609.9103574999999 635.894145 621.7211699999999 618.886575 609.9103574999999 594.320085 610.8552225 619.3590075 603.768735 632.5871175 610.38279 598.5719775 582.9817049999999 667.0746899999999 581.5644075 618.4141425 639.673605 617.4692775 619.8314399999999 393.06383999999997 835.7330925 613.2173849999999 631.6422524999999 602.3514375 631.16982 591.9579225 609.9103574999999 767.23038 134.6432625 631.6422524999999 646.28766 620.3038725 577.7849474999999 625.50063 616.996845 635.894145 561.24981 600.4617075 614.6346824999999 626.4454949999999 605.1860325 649.5946875 602.3514375 607.0757625 607.0757625 564.5568375 609.9103574999999 640.1460374999999 625.50063 613.2173849999999 614.16225 635.894145 615.5795475 603.768735 622.1936025 644.8703624999999 568.80873 863.6066099999999 549.91143 916.9914825 606.1308975 636.8390099999999 690.6963149999999 608.9654925 619.8314399999999 623.1384674999999 622.1936025 669.4368525 640.61847 636.3665775 642.0357675 619.8314399999999 645.342795 642.5082 626.4454949999999 653.84658 669.4368525 617.4692775 624.555765 637.783875 672.2714475 649.122255 655.2638774999999 650.5395525
2.230000 583.92657 581.0919749999999 611.3276549999999 614.16225 593.8476525 564.5568375 592.430355 595.26495 619.8314399999999 606.6033299999999 611.8000875 572.1157575 615.5795475 594.7925174999999 641.5633349999999 585.8163 607.0757625 711.0109125 618.4141425 623.1384674999999 609.437925 614.6346824999999 625.9730625 625.0281974999999 597.6271125 591.9579225 604.7135999999999 636.8390099999999 619.8314399999999 624.555765 622.666035 619.3590075 629.28009 608.0206274999999 613.2173849999999 635.894145 347.71031999999997 591.48549 608.49306 634.004415 591.48549 601.4065724999999 619.3590075 624.555765 621.7211699999999 612.27252 609.9103574999999 632.114685 619.3590075 630.6973875 642.0357675 635.4217125 618.4141425 620.776305 624.555765 624.555765 571.1708924999999 611.8000875 604.7135999999999 640.61847 625.9730625 642.9806325 597.15468 641.5633349999999 628.3352249999999 634.9492799999999 622.1936025 615.5795475 568.3362975 616.996845 616.05198 625.50063 605.1860325 636.3665775 618.4141425 634.9492799999999 625.50063 628.3352249999999 570.69846 633.5319825 617.4692775 632.5871175 616.996845 631.16982 651.011985 657.1536075 651.011985 667.0746899999999 637.783875 606.6033299999999 616.996845 640.61847 711.0109125 651.9568499999999 614.6346824999999 642.5082 609.437925 657.62604 628.3352249999999 647.232525
2.240000 575.8952175 593.8476525 597.6271125 608.49306 617.94171 599.5168424999999 607.548195 614.16225 556.525485 585.3438675 604.2411675 606.6033299999999 609.9103574999999 602.8238699999999 607.0757625 633.05955 608.0206274999999 617.94171 677.9406375 671.3265825 553.2184575 626.4454949999999 610.8552225 620.776305 615.107115 614.6346824999999 632.5871175 617.4692775 635.4217125 603.2963025 634.4768475 603.2963025 715.7352374999999 630.6973875 624.0833325 616.5244124999999 623.1384674999999 613.2173849999999 605.658465 606.6033299999999 621.7211699999999 607.0757625 611.3276549999999 634.004415 614.6346824999999 632.114685 620.3038725 627.39036 652.4292825 637.3114425 600.4617075 625.0281974999999 637.3114425 616.05198 640.61847 615.107115 633.05955 397.788165 685.97199 654.791445 621.2487375 649.5946875 655.2638774999999 624.555765 645.342795 657.1536075 631.6422524999999 627.39036 643.9254975 599.04441 617.4692775 597.6271125 639.2011725 612.27252 623.1384674999999 608.9654925 632.114685 633.05955 636.8390099999999 652.901715 759.1990274999999 634.9492799999999 644.39793 632.5871175 713.8455074999999 639.673605 612.7449525 639.2011725 640.61847 394.95356999999996 658.5709049999999 639.2011725 619.8314399999999 657.1536075 631.16982 517.78602 582.03684 645.342795 666.129825 663.7676624999999
2.250000 604.7135999999999 580.14711 609.9103574999999 623.6109 598.5719775 598.0995449999999 611.3276549999999 588.650895 610.8552225 725.1838875 607.548195 616.996845 775.2617325 598.0995449999999 608.49306 601.879005 635.894145 613.2173849999999 599.04441 614.16225 596.6822475 616.996845 605.1860325 805.969845 625.0281974999999 630.6973875 554.635755 668.019555 634.9492799999999 633.5319825 611.3276549999999 599.04441 634.9492799999999 224.87787 642.0357675 638.72874 605.1860325 415.2681675 856.9925549999999 618.886575 627.39036 610.38279 606.6033299999999 597.15468 614.16225 642.5082 608.9654925 636.3665775 636.3665775 648.17739 634.004415 903.29094 655.2638774999999 619.8314399999999 621.2487375 607.0757625 625.9730625 604.2411675 641.5633349999999 655.73631 609.9103574999999 641.0909025 778.0963274999999 620.776305 727.0736175 628.8076575 622.666035 619.8314399999999 490.384935 610.38279 620.3038725 605.658465 637.783875 633.5319825 563.6119725 628.3352249999999 636.8390099999999 655.2638774999999 637.783875 635.4217125 627.8627925 631.16982 640.61847 662.350365 607.548195 651.9568499999999 637.3114425 626.4454949999999 648.6498224999999 633.05955 637.783875 653.3741474999999 667.5471225 623.1384674999999 627.39036 637.3114425 570.2260275 610.38279 666.129825 662.350365
2.260000 585.8163 591.9579225 623.6109 621.2487375 656.6811749999999 608.9654925 593.8476525 598.5719775 603.2963025 590.540625 594.7925174999999 620.776305 615.107115 642.9806325 606.1308975 624.0833325 615.5795475 610.8552225 584.3990024999999 627.8627925 637.783875 616.05198 650.5395525 608.49306 608.49306 602.3514375 625.50063 624.0833325 470.54276999999996 611.8000875 633.5319825 597.15468 644.39793 640.1460374999999 608.9654925 716.20767 616.996845 640.1460374999999 599.04441 659.9882024999999 603.768735 605.658465 620.3038725 713.8455074999999 635.894145 634.9492799999999 609.9103574999999 642.9806325 635.4217125 621.7211699999999 642.0357675 615.107115 632.114685 560.304945 629.7525224999999 628.3352249999999 629.28009 583.92657 638.2563074999999 164.40651 646.28766 641.5633349999999 604.7135999999999 609.9103574999999 629.7525224999999 612.7449525 635.894145 623.6109 688.3341525 628.3352249999999 622.1936025 617.94171 629.28009 654.3190125 602.3514375 645.342795 625.0281974999999 635.894145 635.894145 674.63361 627.8627925 639.673605 630.6973875 661.8779324999999 656.2087425 636.8390099999999 617.94171 648.17739 636.8390099999999 670.3817174999999 653.84658 662.8227975 630.6973875 657.1536075 642.0357675 645.8152275 644.39793 657.1536075 661.8779324999999 470.0703375
2.270000 737.4671324999999 614.6346824999999 609.437925 594.320085 182.8313775 592.9027874999999 609.437925 602.8238699999999 583.92657 662.350365 611.8000875 609.437925 621.7211699999999 591.9579225 601.4065724999999 606.6033299999999 605.658465 633.5319825 635.894145 630.224955 511.64439749999997 625.9730625 605.658465 629.7525224999999 634.4768475 631.16982 628.3352249999999 626.4454949999999 573.533055 632.5871175 630.6973875 622.666035 632.5871175 603.2963025 626.9179275 658.0984725 596.6822475 616.996845 600.93414 608.49306 618.4141425 540.9352124999999 598.0995449999999 617.4692775 619.3590075 610.8552225 629.7525224999999 662.350365 647.7049575 630.6973875 618.4141425 615.107115 625.50063 649.5946875 644.39793 634.9492799999999 620.3038725 616.5244124999999 642.9806325 634.004415 732.7428074999999 632.5871175 732.7428074999999 617.94171 532.90386 684.08226 657.1536075 616.05198 618.886575 617.4692775 637.3114425 641.5633349999999 625.50063 615.107115 634.004415 180.9416475 639.673605 609.437925 661.4055 643.4530649999999 620.3038725 623.6109 651.4844175 651.4844175 655.73631 649.5946875 660.9330675 616.996845 664.7125275 636.3665775 634.4768475 620.776305 644.39793 581.0919749999999 646.7600924999999 458.73195749999996 638.2563074999999 654.791445 717.6249674999999 642.0357675
2.280000 590.540625 599.04441 618.4141425 591.9579225 606.1308975 554.635755 613.6898175 611.8000875 609.9103574999999 610.8552225 581.5644075 600.4617075 605.658465 602.8238699999999 607.0757625 32.5978425 633.5319825 636.3665775 621.2487375 625.0281974999999 612.7449525 632.114685 624.0833325 631.6422524999999 609.437925 658.5709049999999 622.666035 589.5957599999999 753.5298375 642.0357675 602.3514375 624.0833325 618.886575 607.548195 638.72874 617.94171 611.3276549999999 604.7135999999999 619.3590075 644.39793 608.49306 622.1936025 625.50063 631.6422524999999 638.72874 610.38279 644.8703624999999 639.2011725 622.666035 628.8076575 628.3352249999999 401.0951925 651.4844175 631.6422524999999 618.886575 546.13197 616.5244124999999 626.9179275 625.0281974999999 634.004415 643.9254975 632.5871175 646.28766 621.2487375 658.0984725 640.1460374999999 653.84658 641.5633349999999 657.1536075 579.202245 556.0530524999999 649.122255 628.3352249999999 651.9568499999999 648.6498224999999 632.5871175 659.0433375 657.62604 627.39036 640.1460374999999 612.7449525 639.673605 668.019555 203.145975 664.7125275 646.7600924999999 661.4055 639.2011725 644.39793 664.240095 637.783875 661.8779324999999 653.3741474999999 616.996845 634.4768475 631.16982 710.0660475 662.350365 632.5871175 665.1849599999999
2.290000 596.6822475 608.49306 625.0281974999999 611.3276549999999 613.6898175 601.4065724999999 625.9730625 620.3038725 609.9103574999999 603.2963025 611.3276549999999 584.3990024999999 613.2173849999999 673.6887449999999 636.3665775 613.2173849999999 606.6033299999999 630.6973875 621.2487375 619.8314399999999 617.4692775 628.3352249999999 627.8627925 617.4692775 595.7373825 608.0206274999999 613.6898175 603.2963025 640.61847 529.1243999999999 613.6898175 629.7525224999999 630.6973875 622.666035 603.2963025 642.5082 619.3590075 621.2487375 660.460635 608.49306 618.886575 725.6563199999999 625.9730625 448.3384425 607.0757625 601.4065724999999 637.783875 644.8703624999999 636.3665775 625.50063 621.2487375 572.5881899999999 642.9806325 652.901715 638.72874 631.6422524999999 641.5633349999999 639.2011725 630.224955 644.39793 629.7525224999999 611.3276549999999 640.1460374999999 636.3665775 655.73631 623.6109 631.6422524999999 640.61847 624.0833325 626.4454949999999 624.555765 651.011985 643.4530649999999 709.1211824999999 577.7849474999999 641.5633349999999 653.3741474999999 623.6109 624.555765 631.6422524999999 638.2563074999999 650.0671199999999 632.5871175 617.4692775 644.8703624999999 657.62604 660.9330675 642.5082 655.73631 670.85415 670.85415 649.5946875 642.9806325 650.5395525 672.2714475 636.8390099999999 631.6422524999999 551.3287275 657.1536075 681.247665
2.300000 597.15468 601.4065724999999 604.2411675 616.996845 598.0995449999999 628.3352249999999 603.768735 631.6422524999999 602.3514375 592.9027874999999 628.3352249999999 662.8227975 600.4617075 581.0919749999999 605.658465 636.8390099999999 627.8627925 628.3352249999999 927.8574299999999 618.4141425 483.29844749999995 596.2098149999999 608.0206274999999 647.7049575 609.9103574999999 615.5795475 548.4941325 920.7709424999999 605.1860325 644.39793 611.8000875 631.6422524999999 629.7525224999999 611.8000875 608.0206274999999 565.5017025 604.7135999999999 631.16982 625.50063 627.39036 617.94171 625.0281974999999 636.8390099999999 596.6822475 626.9179275 616.996845 644.8703624999999 572.5881899999999 527.7071025 629.7525224999999 643.4530649999999 943.920135 659.0433375 633.5319825 618.886575 638.2563074999999 640.61847 572.5881899999999 629.28009 634.004415 419.52006 639.2011725 645.8152275 650.5395525 626.4454949999999 613.2173849999999 700.6173974999999 645.8152275 606.6033299999999 628.8076575 630.6973875 646.7600924999999 631.6422524999999 613.2173849999999 628.3352249999999 650.5395525 641.5633349999999 661.8779324999999 655.73631 659.51577 620.3038725 626.4454949999999 657.1536075 618.4141425 590.0681925 634.4768475 667.0746899999999 652.4292825 669.4368525 636.3665775 638.2563074999999 622.666035 654.3190125 666.6022575 645.342795 634.004415 659.9882024999999 644.8703624999999 677.468205 655.2638774999999
2.310000 582.5092725 590.540625 611.8000875 620.3038725 601.4065724999999 616.05198 660.460635 591.48549 599.04441 613.6898175 619.3590075 669.4368525 581.5644075 591.9579225 638.2563074999999 636.8390099999999 629.28009 614.16225 622.666035 635.4217125 608.49306 631.16982 614.6346824999999 616.5244124999999 644.39793 642.9806325 683.137395 517.3135874999999 653.3741474999999 604.7135999999999 629.7525224999999 599.989275 616.996845 616.996845 609.9103574999999 623.1384674999999 631.16982 633.05955 610.38279 556.0530524999999 641.5633349999999 634.9492799999999 642.0357675 614.16225 636.8390099999999 647.7049575 652.4292825 604.7135999999999 635.894145 660.460635 566.4465675 635.894145 634.004415 631.6422524999999 641.5633349999999 613.2173849999999 665.1849599999999 650.0671199999999 643.4530649999999 621.7211699999999 664.7125275 632.114685 642.9806325 655.2638774999999 632.114685 637.3114425 640.61847 644.39793 616.996845 616.5244124999999 632.5871175 410.5438425 642.0357675 627.39036 482.826015 609.437925 631.6422524999999 629.7525224999999 638.2563074999999 629.7525224999999 655.73631 657.1536075 666.6022575 670.3817174999999 813.5287649999999 653.3741474999999 655.73631 651.9568499999999 627.39036 651.4844175 644.39793 664.240095 654.3190125 645.8152275 647.232525 614.6346824999999 677.468205 643.4530649999999 642.5082 640.1460374999999
2.320000 596.6822475 600.93414 619.8314399999999 815.8909275 608.0206274999999 589.5957599999999 604.7135999999999 559.3600799999999 622.1936025 601.879005 639.2011725 594.7925174999999 616.5244124999999 600.93414 625.9730625 611.3276549999999 628.8076575 679.8303675 621.2487375 638.2563074999999 623.6109 642.0357675 627.39036 625.9730625 627.39036 623.1384674999999 618.4141425 646.28766 677.9406375 620.776305 610.8552225 612.27252 640.61847 653.84658 611.8000875 614.6346824999999 647.232525 625.0281974999999 639.2011725 656.2087425 630.6973875 621.7211699999999 628.3352249999999 634.4768475 634.4768475 641.5633349999999 637.783875 663.7676624999999 624.555765 664.240095 625.0281974999999 656.2087425 705.8141549999999 608.49306 626.4454949999999 608.0206274999999 642.5082 736.0498349999999 633.5319825 655.73631 648.17739 616.996845 634.4768475 383.61519 621.2487375 633.05955 570.2260275 627.39036 617.94171 647.7049575 539.0454824999999 646.7600924999999 688.8065849999999 626.9179275 635.894145 672.2714475 743.608755 618.4141425 641.5633349999999 625.9730625 642.0357675 654.791445 652.4292825 660.460635 657.62604 645.8152275 653.84658 634.4768475 679.8303675 645.8152275 628.8076575 639.673605 656.6811749999999 654.3190125 652.901715 325.03355999999997 658.5709049999999 669.4368525 667.5471225 644.8703624999999
2.330000 595.26495 608.9654925 614.6346824999999 605.1860325 616.05198 597.15468 582.9817049999999 618.886575 610.38279 627.39036 620.3038725 658.0984725 638.2563074999999 600.4617075 652.4292825 625.9730625 656.6811749999999 602.8238699999999 614.16225 621.2487375 615.5795475 632.114685 636.3665775 605.658465 614.6346824999999 625.0281974999999 634.4768475 626.9179275 633.05955 638.2563074999999 601.879005 633.05955 606.6033299999999 614.6346824999999 650.0671199999999 632.5871175 628.8076575 617.4692775 638.2563074999999 634.004415 607.0757625 614.6346824999999 625.0281974999999 642.9806325 624.0833325 639.2011725 649.5946875 657.1536075 640.61847 633.5319825 655.2638774999999 648.17739 635.4217125 654.791445 616.5244124999999 612.27252 632.114685 649.5946875 636.3665775 565.9741349999999 614.16225 634.004415 621.7211699999999 620.3038725 615.107115 646.7600924999999 615.5795475 638.2563074999999 625.0281974999999 630.224955 625.50063 655.73631 639.2011725 624.555765 649.122255 644.39793 642.9806325 623.1384674999999 639.673605 657.1536075 643.4530649999999 671.7990149999999 641.0909025 657.1536075 619.3590075 640.1460374999999 651.9568499999999 661.4055 661.8779324999999 655.73631 673.2163125 635.4217125 644.8703624999999 656.6811749999999 636.8390099999999 634.9492799999999 637.783875 652.901715 589.5957599999999 705.3417225
2.340000 592.9027874999999 788.4898425 605.1860325 613.6898175 615.5795475 626.4454949999999 635.4217125 616.05198 618.886575 596.2098149999999 589.1233275 616.996845 624.0833325 618.886575 642.5082 526.289805 645.342795 623.1384674999999 627.39036 624.555765 631.16982 631.6422524999999 626.4454949999999 619.8314399999999 328.81302 636.8390099999999 649.122255 610.38279 646.28766 622.666035 628.3352249999999 626.4454949999999 643.4530649999999 284.404365 645.8152275 573.533055 621.2487375 598.0995449999999 601.879005 629.28009 618.886575 633.5319825 635.4217125 632.114685 641.5633349999999 652.901715 632.5871175 653.84658 631.16982 451.17303749999996 619.8314399999999 638.2563074999999 606.6033299999999 628.8076575 643.9254975 657.1536075 631.6422524999999 662.350365 663.7676624999999 640.1460374999999 625.9730625 607.548195 628.3352249999999 614.6346824999999 643.9254975 636.3665775 653.3741474999999 625.9730625 781.8757875 638.2563074999999 907.0704 602.3514375 625.50063 625.50063 659.51577 631.16982 634.004415 636.3665775 636.8390099999999 664.7125275 655.73631 628.3352249999999 625.50063 642.0357675 662.8227975 650.0671199999999 645.8152275 624.555765 666.6022575 657.1536075 653.84658 687.3892875 666.6022575 682.1925299999999 652.901715 627.39036 631.6422524999999 451.64547 665.6573925 665.6573925
2.350000 598.5719775 590.0681925 617.4692775 618.886575 596.2098149999999 612.27252 591.0130575 599.5168424999999 615.107115 623.6109 623.6109 627.39036 592.9027874999999 617.94171 623.6109 619.3590075 633.5319825 646.28766 633.05955 645.342795 630.6973875 608.0206274999999 623.6109 607.548195 643.9254975 628.8076575 615.107115 642.5082 610.8552225 629.7525224999999 636.3665775 618.886575 633.05955 623.1384674999999 636.3665775 625.50063 611.3276549999999 649.122255 610.8552225 649.122255 636.8390099999999 622.666035 642.9806325 610.38279 611.8000875 640.1460374999999 631.6422524999999 655.2638774999999 642.0357675 613.6898175 630.6973875 636.3665775 637.3114425 630.6973875 526.7622375 633.05955 619.3590075 651.4844175 646.7600924999999 746.44335 620.776305 639.673605 630.224955 645.8152275 643.4530649999999 643.4530649999999 657.62604 627.39036 640.1460374999999 610.8552225 658.0984725 655.2638774999999 621.2487375 622.1936025 639.2011725 661.8779324999999 635.4217125 640.1460374999999 647.7049575 667.5471225 642.0357675 615.5795475 654.3190125 624.0833325 617.94171 604.2411675 656.2087425 238.57841249999998 647.7049575 654.3190125 688.8065849999999 651.011985 659.51577 632.114685 656.2087425 626.9179275 667.0746899999999 641.0909025 721.87686 680.7752325
2.360000 622.1936025 608.9654925 603.768735 529.5968325 609.9103574999999 612.27252 612.27252 608.49306 601.4065724999999 601.879005 604.7135999999999 626.4454949999999 599.989275 634.9492799999999 613.6898175 635.4217125 635.894145 632.5871175 621.2487375 624.555765 623.1384674999999 620.776305 624.555765 632.5871175 663.29523 623.6109 683.137395 651.9568499999999 859.82715 737.4671324999999 651.011985 622.1936025 601.879005 632.114685 636.8390099999999 623.1384674999999 626.4454949999999 555.1081875 607.0757625 639.673605 616.996845 625.0281974999999 650.0671199999999 616.5244124999999 575.422785 647.7049575 613.6898175 641.5633349999999 663.29523 608.0206274999999 635.894145 640.1460374999999 638.2563074999999 586.761165 800.300655 635.894145 590.540625 640.61847 646.28766 628.8076575 662.350365 623.1384674999999 620.776305 668.96442 641.0909025 657.1536075 634.4768475 630.6973875 627.39036 643.4530649999999 625.50063 660.9330675 550.3838625 660.9330675 639.673605 637.3114425 617.4692775 652.4292825 656.6811749999999 646.7600924999999 643.4530649999999 660.9330675 661.8779324999999 630.224955 632.5871175 660.460635 655.73631 669.909285 653.3741474999999 651.011985 624.0833325 663.7676624999999 651.011985 648.17739 680.3027999999999 646.28766 672.74388 660.460635 664.240095 672.74388
2.370000 596.6822475 585.3438675 642.0357675 616.996845 625.50063 621.7211699999999 611.3276549999999 638.2563074999999 598.5719775 595.26495 616.05198 612.27252 625.0281974999999 601.879005 658.0984725 627.39036 634.4768475 626.4454949999999 638.72874 621.2487375 634.9492799999999 632.5871175 651.011985 624.555765 621.7211699999999 616.5244124999999 627.8627925 646.28766 631.16982 634.4768475 648.6498224999999 638.2563074999999 476.6843925 619.8314399999999 638.72874 610.38279 703.9244249999999 684.5546925 488.96763749999997 637.3114425 616.5244124999999 608.49306 623.1384674999999 659.0433375 611.3276549999999 642.0357675 616.5244124999999 619.3590075 635.894145 611.3276549999999 637.783875 664.240095 635.4217125 642.5082 643.4530649999999 659.51577 643.4530649999999 653.3741474999999 641.5633349999999 625.9730625 644.39793 641.5633349999999 617.4692775 615.107115 617.94171 629.7525224999999 655.2638774999999 618.886575 669.4368525 583.4541375 649.5946875 639.2011725 641.5633349999999 628.3352249999999 619.3590075 638.2563074999999 596.6822475 634.004415 641.5633349999999 276.37301249999996 15.11784 667.0746899999999 655.73631 654.3190125 622.666035 670.3817174999999 754.4747024999999 650.0671199999999 639.673605 556.0530524999999 649.122255 644.8703624999999 645.342795 650.0671199999999 644.39793 651.9568499999999 669.4368525 669.4368525 697.3103699999999 651.4844175
2.380000 602.8238699999999 471.48763499999995 614.6346824999999 587.7060299999999 664.7125275 641.0909025 591.9579225 619.8314399999999 625.9730625 619.8314399999999 609.437925 613.2173849999999 619.8314399999999 676.52334 625.50063 617.94171 610.8552225 628.3352249999999 625.50063 624.555765 618.886575 606.1308975 642.5082 607.0757625 603.2963025 630.6973875 618.886575 622.666035 642.9806325 644.39793 631.6422524999999 642.9806325 625.9730625 725.1838875 646.7600924999999 634.004415 628.3352249999999 632.114685 560.7773775 645.8152275 614.16225 603.2963025 633.05955 617.4692775 242.35787249999998 669.909285 640.61847 634.9492799999999 646.28766 643.9254975 643.4530649999999 651.4844175 632.114685 625.0281974999999 657.1536075 614.16225 638.2563074999999 668.96442 871.16553 650.0671199999999 624.0833325 671.7990149999999 667.5471225 642.5082 657.62604 667.5471225 648.6498224999999 642.0357675 627.8627925 638.2563074999999 641.0909025 653.3741474999999 667.5471225 660.460635 656.2087425 666.6022575 640.61847 661.8779324999999 659.51577 645.8152275 635.4217125 676.0509075 637.3114425 359.52113249999996 667.5471225 641.5633349999999 645.342795 656.6811749999999 639.673605 764.8682175 212.12219249999998 660.9330675 619.3590075 641.5633349999999 662.8227975 667.5471225 669.4368525 648.6498224999999 670.85415 680.7752325
2.390000 571.643325 697.3103699999999 602.8238699999999 624.555765 909.4325624999999 615.5795475 626.9179275 624.555765 621.2487375 833.8433625 629.28009 663.29523 622.666035 610.8552225 635.894145 632.5871175 611.3276549999999 617.4692775 697.7828025 197.00435249999998 634.4768475 630.224955 623.1384674999999 610.8552225 636.3665775 636.3665775 611.8000875 646.7600924999999 655.2638774999999 708.1763175 617.4692775 635.894145 611.3276549999999 656.6811749999999 648.6498224999999 594.7925174999999 622.1936025 624.555765 653.84658 610.38279 614.6346824999999 642.0357675 625.0281974999999 619.8314399999999 632.5871175 644.39793 625.50063 643.9254975 651.011985 629.7525224999999 675.5784749999999 619.3590075 621.7211699999999 643.4530649999999 640.61847 623.1384674999999 641.5633349999999 626.9179275 631.16982 654.791445 625.0281974999999 630.224955 650.0671199999999 652.4292825 629.28009 660.460635 611.3276549999999 643.9254975 637.783875 639.673605 651.9568499999999 623.1384674999999 712.4282099999999 650.5395525 641.5633349999999 667.0746899999999 612.27252 655.2638774999999 649.122255 644.8703624999999 662.8227975 668.96442 646.7600924999999 658.0984725 651.011985 591.9579225 825.3395774999999 651.9568499999999 655.73631 662.350365 666.129825 661.4055 707.2314524999999 668.96442 646.28766 669.4368525 675.1060425 669.4368525 644.8703624999999 688.3341525
2.400000 624.0833325 585.3438675 740.7741599999999 592.9027874999999 593.8476525 639.673605 616.5244124999999 645.342795 620.3038725 632.5871175 627.39036 618.4141425 628.8076575 616.5244124999999 656.6811749999999 648.17739 617.4692775 634.4768475 625.50063 630.224955 632.114685 621.2487375 640.61847 625.0281974999999 651.011985 632.5871175 638.2563074999999 638.2563074999999 619.3590075 627.8627925 640.61847 563.6119725 647.7049575 616.05198 618.886575 681.7200975 649.122255 634.004415 632.5871175 650.5395525 636.3665775 624.0833325 637.3114425 644.8703624999999 629.7525224999999 578.25738 619.3590075 627.8627925 669.4368525 642.5082 655.2638774999999 713.373075 645.8152275 537.628185 660.460635 669.909285 626.9179275 647.232525 701.5622625 650.5395525 649.5946875 644.8703624999999 628.3352249999999 673.2163125 632.114685 634.9492799999999 708.1763175 653.3741474999999 644.8703624999999 672.2714475 633.5319825 621.2487375 653.84658 638.72874 665.1849599999999 649.5946875 574.0054875 653.84658 638.2563074999999 664.7125275 634.9492799999999 658.5709049999999 638.2563074999999 655.2638774999999 653.3741474999999 657.62604 634.004415 640.61847 670.3817174999999 643.4530649999999 635.894145 647.232525 659.0433375 646.28766 665.6573925 669.909285 681.7200975 920.29851 686.4444225 656.2087425
2.410000 612.27252 590.0681925 625.50063 624.0833325 651.011985 612.7449525 629.7525224999999 634.004415 642.5082 617.4692775 628.8076575 662.8227975 571.643325 613.2173849999999 737.4671324999999 623.1384674999999 636.3665775 634.4768475 620.3038725 815.418495 619.3590075 638.72874 612.27252 627.39036 645.342795 632.114685 642.0357675 660.460635 631.16982 636.3665775 632.5871175 614.6346824999999 636.3665775 642.0357675 625.9730625 622.666035 685.027125 615.107115 634.9492799999999 624.0833325 641.0909025 641.0909025 638.2563074999999 643.4530649999999 647.232525 636.3665775 646.7600924999999 660.460635 661.4055 650.0671199999999 632.114685 669.4368525 634.4768475 645.8152275 643.4530649999999 672.2714475 624.555765 657.1536075 645.8152275 652.901715 643.4530649999999 674.63361 657.1536075 595.7373825 634.4768475 647.232525 642.9806325 653.3741474999999 664.240095 649.5946875 927.8574299999999 624.555765 650.5395525 635.894145 658.0984725 647.232525 650.0671199999999 659.51577 636.3665775 660.9330675 684.5546925 643.4530649999999 649.5946875 654.3190125 633.5319825 643.9254975 648.6498224999999 662.350365 638.2563074999999 640.61847 649.5946875 497.47142249999996 659.9882024999999 662.8227975 632.114685 681.7200975 671.3265825 654.791445 648.17739 775.2617325
2.420000 615.5795475 605.658465 624.555765 635.4217125 600.4617075 608.0206274999999 621.7211699999999 592.430355 616.996845 636.3665775 595.26495 608.49306 611.3276549999999 618.886575 653.84658 642.9806325 641.0909025 632.114685 640.61847 627.39036 633.5319825 813.0563324999999 575.8952175 484.2433125 624.0833325 637.3114425 624.0833325 651.011985 621.7211699999999 620.776305 632.114685 634.4768475 635.4217125 692.586045 647.232525 581.0919749999999 625.50063 633.5319825 483.77088 736.5222675 628.8076575 624.0833325 626.4454949999999 637.783875 650.5395525 593.8476525 661.4055 658.0984725 216.84651749999998 652.901715 620.3038725 661.8779324999999 620.3038725 581.5644075 645.342795 619.3590075 657.62604 668.4919874999999 639.2011725 634.9492799999999 45.8259525 637.783875 700.6173974999999 631.6422524999999 666.129825 715.7352374999999 653.84658 760.616325 644.8703624999999 636.3665775 631.6422524999999 645.342795 651.4844175 668.019555 651.4844175 651.9568499999999 642.0357675 641.5633349999999 674.1611775 680.7752325 648.17739 676.52334 676.9957724999999 646.28766 665.6573925 594.7925174999999 519.67575 659.0433375 671.7990149999999 499.83358499999997 723.76659 656.2087425 655.73631 669.909285 675.1060425 674.1611775 675.1060425 682.1925299999999 699.6725325 669.4368525
2.430000 602.8238699999999 633.05955 618.4141425 632.114685 678.41307 628.3352249999999 645.8152275 615.5795475 615.5795475 899.51148 620.776305 625.50063 830.536335 625.50063 660.460635 639.2011725 655.73631 574.4779199999999 642.0357675 725.6563199999999 662.350365 612.27252 624.0833325 616.996845 667.5471225 626.9179275 615.107115 643.9254975 625.50063 615.5795475 642.5082 613.6898175 645.8152275 631.16982 642.5082 658.0984725 640.61847 641.0909025 642.9806325 637.783875 656.6811749999999 645.342795 637.3114425 628.8076575 641.0909025 706.2865875 664.240095 656.6811749999999 634.4768475 664.7125275 650.5395525 650.0671199999999 646.28766 654.3190125 648.17739 659.9882024999999 648.6498224999999 666.6022575 653.3741474999999 654.3190125 640.1460374999999 641.0909025 648.17739 636.3665775 642.9806325 659.51577 614.16225 675.5784749999999 651.4844175 666.129825 632.114685 675.1060425 633.05955 659.0433375 646.28766 659.0433375 645.342795 629.7525224999999 625.9730625 664.240095 608.0206274999999 428.96871 661.8779324999999 685.4995574999999 674.1611775 670.3817174999999 649.122255 723.76659 659.51577 665.1849599999999 662.8227975 593.8476525 727.5460499999999 672.74388 672.2714475 657.1536075 616.05198 684.08226 658.0984725 668.96442
2.440000 603.2963025 596.6822475 648.17739 615.5795475 599.04441 624.0833325 632.114685 630.224955 609.437925 611.8000875 613.6898175 620.3038725 568.80873 613.2173849999999 621.2487375 655.73631 619.8314399999999 617.4692775 702.5071274999999 659.9882024999999 617.4692775 624.555765 642.5082 645.8152275 654.3190125 868.330935 682.6649625 608.9654925 630.224955 662.8227975 620.3038725 636.3665775 614.16225 606.1308975 625.0281974999999 665.1849599999999 636.8390099999999 639.2011725 625.0281974999999 615.5795475 651.011985 634.9492799999999 651.9568499999999 648.17739 641.5633349999999 653.84658 665.1849599999999 683.6098274999999 651.9568499999999 651.9568499999999 591.9579225 646.28766 633.5319825 636.8390099999999 653.3741474999999 424.24438499999997 643.9254975 646.7600924999999 649.5946875 616.996845 636.3665775 627.39036 637.3114425 637.783875 641.5633349999999 648.6498224999999 638.2563074999999 652.4292825 651.011985 662.350365 656.6811749999999 639.2011725 642.0357675 633.5319825 635.894145 651.011985 635.4217125 649.122255 652.4292825 663.7676624999999 661.4055 669.909285 728.9633474999999 654.3190125 639.673605 676.52334 592.9027874999999 639.673605 661.8779324999999 652.901715 649.122255 647.7049575 661.4055 676.52334 659.9882024999999 637.3114425 644.39793 667.5471225 677.9406375 730.380645
2.450000 609.9103574999999 592.430355 612.7449525 576.8400825 651.9568499999999 630.6973875 621.2487375 622.1936025 618.4141425 611.8000875 609.437925 668.4919874999999 626.4454949999999 631.6422524999999 665.1849599999999 642.9806325 636.3665775 627.39036 638.2563074999999 642.0357675 636.3665775 573.0606225 638.72874 637.783875 586.761165 645.8152275 816.8357924999999 633.05955 614.16225 633.05955 642.0357675 634.9492799999999 608.49306 529.5968325 649.122255 641.0909025 628.3352249999999 622.1936025 632.114685 638.2563074999999 611.8000875 656.2087425 622.666035 642.9806325 642.5082 643.9254975 676.9957724999999 645.342795 656.6811749999999 655.73631 659.0433375 635.4217125 769.12011 641.0909025 654.3190125 667.5471225 656.2087425 650.0671199999999 885.8109374999999 680.3027999999999 637.783875 658.0984725 647.7049575 646.28766 653.84658 665.1849599999999 556.0530524999999 666.6022575 630.224955 684.08226 677.468205 634.9492799999999 691.1687475 617.4692775 674.1611775 629.7525224999999 647.7049575 579.6746774999999 640.1460374999999 599.5168424999999 672.2714475 656.2087425 628.8076575 670.85415 665.6573925 659.9882024999999 683.137395 723.76659 648.17739 669.909285 678.41307 656.6811749999999 659.9882024999999 683.137395 659.51577 604.7135999999999 419.52006 605.1860325 608.49306 646.28766
2.460000 594.7925174999999 605.658465 602.3514375 598.0995449999999 636.3665775 642.5082 605.658465 615.107115 636.8390099999999 631.16982 628.8076575 629.7525224999999 559.3600799999999 627.8627925 630.224955 655.73631 634.004415 606.1308975 665.6573925 635.4217125 625.0281974999999 655.2638774999999 636.3665775 630.6973875 639.2011725 616.5244124999999 653.84658 641.0909025 901.8736425 642.9806325 574.0054875 614.16225 785.6552475 652.4292825 704.3968575 692.586045 642.0357675 624.0833325 618.886575 663.29523 645.342795 641.0909025 642.0357675 634.004415 647.7049575 634.4768475 665.1849599999999 653.84658 659.0433375 643.4530649999999 664.240095 647.7049575 637.3114425 632.114685 642.9806325 711.9557775 675.1060425 658.0984725 636.8390099999999 645.8152275 667.0746899999999 88.3448775 625.9730625 672.74388 12.283244999999999 644.39793 662.8227975 665.6573925 632.114685 594.320085 641.5633349999999 666.6022575 648.17739 661.8779324999999 622.1936025 666.129825 645.8152275 630.6973875 668.4919874999999 682.6649625 647.232525 661.8779324999999 667.5471225 648.6498224999999 678.8855024999999 665.1849599999999 657.1536075 654.3190125 648.17739 735.10497 675.5784749999999 560.304945 673.2163125 648.17739 649.5946875 667.5471225 692.586045 651.4844175 670.85415 688.8065849999999
2.470000 599.04441 655.2638774999999 633.5319825 627.39036 623.6109 618.4141425 656.6811749999999 584.3990024999999 675.1060425 620.776305 629.28009 646.28766 628.8076575 630.6973875 649.122255 646.28766 641.5633349999999 638.72874 646.7600924999999 634.4768475 653.3741474999999 638.72874 652.901715 651.9568499999999 642.9806325 657.1536075 668.4919874999999 634.004415 638.72874 626.9179275 658.0984725 644.39793 616.996845 639.2011725 639.2011725 641.0909025 659.51577 631.16982 676.52334 649.5946875 651.4844175 649.5946875 640.61847 623.1384674999999 731.32551 583.92657 657.1536075 641.5633349999999 653.84658 690.2238825 638.72874 638.2563074999999 660.9330675 644.8703624999999 655.73631 656.2087425 667.0746899999999 581.5644075 670.85415 636.8390099999999 676.0509075 651.9568499999999 667.0746899999999 626.4454949999999 640.1460374999999 512.1168299999999 657.62604 652.4292825 661.8779324999999 638.2563074999999 594.320085 638.2563074999999 676.52334 630.224955 661.4055 674.1611775 469.1254725 639.2011725 672.74388 660.9330675 671.3265825 650.0671199999999 662.350365 676.9957724999999 540.46278 734.6325375 575.422785 662.8227975 651.4844175 486.60547499999996 656.6811749999999 639.2011725 693.53091 638.2563074999999 676.52334 493.21952999999996 657.1536075 661.4055 673.2163125 702.0346949999999
2.480000 609.9103574999999 617.4692775 615.5795475 622.1936025 634.4768475 637.3114425 624.555765 625.0281974999999 617.4692775 609.9103574999999 646.7600924999999 629.7525224999999 599.989275 634.004415 647.232525 645.8152275 635.4217125 622.666035 649.122255 642.0357675 634.9492799999999 618.886575 630.6973875 620.776305 633.5319825 629.28009 663.29523 652.901715 635.4217125 662.8227975 625.9730625 650.5395525 646.28766 628.3352249999999 628.8076575 620.776305 669.909285 657.62604 675.5784749999999 624.0833325 651.4844175 655.73631 630.6973875 630.6973875 659.51577 725.6563199999999 668.96442 641.5633349999999 650.5395525 638.2563074999999 671.7990149999999 642.5082 650.5395525 670.3817174999999 657.62604 639.673605 672.2714475 640.1460374999999 645.8152275 661.4055 754.00227 679.8303675 657.1536075 655.2638774999999 673.2163125 656.2087425 652.901715 668.019555 659.51577 645.342795 642.0357675 659.0433375 649.122255 660.460635 638.2563074999999 656.6811749999999 638.2563074999999 651.4844175 650.0671199999999 682.1925299999999 680.3027999999999 659.51577 682.6649625 665.1849599999999 640.61847 669.909285 673.6887449999999 661.8779324999999 647.232525 665.1849599999999 683.137395 647.7049575 567.3914325 666.129825 685.027125 665.6573925 680.7752325 508.33736999999996 664.240095 662.350365
2.490000 607.548195 620.3038725 729.4357799999999 626.4454949999999 606.6033299999999 641.0909025 629.28009 634.4768475 639.673605 625.50063 608.9654925 566.919 629.7525224999999 627.39036 641.5633349999999 626.4454949999999 642.9806325 661.4055 636.3665775 639.2011725 629.7525224999999 658.0984725 611.8000875 652.4292825 639.2011725 652.4292825 639.673605 654.791445 742.6638899999999 654.3190125 659.0433375 627.39036 638.72874 624.0833325 649.122255 616.05198 632.5871175 638.72874 649.5946875 634.9492799999999 659.51577 658.0984725 578.25738 690.6963149999999 580.6195425 642.0357675 667.0746899999999 658.5709049999999 671.7990149999999 633.5319825 668.4919874999999 630.224955 659.9882024999999 589.1233275 647.232525 648.6498224999999 648.6498224999999 627.39036 667.5471225 655.2638774999999 634.9492799999999 646.28766 646.28766 638.2563074999999 634.4768475 649.122255 684.08226 651.011985 653.84658 636.8390099999999 648.6498224999999 655.2638774999999 646.7600924999999 801.7179524999999 661.8779324999999 665.6573925 676.9957724999999 588.650895 651.4844175 658.5709049999999 656.2087425 636.8390099999999 642.9806325 675.1060425 666.6022575 658.5709049999999 686.9168549999999 679.357935 668.4919874999999 664.240095 691.1687475 648.6498224999999 672.2714475 651.9568499999999 660.460635 700.144965 609.437925 674.63361 658.5709049999999 659.0433375
2.500000 623.6109 609.437925 647.7049575 616.05198 603.768735 620.3038725 634.4768475 525.8173724999999 611.8000875 694.0033424999999 605.1860325 630.6973875 630.224955 637.783875 646.28766 630.6973875 635.4217125 631.16982 638.72874 628.3352249999999 897.1493174999999 625.0281974999999 756.836865 640.61847 656.2087425 657.1536075 615.5795475 669.4368525 639.2011725 468.65304 652.901715 645.8152275 663.29523 629.7525224999999 623.1384674999999 669.909285 633.5319825 669.4368525 659.51577 638.72874 656.2087425 650.0671199999999 630.224955 656.2087425 621.7211699999999 640.61847 622.666035 642.0357675 663.29523 661.4055 681.247665 661.8779324999999 686.9168549999999 656.6811749999999 647.7049575 665.1849599999999 642.5082 656.6811749999999 661.8779324999999 635.4217125 650.5395525 676.52334 332.59247999999997 687.86172 684.08226 652.901715 664.7125275 715.262805 627.8627925 664.240095 651.9568499999999 664.7125275 750.6952425 665.6573925 651.011985 642.0357675 836.6779574999999 664.7125275 649.122255 703.4519925 684.5546925 733.6876725 681.247665 558.415215 666.6022575 656.6811749999999 668.96442 638.2563074999999 684.5546925 667.0746899999999 417.1578975 661.8779324999999 687.3892875 654.791445 667.0746899999999 664.7125275 649.5946875 691.64118 686.4444225 707.2314524999999
2.510000 609.437925 635.894145 636.3665775 635.4217125 600.4617075 645.8152275 604.2411675 615.107115 607.548195 626.4454949999999 642.5082 603.768735 642.5082 627.8627925 650.5395525 627.39036 650.0671199999999 682.1925299999999 625.0281974999999 651.9568499999999 625.9730625 653.84658 622.1936025 631.6422524999999 622.666035 645.8152275 626.9179275 662.350365 588.650895 624.0833325 771.4822724999999 611.3276549999999 636.8390099999999 664.7125275 614.16225 646.28766 623.6109 636.3665775 638.72874 572.1157575 660.460635 703.4519925 635.894145 635.894145 647.7049575 641.5633349999999 669.909285 649.5946875 718.5698325 659.51577 658.0984725 764.3957849999999 664.240095 676.52334 669.909285 649.122255 640.1460374999999 664.7125275 670.85415 657.62604 632.114685 120.94272 653.3741474999999 669.4368525 676.52334 655.2638774999999 655.2638774999999 643.9254975 462.98384999999996 664.240095 673.6887449999999 604.7135999999999 665.1849599999999 675.1060425 666.6022575 659.0433375 688.3341525 663.7676624999999 643.9254975 663.29523 692.586045 691.1687475 660.460635 691.1687475 640.1460374999999 658.0984725 645.342795 651.011985 647.7049575 674.63361 668.96442 672.74388 659.9882024999999 636.3665775 727.5460499999999 667.0746899999999 653.84658 668.96442 688.3341525 674.1611775
2.520000 552.2735925 631.16982 623.1384674999999 615.107115 116.218395 637.3114425 650.5395525 639.673605 728.0184825 639.2011725 648.6498224999999 627.8627925 635.4217125 625.50063 650.0671199999999 640.1460374999999 628.3352249999999 648.17739 827.70174 653.84658 642.5082 645.8152275 648.6498224999999 636.3665775 667.0746899999999 653.3741474999999 642.9806325 629.7525224999999 610.38279 627.39036 640.61847 623.1384674999999 653.84658 656.6811749999999 657.1536075 637.783875 656.6811749999999 629.28009 660.460635 665.1849599999999 638.72874 620.776305 667.5471225 634.004415 655.2638774999999 602.3514375 760.1438925 659.51577 662.8227975 640.61847 634.9492799999999 651.4844175 688.3341525 631.6422524999999 647.7049575 667.5471225 676.9957724999999 659.0433375 660.9330675 684.08226 661.4055 672.2714475 663.7676624999999 665.1849599999999 651.9568499999999 677.9406375 640.61847 646.28766 642.9806325 162.98921249999998 639.673605 662.350365 665.6573925 654.3190125 650.0671199999999 650.5395525 648.17739 648.17739 637.3114425 658.5709049999999 614.6346824999999 650.5395525 686.4444225 694.9482075 664.240095 685.027125 642.9806325 659.9882024999999 657.1536075 663.7676624999999 261.727605 660.460635 673.2163125 682.6649625 679.8303675 676.9957724999999 663.7676624999999 693.0584775 689.75145 691.1687475
2.530000 562.194675 643.9254975 632.114685 629.7525224999999 654.791445 617.94171 637.3114425 643.4530649999999 651.011985 634.9492799999999 652.4292825 634.004415 650.0671199999999 634.004415 668.96442 668.019555 613.2173849999999 641.0909025 653.3741474999999 647.232525 691.64118 634.004415 640.1460374999999 652.901715 634.9492799999999 624.555765 668.96442 689.2790175 630.6973875 655.73631 708.64875 652.901715 599.5168424999999 634.9492799999999 640.61847 635.894145 637.783875 620.776305 649.5946875 667.0746899999999 659.0433375 657.62604 638.72874 635.894145 674.63361 673.2163125 676.52334 667.0746899999999 655.2638774999999 642.9806325 730.8530774999999 673.2163125 683.6098274999999 670.3817174999999 621.2487375 655.2638774999999 672.74388 654.791445 670.3817174999999 671.3265825 670.85415 679.357935 668.019555 717.152535 680.7752325 670.3817174999999 647.232525 678.41307 640.1460374999999 665.6573925 660.9330675 589.5957599999999 619.8314399999999 657.1536075 642.0357675 637.783875 635.894145 633.5319825 667.0746899999999 662.8227975 660.460635 668.4919874999999 675.1060425 683.137395 721.87686 676.52334 656.6811749999999 658.5709049999999 660.460635 688.8065849999999 672.2714475 700.6173974999999 660.9330675 676.9957724999999 663.7676624999999 697.7828025 699.6725325 682.1925299999999 697.3103699999999 755.4195675
2.540000 725.6563199999999 658.0984725 651.011985 629.7525224999999 636.8390099999999 626.9179275 698.255235 627.8627925 636.8390099999999 614.6346824999999 617.4692775 609.9103574999999 650.0671199999999 638.72874 650.5395525 639.673605 652.4292825 643.4530649999999 645.342795 636.3665775 633.5319825 646.7600924999999 651.4844175 651.9568499999999 657.1536075 637.783875 616.5244124999999 641.0909025 635.894145 647.7049575 655.2638774999999 667.0746899999999 633.5319825 638.72874 659.9882024999999 656.6811749999999 629.28009 640.61847 651.011985 644.8703624999999 619.8314399999999 639.673605 677.9406375 676.9957724999999 627.39036 667.0746899999999 640.61847 654.791445 660.9330675 655.73631 653.3741474999999 673.6887449999999 653.3741474999999 642.0357675 654.791445 675.5784749999999 677.468205 691.64118 677.9406375 666.6022575 655.73631 653.3741474999999 648.6498224999999 554.635755 670.3817174999999 684.08226 651.4844175 660.460635 654.3190125 659.0433375 937.30608 669.909285 663.7676624999999 643.4530649999999 659.9882024999999 656.2087425 675.1060425 676.0509075 634.9492799999999 662.8227975 683.137395 678.41307 618.886575 686.9168549999999 671.7990149999999 678.41307 668.4919874999999 676.0509075 689.2790175 678.8855024999999 644.8703624999999 683.6098274999999 672.74388 694.0033424999999 664.7125275 687.86172 580.14711 691.1687475 684.5546925 683.137395
2.550000 615.107115 631.6422524999999 631.6422524999999 630.6973875 640.1460374999999 612.27252 625.9730625 632.114685 626.4454949999999 650.5395525 631.6422524999999 618.4141425 642.5082 402.0400575 641.0909025 638.72874 651.9568499999999 636.3665775 646.28766 629.7525224999999 643.4530649999999 644.8703624999999 652.901715 666.129825 641.0909025 653.84658 635.4217125 637.783875 617.94171 648.6498224999999 651.011985 630.6973875 880.1417475 639.673605 594.320085 649.5946875 760.616325 667.5471225 636.3665775 627.39036 582.03684 644.39793 666.129825 660.9330675 628.3352249999999 685.027125 688.8065849999999 627.39036 664.7125275 647.232525 672.74388 677.468205 659.51577 661.8779324999999 658.0984725 653.84658 650.0671199999999 637.3114425 655.73631 673.6887449999999 689.2790175 666.129825 649.5946875 688.3341525 659.0433375 677.468205 676.9957724999999 681.247665 646.7600924999999 675.5784749999999 670.85415 675.5784749999999 717.6249674999999 642.5082 721.4044275 675.5784749999999 659.9882024999999 673.2163125 671.7990149999999 693.0584775 685.4995574999999 693.53091 644.39793 684.08226 705.3417225 674.1611775 684.5546925 750.22281 691.1687475 695.8930725 663.29523 556.525485 682.1925299999999 668.96442 679.357935 643.4530649999999 702.97956 671.3265825 684.08226 678.41307
2.560000 604.2411675 622.666035 651.4844175 648.17739 650.0671199999999 641.0909025 545.187105 614.6346824999999 630.6973875 649.5946875 660.460635 679.357935 577.7849474999999 625.50063 628.3352249999999 743.1363225 648.17739 666.129825 637.783875 663.7676624999999 660.460635 660.460635 638.2563074999999 660.460635 623.6109 664.240095 659.51577 678.8855024999999 716.20767 701.5622625 632.114685 639.673605 658.0984725 644.39793 656.2087425 661.4055 642.5082 650.5395525 657.62604 661.4055 662.8227975 645.342795 640.61847 647.232525 638.2563074999999 653.3741474999999 656.2087425 683.6098274999999 663.29523 775.734165 203.6184075 686.9168549999999 667.0746899999999 661.4055 664.240095 264.56219999999996 694.9482075 657.1536075 626.9179275 672.2714475 675.5784749999999 659.51577 651.011985 654.791445 676.52334 667.5471225 651.4844175 799.35579 664.7125275 642.9806325 646.7600924999999 567.3914325 714.7903725 669.909285 658.0984725 812.1114675 656.2087425 672.74388 662.8227975 653.84658 664.7125275 674.1611775 643.9254975 671.3265825 674.1611775 659.9882024999999 674.63361 678.41307 666.6022575 669.909285 684.5546925 741.719025 664.240095 668.019555 700.6173974999999 685.97199 687.86172 692.1136124999999 633.05955 671.3265825
2.570000 608.49306 647.232525 625.0281974999999 645.342795 511.64439749999997 624.0833325 649.122255 629.28009 619.8314399999999 649.5946875 637.3114425 650.5395525 637.783875 617.94171 670.85415 660.460635 896.676885 635.894145 659.9882024999999 655.73631 642.9806325 732.270375 670.85415 667.5471225 639.2011725 648.6498224999999 638.2563074999999 644.39793 641.5633349999999 660.460635 615.107115 665.6573925 662.8227975 643.4530649999999 719.98713 656.2087425 651.011985 519.67575 669.909285 675.5784749999999 633.5319825 641.0909025 643.4530649999999 640.1460374999999 641.0909025 669.4368525 645.342795 809.2768725 717.6249674999999 676.0509075 679.357935 641.0909025 763.45092 436.52763 663.29523 652.901715 687.3892875 691.1687475 673.6887449999999 664.240095 594.7925174999999 688.8065849999999 644.39793 654.3190125 664.240095 654.791445 671.3265825 688.8065849999999 528.6519675 655.2638774999999 661.8779324999999 662.8227975 662.8227975 689.2790175 650.0671199999999 674.63361 669.4368525 668.96442 661.8779324999999 689.75145 702.5071274999999 676.9957724999999 669.4368525 695.8930725 735.5774025 687.86172 709.1211824999999 651.4844175 681.247665 667.0746899999999 623.6109 692.586045 669.909285 686.9168549999999 713.8455074999999 694.0033424999999 712.9006425 706.75902 694.9482075 681.247665
2.580000 613.6898175 374.63897249999997 636.3665775 665.6573925 633.5319825 715.262805 614.16225 627.39036 637.783875 624.0833325 637.3114425 636.8390099999999 629.7525224999999 668.019555 663.7676624999999 305.191395 647.7049575 662.350365 644.8703624999999 668.96442 663.29523 650.5395525 651.9568499999999 654.791445 636.8390099999999 634.4768475 640.1460374999999 644.39793 636.8390099999999 643.9254975 637.783875 642.0357675 654.3190125 659.9882024999999 662.8227975 643.4530649999999 597.6271125 596.6822475 632.114685 631.16982 682.6649625 641.5633349999999 641.5633349999999 644.39793 665.6573925 663.7676624999999 667.5471225 675.5784749999999 651.011985 665.1849599999999 683.137395 658.0984725 651.011985 652.901715 648.6498224999999 651.4844175 638.72874 679.357935 636.3665775 688.8065849999999 630.224955 661.8779324999999 663.7676624999999 679.357935 688.8065849999999 655.2638774999999 655.2638774999999 668.4919874999999 728.490915 641.0909025 673.6887449999999 674.63361 596.6822475 673.6887449999999 676.9957724999999 676.9957724999999 643.9254975 669.909285 658.5709049999999 677.468205 891.007695 675.1060425 668.019555 668.019555 667.0746899999999 665.6573925 758.2541625 673.6887449999999 697.7828025 660.9330675 678.8855024999999 666.6022575 657.62604 658.5709049999999 674.1611775 668.4919874999999 710.5384799999999 701.5622625 682.1925299999999 669.4368525
2.590000 660.9330675 640.1460374999999 94.95893249999999 689.75145 647.232525 635.894145 497.943855 661.8779324999999 636.3665775 889.5903975 639.673605 643.9254975 666.129825 632.5871175 646.7600924999999 646.7600924999999 652.901715 642.9806325 649.5946875 645.8152275 675.5784749999999 666.129825 744.0811874999999 653.84658 676.52334 656.2087425 625.9730625 655.73631 674.1611775 677.468205 655.2638774999999 673.2163125 818.2530899999999 656.6811749999999 637.783875 658.5709049999999 662.350365 650.5395525 639.2011725 649.122255 645.342795 676.0509075 719.0422649999999 652.4292825 652.4292825 648.17739 658.0984725 685.027125 672.2714475 657.1536075 695.8930725 674.1611775 673.6887449999999 745.0260525 696.365505 678.41307 675.1060425 665.1849599999999 688.8065849999999 648.17739 671.7990149999999 753.057405 676.0509075 665.1849599999999 668.4919874999999 682.1925299999999 660.9330675 646.7600924999999 672.2714475 665.6573925 654.3190125 647.7049575 656.2087425 683.137395 667.0746899999999 656.2087425 688.8065849999999 661.4055 659.9882024999999 681.247665 672.2714475 680.7752325 602.3514375 675.1060425 660.460635 674.1611775 737.4671324999999 698.7276674999999 697.7828025 841.4022825 674.63361 676.52334 670.3817174999999 664.7125275 477.6292575 657.1536075 692.586045 702.97956 754.947135 715.7352374999999
2.600000 636.3665775 602.3514375 471.48763499999995 597.15468 632.5871175 649.122255 635.4217125 632.5871175 629.7525224999999 649.122255 629.7525224999999 726.1287525 591.9579225 643.9254975 659.0433375 659.9882024999999 707.2314524999999 651.9568499999999 588.650895 649.5946875 606.6033299999999 659.9882024999999 710.0660475 664.240095 658.0984725 660.9330675 658.0984725 678.41307 664.240095 630.224955 788.4898425 265.0346325 672.2714475 645.8152275 655.73631 646.7600924999999 666.6022575 653.3741474999999 657.62604 653.84658 651.4844175 649.5946875 649.5946875 117.16326 634.9492799999999 659.9882024999999 671.3265825 675.1060425 667.0746899999999 682.6649625 658.5709049999999 668.96442 675.1060425 671.3265825 648.17739 645.342795 688.8065849999999 691.64118 687.3892875 669.909285 662.8227975 654.791445 368.02491749999996 690.6963149999999 667.5471225 659.9882024999999 673.2163125 673.2163125 671.3265825 675.1060425 673.6887449999999 657.62604 702.97956 672.2714475 672.74388 692.586045 680.7752325 672.74388 659.9882024999999 653.3741474999999 693.0584775 671.7990149999999 678.41307 671.7990149999999 741.2465925 683.6098274999999 675.5784749999999 669.4368525 663.7676624999999 693.53091 442.66925249999997 135.58812749999998 657.62604 680.7752325 622.1936025 648.6498224999999 709.593615 698.255235 694.9482075 706.2865875
2.610000 602.8238699999999 622.666035 618.886575 646.28766 637.3114425 624.0833325 649.5946875 634.004415 649.122255 628.3352249999999 634.004415 672.2714475 640.1460374999999 649.5946875 645.8152275 656.2087425 660.460635 628.8076575 831.4812 663.29523 668.96442 721.4044275 666.6022575 691.64118 520.1481825 656.2087425 727.5460499999999 665.6573925 643.9254975 640.1460374999999 722.3492924999999 650.0671199999999 652.901715 663.7676624999999 656.2087425 591.9579225 657.1536075 669.909285 661.8779324999999 668.019555 671.3265825 658.5709049999999 654.3190125 665.6573925 672.74388 672.2714475 683.137395 821.5601174999999 897.6217499999999 851.7957974999999 664.7125275 663.29523 656.6811749999999 668.019555 673.2163125 661.8779324999999 678.41307 670.85415 682.6649625 666.129825 680.3027999999999 192.2800275 670.3817174999999 678.8855024999999 658.0984725 684.08226 683.137395 641.5633349999999 672.2714475 690.6963149999999 665.1849599999999 651.9568499999999 676.9957724999999 665.6573925 668.4919874999999 694.0033424999999 663.7676624999999 655.73631 665.1849599999999 698.255235 702.5071274999999 661.4055 671.3265825 691.64118 671.3265825 697.3103699999999 658.5709049999999 674.1611775 679.357935 675.5784749999999 695.4206399999999 670.85415 900.9287774999999 682.1925299999999 691.64118 686.9168549999999 668.019555 685.027125 688.3341525 696.365505
2.620000 638.72874 622.666035 631.16982 639.2011725 645.8152275 644.8703624999999 656.2087425 687.86172 521.56548 648.17739 659.51577 647.7049575 619.8314399999999 641.0909025 662.350365 722.3492924999999 646.28766 629.28009 727.0736175 631.16982 657.1536075 651.9568499999999 639.673605 661.8779324999999 633.05955 658.5709049999999 645.342795 660.460635 662.8227975 895.2595875 655.2638774999999 651.9568499999999 661.8779324999999 645.342795 643.9254975 660.9330675 664.240095 661.4055 705.3417225 663.29523 669.4368525 652.4292825 637.3114425 665.6573925 654.791445 569.2811624999999 659.9882024999999 669.4368525 680.7752325 676.52334 653.84658 688.3341525 669.909285 661.8779324999999 677.9406375 659.9882024999999 828.6466049999999 702.97956 662.350365 666.129825 668.019555 673.6887449999999 679.357935 635.894145 661.4055 652.4292825 664.7125275 681.7200975 672.2714475 678.41307 646.28766 673.6887449999999 678.41307 326.4508575 689.75145 646.28766 649.122255 611.8000875 645.342795 697.7828025 748.33308 714.7903725 683.137395 608.9654925 693.53091 678.8855024999999 689.2790175 659.51577 703.9244249999999 676.0509075 673.2163125 675.5784749999999 698.7276674999999 677.9406375 678.41307 688.8065849999999 714.7903725 704.3968575 696.8379375 700.144965
2.630000 621.7211699999999 622.666035 620.776305 640.61847 659.9882024999999 625.50063 619.3590075 856.5201225 635.4217125 623.1384674999999 619.3590075 618.886575 582.9817049999999 541.407645 665.6573925 653.3741474999999 649.5946875 642.9806325 648.6498224999999 642.0357675 645.8152275 656.2087425 650.5395525 885.8109374999999 662.350365 659.9882024999999 640.1460374999999 642.0357675 630.6973875 690.2238825 652.901715 651.4844175 666.6022575 645.8152275 661.4055 656.6811749999999 640.1460374999999 550.3838625 671.7990149999999 671.3265825 656.6811749999999 652.4292825 668.96442 676.0509075 643.9254975 787.5449775 654.791445 679.357935 678.41307 678.41307 660.9330675 669.909285 684.5546925 656.6811749999999 676.52334 693.53091 639.673605 667.5471225 681.7200975 661.8779324999999 599.989275 689.75145 683.6098274999999 611.8000875 658.5709049999999 704.86929 658.5709049999999 696.365505 661.8779324999999 681.247665 669.4368525 658.0984725 674.1611775 651.011985 564.084405 677.9406375 657.1536075 678.41307 689.75145 685.4995574999999 620.776305 673.6887449999999 700.144965 806.91471 538.1006175 624.0833325 674.63361 694.9482075 691.64118 659.9882024999999 706.2865875 690.2238825 655.73631 617.94171 685.027125 692.1136124999999 683.137395 702.5071274999999 702.5071274999999 689.75145
2.640000 606.1308975 632.5871175 627.39036 668.96442 642.9806325 643.9254975 660.9330675 642.9806325 644.8703624999999 642.5082 653.84658 643.4530649999999 641.0909025 630.6973875 658.5709049999999 678.8855024999999 656.2087425 651.9568499999999 687.86172 662.8227975 672.74388 669.4368525 665.1849599999999 684.08226 673.2163125 645.8152275 684.08226 651.4844175 606.6033299999999 687.86172 649.122255 680.3027999999999 666.6022575 654.3190125 30.23568 640.61847 879.669315 660.460635 669.909285 682.1925299999999 669.909285 663.29523 647.232525 659.9882024999999 625.9730625 664.7125275 686.9168549999999 558.415215 676.0509075 651.9568499999999 659.0433375 664.240095 670.85415 668.4919874999999 664.240095 695.4206399999999 695.4206399999999 663.7676624999999 676.9957724999999 687.3892875 677.468205 679.357935 647.232525 690.2238825 655.73631 692.1136124999999 687.86172 655.2638774999999 687.86172 675.5784749999999 659.9882024999999 659.9882024999999 661.4055 696.8379375 675.5784749999999 664.7125275 644.8703624999999 664.240095 653.84658 697.7828025 718.0974 704.3968575 688.3341525 670.85415 705.3417225 702.0346949999999 688.8065849999999 694.9482075 685.4995574999999 710.0660475 667.0746899999999 702.0346949999999 689.2790175 702.97956 680.3027999999999 760.1438925 686.9168549999999 631.16982 721.87686 693.53091
2.650000 635.4217125 639.673605 755.8919999999999 627.8627925 630.6973875 661.4055 548.4941325 625.0281974999999 711.0109125 651.011985 640.61847 631.16982 642.0357675 639.673605 637.3114425 662.350365 651.011985 716.6801025 693.0584775 672.74388 658.0984725 644.8703624999999 388.339515 666.6022575 648.6498224999999 672.2714475 661.4055 677.9406375 653.84658 643.9254975 666.129825 648.17739 668.019555 669.4368525 668.019555 644.39793 644.8703624999999 637.783875 657.1536075 658.5709049999999 666.6022575 649.5946875 629.28009 664.240095 646.7600924999999 699.6725325 661.8779324999999 672.2714475 665.1849599999999 709.593615 645.342795 685.4995574999999 639.2011725 674.63361 676.0509075 661.8779324999999 689.75145 635.894145 944.3925674999999 695.4206399999999 666.129825 681.7200975 662.350365 673.6887449999999 659.0433375 650.5395525 659.0433375 663.29523 694.9482075 673.2163125 670.3817174999999 673.2163125 657.1536075 677.9406375 662.350365 682.1925299999999 659.0433375 661.8779324999999 694.0033424999999 681.7200975 684.5546925 685.97199 708.64875 682.1925299999999 692.1136124999999 695.8930725 703.9244249999999 702.0346949999999 675.1060425 679.8303675 689.75145 669.4368525 694.475775 689.75145 715.7352374999999 691.1687475 709.593615 687.3892875 719.5146975 710.0660475
2.660000 644.8703624999999 617.4692775 643.9254975 634.004415 629.28009 634.9492799999999 646.7600924999999 649.122255 642.0357675 513.5341275 617.4692775 626.9179275 636.3665775 660.460635 648.6498224999999 681.247665 651.9568499999999 673.2163125 662.350365 656.6811749999999 643.4530649999999 663.7676624999999 667.0746899999999 647.232525 469.59790499999997 646.28766 663.29523 593.8476525 681.7200975 652.4292825 654.791445 650.0671199999999 654.791445 651.4844175 643.4530649999999 756.836865 667.5471225 686.4444225 657.1536075 679.357935 666.6022575 692.586045 670.85415 664.7125275 665.1849599999999 697.3103699999999 661.8779324999999 668.96442 662.8227975 694.475775 670.3817174999999 688.3341525 671.7990149999999 660.9330675 651.4844175 730.8530774999999 676.9957724999999 687.86172 682.1925299999999 678.41307 683.137395 670.85415 675.5784749999999 657.1536075 481.40871749999997 658.0984725 691.64118 660.9330675 737.4671324999999 667.0746899999999 657.1536075 653.3741474999999 678.41307 668.96442 685.97199 670.85415 675.1060425 656.2087425 696.365505 677.468205 682.6649625 682.1925299999999 683.137395 701.5622625 697.7828025 442.19682 670.85415 682.6649625 677.9406375 674.1611775 703.4519925 678.8855024999999 688.8065849999999 681.247665 702.0346949999999 697.7828025 782.8206524999999 685.97199 692.586045 681.247665
2.670000 621.2487375 580.6195425 662.350365 664.240095 635.894145 663.29523 632.5871175 625.0281974999999 624.555765 662.8227975 743.1363225 643.9254975 616.996845 616.996845 665.6573925 646.28766 667.5471225 663.7676624999999 665.6573925 659.51577 849.9060675 652.901715 598.0995449999999 654.791445 651.4844175 655.2638774999999 676.52334 674.1611775 687.3892875 681.247665 658.0984725 669.4368525 710.5384799999999 640.61847 634.9492799999999 648.6498224999999 683.137395 655.2638774999999 594.7925174999999 717.6249674999999 647.232525 662.350365 652.4292825 642.0357675 679.8303675 672.74388 650.5395525 688.8065849999999 656.2087425 647.7049575 689.2790175 683.137395 661.8779324999999 679.8303675 685.027125 685.97199 693.53091 662.8227975 676.52334 675.5784749999999 663.7676624999999 665.6573925 681.7200975 561.7222425 667.0746899999999 670.85415 667.5471225 694.0033424999999 646.28766 655.2638774999999 663.7676624999999 671.3265825 685.4995574999999 689.2790175 659.51577 676.52334 669.909285 673.6887449999999 697.3103699999999 682.6649625 668.96442 682.6649625 706.2865875 690.6963149999999 688.8065849999999 674.1611775 676.0509075 765.8130825 653.84658 711.9557775 685.97199 704.86929 677.9406375 698.7276674999999 709.1211824999999 675.1060425 727.0736175 688.8065849999999 771.0098399999999 695.8930725
2.680000 638.72874 628.3352249999999 625.9730625 646.28766 671.3265825 707.2314524999999 659.0433375 644.8703624999999 654.3190125 646.28766 663.29523 630.6973875 643.9254975 646.28766 680.3027999999999 661.4055 660.9330675 660.460635 676.0509075 681.247665 654.791445 655.2638774999999 662.350365 655.2638774999999 657.62604 669.4368525 687.86172 675.5784749999999 394.95356999999996 651.4844175 640.61847 656.6811749999999 691.1687475 675.5784749999999 689.75145 648.17739 933.0541875 648.6498224999999 389.75681249999997 679.357935 668.96442 631.16982 725.1838875 667.0746899999999 675.5784749999999 694.0033424999999 673.6887449999999 671.3265825 676.9957724999999 695.8930725 670.85415 699.6725325 662.350365 650.5395525 682.6649625 650.5395525 669.4368525 642.5082 680.3027999999999 694.9482075 681.247665 660.9330675 702.0346949999999 696.8379375 695.8930725 665.1849599999999 659.51577 685.97199 659.51577 685.4995574999999 680.7752325 680.7752325 689.2790175 678.41307 697.7828025 735.5774025 675.1060425 676.9957724999999 675.1060425 705.8141549999999 704.3968575 683.6098274999999 686.9168549999999 704.86929 533.848725 678.8855024999999 686.4444225 710.0660475 706.75902 654.3190125 685.4995574999999 675.5784749999999 715.262805 708.1763175 681.7200975 669.4368525 671.7990149999999 708.1763175 695.4206399999999 711.483345
2.690000 666.6022575 649.5946875 641.0909025 639.673605 642.9806325 665.1849599999999 641.5633349999999 645.342795 635.4217125 659.0433375 647.7049575 657.62604 648.6498224999999 633.5319825 657.1536075 600.4617075 601.4065724999999 659.9882024999999 647.232525 651.9568499999999 659.0433375 656.6811749999999 653.3741474999999 691.64118 686.9168549999999 671.7990149999999 675.1060425 659.51577 659.51577 664.240095 681.7200975 645.8152275 679.357935 644.8703624999999 659.0433375 687.86172 642.5082 665.6573925 666.129825 677.9406375 725.6563199999999 651.9568499999999 660.460635 659.9882024999999 739.829295 676.9957724999999 711.483345 682.6649625 686.4444225 582.9817049999999 683.137395 663.29523 675.5784749999999 616.996845 673.2163125 678.8855024999999 653.84658 682.1925299999999 676.52334 679.8303675 679.8303675 724.711455 694.0033424999999 828.6466049999999 677.468205 684.5546925 686.4444225 658.0984725 672.2714475 618.886575 671.7990149999999 655.73631 659.51577 659.0433375 668.019555 708.1763175 670.85415 678.41307 683.137395 690.2238825 698.7276674999999 701.5622625 674.1611775 694.9482075 707.703885 698.7276674999999 687.86172 699.2001 675.1060425 716.20767 661.8779324999999 688.8065849999999 698.255235 670.3817174999999 712.4282099999999 703.9244249999999 709.1211824999999 685.97199 679.8303675 717.6249674999999
2.700000 637.3114425 678.41307 637.3114425 652.4292825 660.460635 664.7125275 653.3741474999999 650.5395525 650.0671199999999 664.240095 654.3190125 867.8585025 651.4844175 649.5946875 634.4768475 646.7600924999999 672.2714475 662.350365 670.85415 675.5784749999999 668.019555 646.28766 677.9406375 695.4206399999999 814.47363 681.247665 773.3720025 638.72874 530.069265 651.011985 665.1849599999999 675.1060425 652.4292825 668.4919874999999 663.7676624999999 663.7676624999999 668.019555 651.011985 659.51577 658.0984725 678.41307 674.1611775 275.90058 661.8779324999999 672.74388 748.8055125 687.86172 571.643325 691.1687475 692.586045 748.33308 664.7125275 662.350365 684.08226 678.8855024999999 644.39793 680.3027999999999 684.5546925 775.2617325 693.53091 679.357935 667.5471225 672.74388 706.75902 679.8303675 688.3341525 690.6963149999999 675.1060425 649.5946875 674.1611775 687.3892875 703.9244249999999 480.936285 659.9882024999999 615.5795475 674.1611775 667.0746899999999 682.6649625 674.63361 686.9168549999999 709.593615 629.7525224999999 709.1211824999999 671.3265825 677.9406375 166.76867249999998 688.8065849999999 696.365505 671.7990149999999 695.8930725 708.1763175 715.262805 719.98713 725.1838875 673.2163125 687.86172 669.909285 713.373075 685.4995574999999 717.6249674999999
2.710000 625.50063 647.7049575 651.4844175 657.1536075 669.4368525 661.4055 645.342795 645.8152275 661.4055 636.8390099999999 659.51577 630.6973875 645.342795 671.3265825 664.240095 605.1860325 670.3817174999999 656.2087425 691.64118 693.0584775 684.5546925 674.1611775 684.08226 670.3817174999999 672.74388 657.1536075 665.6573925 659.9882024999999 642.0357675 673.2163125 644.8703624999999 430.3860075 674.63361 646.7600924999999 597.6271125 676.0509075 656.6811749999999 672.74388 524.8725075 655.73631 648.17739 646.7600924999999 647.7049575 679.8303675 670.3817174999999 672.2714475 688.3341525 665.6573925 680.3027999999999 666.6022575 690.2238825 691.64118 664.240095 676.0509075 673.6887449999999 670.85415 658.0984725 682.6649625 689.2790175 704.86929 704.3968575 736.9947 666.6022575 679.8303675 707.2314524999999 687.86172 692.586045 674.63361 665.1849599999999 678.41307 692.586045 687.3892875 689.2790175 670.85415 687.86172 743.608755 686.9168549999999 676.0509075 672.74388 694.475775 626.9179275 762.506055 682.1925299999999 765.8130825 704.86929 660.460635 714.7903725 632.114685 685.027125 578.25738 678.41307 721.87686 685.97199 715.7352374999999 702.0346949999999 701.08983 730.8530774999999 755.8919999999999 689.2790175 694.9482075
2.720000 633.5319825 655.73631 644.39793 637.783875 631.6422524999999 641.0909025 653.3741474999999 642.0357675 660.9330675 642.5082 657.62604 668.019555 649.5946875 628.8076575 664.240095 659.51577 650.5395525 654.791445 667.5471225 651.4844175 658.0984725 665.1849599999999 687.86172 671.3265825 659.9882024999999 678.8855024999999 660.460635 671.3265825 678.41307 662.350365 667.5471225 677.9406375 674.1611775 659.0433375 685.4995574999999 655.2638774999999 693.53091 676.52334 525.34494 655.2638774999999 652.901715 360.46599749999996 736.9947 662.350365 665.1849599999999 688.3341525 750.22281 701.08983 682.6649625 732.7428074999999 688.3341525 652.4292825 742.1914575 652.901715 688.3341525 696.8379375 659.51577 702.0346949999999 728.490915 661.8779324999999 668.019555 681.7200975 673.2163125 694.9482075 667.0746899999999 709.593615 676.0509075 696.365505 683.6098274999999 679.357935 678.8855024999999 706.2865875 694.0033424999999 674.63361 672.74388 684.08226 709.593615 665.6573925 678.41307 727.0736175 621.2487375 708.1763175 372.7492425 689.75145 695.4206399999999 368.49735 690.2238825 685.4995574999999 716.6801025 707.2314524999999 712.9006425 650.0671199999999 669.4368525 702.5071274999999 703.9244249999999 628.8076575 701.08983 694.9482075 685.027125 705.8141549999999
2.730000 627.8627925 643.9254975 649.5946875 641.5633349999999 660.460635 661.8779324999999 655.73631 646.28766 660.460635 650.5395525 666.6022575 621.7211699999999 648.6498224999999 657.1536075 664.7125275 681.7200975 519.2033175 669.4368525 702.5071274999999 672.2714475 674.63361 648.6498224999999 681.247665 648.17739 463.4562825 701.08983 658.5709049999999 676.9957724999999 662.8227975 692.1136124999999 676.52334 568.3362975 649.5946875 671.3265825 676.52334 666.6022575 653.3741474999999 666.6022575 667.0746899999999 696.8379375 685.97199 659.9882024999999 651.4844175 661.4055 723.2941575 667.0746899999999 694.475775 685.027125 459.20439 663.29523 667.0746899999999 692.586045 684.08226 680.3027999999999 651.4844175 697.7828025 704.86929 678.41307 797.9384924999999 712.9006425 674.1611775 868.8033674999999 691.64118 488.0227725 671.7990149999999 701.5622625 668.96442 683.6098274999999 673.2163125 683.6098274999999 702.0346949999999 689.2790175 661.4055 629.28009 680.7752325 620.3038725 682.6649625 700.6173974999999 677.468205 706.75902 601.879005 696.8379375 681.7200975 639.673605 687.3892875 702.0346949999999 699.2001 713.373075 672.2714475 688.3341525 711.483345 704.86929 712.4282099999999 698.7276674999999 703.9244249999999 700.6173974999999 677.9406375 705.3417225 691.64118 719.0422649999999
2.740000 651.4844175 649.122255 673.6887449999999 644.39793 683.137395 648.17739 657.1536075 665.1849599999999 658.0984725 661.8779324999999 639.673605 651.9568499999999 658.5709049999999 513.5341275 663.29523 684.08226 660.460635 694.9482075 691.1687475 694.475775 652.901715 667.5471225 637.783875 665.6573925 696.8379375 661.8779324999999 668.96442 672.74388 673.2163125 668.019555 685.4995574999999 665.6573925 672.2714475 685.027125 669.4368525 696.365505 643.9254975 668.019555 695.8930725 647.7049575 719.5146975 688.8065849999999 660.460635 730.8530774999999 669.909285 685.027125 696.8379375 699.6725325 676.9957724999999 668.019555 670.3817174999999 683.137395 676.9957724999999 689.75145 677.9406375 689.75145 652.901715 702.97956 700.144965 686.9168549999999 661.4055 673.6887449999999 680.7752325 664.7125275 685.4995574999999 694.9482075 684.08226 714.31794 679.8303675 705.3417225 669.4368525 711.0109125 668.4919874999999 689.75145 689.2790175 695.4206399999999 698.7276674999999 705.3417225 660.460635 670.85415 696.365505 697.3103699999999 632.5871175 700.6173974999999 704.86929 708.1763175 696.8379375 579.6746774999999 692.586045 694.475775 691.1687475 692.586045 681.7200975 683.137395 728.9633474999999 699.6725325 700.144965 720.4595625 690.2238825 716.6801025
2.750000 631.6422524999999 627.8627925 658.0984725 699.2001 335.427075 659.51577 672.74388 661.4055 676.0509075 712.9006425 647.7049575 653.84658 653.3741474999999 665.6573925 637.3114425 608.49306 937.30608 688.3341525 698.255235 640.1460374999999 650.0671199999999 659.9882024999999 671.3265825 651.9568499999999 676.9957724999999 680.3027999999999 602.8238699999999 659.9882024999999 673.2163125 673.6887449999999 682.1925299999999 652.901715 678.8855024999999 612.27252 670.3817174999999 677.468205 528.6519675 662.350365 676.52334 663.29523 653.84658 671.7990149999999 683.6098274999999 674.1611775 663.29523 687.86172 686.4444225 680.7752325 686.9168549999999 691.1687475 682.6649625 709.593615 674.63361 691.64118 672.2714475 702.97956 688.8065849999999 674.63361 704.86929 648.6498224999999 700.6173974999999 675.1060425 691.64118 689.75145 691.1687475 692.1136124999999 441.25195499999995 696.8379375 688.3341525 702.97956 695.8930725 704.86929 674.63361 666.6022575 673.6887449999999 675.5784749999999 674.1611775 816.8357924999999 664.240095 707.2314524999999 707.703885 694.475775 703.9244249999999 714.31794 664.240095 696.8379375 683.6098274999999 715.262805 810.2217375 690.6963149999999 719.5146975 691.1687475 687.86172 687.3892875 691.64118 676.52334 701.5622625 714.7903725 727.5460499999999 700.144965
2.760000 645.8152275 639.673605 654.3190125 636.3665775 674.63361 593.37522 667.5471225 646.7600924999999 653.84658 632.114685 656.6811749999999 663.7676624999999 646.28766 631.16982 679.8303675 654.791445 683.6098274999999 670.85415 681.7200975 660.460635 674.1611775 666.6022575 685.027125 682.1925299999999 671.7990149999999 650.0671199999999 703.9244249999999 688.8065849999999 668.96442 674.1611775 679.8303675 638.72874 666.6022575 655.2638774999999 668.019555 673.2163125 681.247665 646.7600924999999 13.22811 682.6649625 352.434645 658.5709049999999 657.1536075 680.7752325 667.5471225 675.1060425 689.2790175 694.475775 713.373075 899.9839125 691.64118 682.1925299999999 665.6573925 683.6098274999999 691.1687475 687.86172 715.7352374999999 688.8065849999999 686.9168549999999 689.75145 685.97199 708.1763175 706.2865875 674.63361 690.2238825 750.22281 703.9244249999999 615.5795475 689.75145 695.8930725 712.9006425 685.97199 680.7752325 673.2163125 694.0033424999999 669.909285 687.3892875 690.2238825 698.255235 696.365505 709.1211824999999 696.365505 683.137395 703.9244249999999 698.7276674999999 699.6725325 700.6173974999999 714.7903725 691.1687475 674.1611775 692.1136124999999 705.8141549999999 664.7125275 685.97199 706.75902 711.9557775 730.380645 704.3968575 703.4519925 626.4454949999999
2.770000 625.0281974999999 649.122255 667.5471225 659.9882024999999 651.9568499999999 632.5871175 669.4368525 657.62604 671.7990149999999 678.41307 657.1536075 651.4844175 653.84658 642.0357675 695.8930725 482.35358249999996 692.1136124999999 659.0433375 658.0984725 659.51577 671.7990149999999 676.9957724999999 661.8779324999999 673.2163125 689.2790175 703.9244249999999 659.0433375 658.5709049999999 665.6573925 676.9957724999999 613.2173849999999 668.96442 674.1611775 661.4055 664.240095 667.0746899999999 647.7049575 673.6887449999999 682.1925299999999 676.9957724999999 665.6573925 660.460635 742.6638899999999 680.7752325 694.0033424999999 787.072545 682.6649625 713.8455074999999 688.8065849999999 693.0584775 668.019555 671.3265825 680.3027999999999 711.483345 657.1536075 700.6173974999999 667.5471225 703.9244249999999 696.8379375 683.6098274999999 692.1136124999999 703.9244249999999 703.4519925 685.027125 669.4368525 690.6963149999999 688.8065849999999 710.5384799999999 686.4444225 668.96442 708.1763175 686.9168549999999 684.08226 604.7135999999999 670.3817174999999 705.3417225 702.5071274999999 677.9406375 631.16982 712.9006425 720.4595625 706.2865875 710.0660475 696.8379375 706.2865875 856.04769 695.8930725 671.7990149999999 702.0346949999999 696.365505 710.5384799999999 698.7276674999999 674.1611775 687.3892875 704.3968575 687.86172 727.0736175 712.9006425 708.1763175 724.711455
2.780000 621.7211699999999 650.5395525 678.8855024999999 605.1860325 674.1611775 636.8390099999999 648.17739 655.73631 664.7125275 682.6649625 641.5633349999999 644.8703624999999 684.08226 666.129825 657.1536075 500.77844999999996 674.1611775 665.6573925 682.6649625 673.2163125 680.7752325 654.791445 677.9406375 676.0509075 678.8855024999999 692.1136124999999 681.247665 690.2238825 39.2118975 665.6573925 6.614055 655.2638774999999 649.5946875 685.97199 719.98713 676.52334 670.85415 680.7752325 673.2163125 672.74388 665.1849599999999 659.9882024999999 676.0509075 659.51577 672.2714475 694.9482075 692.1136124999999 682.1925299999999 589.1233275 708.1763175 695.4206399999999 671.7990149999999 699.6725325 695.4206399999999 685.027125 707.2314524999999 703.9244249999999 702.0346949999999 660.460635 665.6573925 671.3265825 678.8855024999999 748.33308 670.3817174999999 686.4444225 690.6963149999999 706.2865875 688.3341525 692.586045 654.3190125 700.6173974999999 702.0346949999999 697.3103699999999 681.7200975 717.152535 649.122255 650.5395525 697.3103699999999 668.4919874999999 803.1352499999999 685.4995574999999 693.53091 620.776305 691.1687475 712.4282099999999 718.5698325 703.9244249999999 366.1351875 686.9168549999999 686.4444225 704.86929 691.1687475 720.9319949999999 712.4282099999999 711.9557775 692.586045 701.5622625 703.4519925 698.255235 712.9006425
2.790000 638.72874 651.011985 671.3265825 652.901715 642.9806325 653.3741474999999 665.6573925 655.73631 669.909285 641.5633349999999 644.8703624999999 656.2087425 714.31794 662.8227975 654.3190125 654.3190125 647.7049575 661.4055 678.8855024999999 665.1849599999999 653.84658 654.3190125 656.2087425 676.9957724999999 557.9427825 826.7568749999999 650.5395525 680.3027999999999 663.7676624999999 686.4444225 680.7752325 663.7676624999999 611.8000875 767.23038 658.5709049999999 670.85415 700.6173974999999 830.0639024999999 664.240095 670.3817174999999 674.1611775 907.5428324999999 691.1687475 665.6573925 689.75145 208.34273249999998 698.255235 641.5633349999999 683.137395 659.51577 713.373075 677.9406375 701.08983 684.08226 698.255235 684.5546925 685.4995574999999 673.6887449999999 695.4206399999999 685.027125 703.4519925 687.86172 698.255235 698.7276674999999 673.2163125 667.0746899999999 726.601185 694.475775 697.7828025 673.6887449999999 683.6098274999999 663.29523 676.0509075 706.2865875 714.31794 685.027125 704.3968575 693.53091 694.475775 707.2314524999999 714.7903725 592.9027874999999 716.20767 637.783875 704.86929 699.6725325 706.2865875 706.75902 711.0109125 770.5374075 716.6801025 682.1925299999999 694.475775 733.6876725 716.6801025 769.5925424999999 843.7644449999999 711.0109125 712.9006425 733.6876725
2.800000 643.9254975 626.9179275 652.4292825 594.320085 677.9406375 659.51577 657.1536075 643.9254975 666.129825 655.73631 638.72874 650.5395525 662.8227975 650.5395525 668.96442 662.350365 734.1601049999999 684.08226 668.019555 654.3190125 683.6098274999999 777.1514625 746.9157825 658.0984725 527.2346699999999 699.6725325 661.8779324999999 672.2714475 824.8671449999999 673.2163125 664.7125275 669.4368525 676.0509075 661.4055 668.4919874999999 676.0509075 703.9244249999999 684.5546925 682.1925299999999 649.5946875 659.9882024999999 652.4292825 661.4055 667.5471225 676.52334 710.5384799999999 665.1849599999999 689.2790175 681.7200975 710.0660475 682.6649625 694.475775 694.0033424999999 687.3892875 827.2293075 698.255235 685.97199 698.255235 676.0509075 549.91143 702.5071274999999 671.3265825 687.86172 676.0509075 687.3892875 675.5784749999999 695.4206399999999 664.7125275 691.1687475 574.9503525 709.1211824999999 715.262805 699.2001 666.6022575 682.1925299999999 678.41307 697.3103699999999 690.6963149999999 725.1838875 711.0109125 676.0509075 723.76659 701.08983 667.0746899999999 685.4995574999999 709.1211824999999 714.31794 698.255235 676.0509075 696.365505 681.247665 736.0498349999999 683.6098274999999 703.9244249999999 687.3892875 676.52334 707.703885 653.3741474999999 694.475775 714.7903725
2.810000 632.114685 638.2563074999999 665.6573925 661.8779324999999 665.6573925 665.6573925 655.2638774999999 689.75145 727.5460499999999 641.0909025 680.3027999999999 661.4055 671.7990149999999 657.62604 673.2163125 707.703885 661.4055 688.3341525 737.4671324999999 685.97199 694.9482075 671.3265825 656.6811749999999 683.6098274999999 679.357935 706.2865875 673.6887449999999 678.8855024999999 663.29523 681.247665 669.4368525 668.4919874999999 702.97956 708.64875 683.137395 679.8303675 663.29523 659.9882024999999 687.86172 615.5795475 670.85415 668.019555 673.2163125 685.027125 719.0422649999999 704.3968575 728.0184825 756.836865 718.5698325 696.8379375 695.4206399999999 694.0033424999999 708.1763175 698.255235 685.027125 711.0109125 666.6022575 694.475775 704.86929 703.4519925 680.7752325 702.0346949999999 682.6649625 691.64118 676.9957724999999 677.9406375 500.77844999999996 675.5784749999999 675.5784749999999 693.0584775 710.0660475 688.8065849999999 686.9168549999999 703.4519925 684.08226 688.8065849999999 679.8303675 672.74388 683.137395 710.5384799999999 732.270375 698.7276674999999 714.7903725 779.9860575 718.0974 721.87686 707.703885 681.247665 679.8303675 682.6649625 728.0184825 739.3568624999999 736.5222675 707.703885 717.6249674999999 729.9082125 725.1838875 727.0736175 724.2390224999999 757.3092975
2.820000 635.894145 674.63361 649.122255 715.7352374999999 658.5709049999999 672.74388 652.901715 696.365505 650.5395525 649.122255 660.460635 654.3190125 689.75145 641.5633349999999 656.2087425 679.357935 669.909285 676.9957724999999 674.63361 701.08983 676.0509075 705.3417225 664.7125275 678.8855024999999 672.2714475 740.7741599999999 666.129825 680.3027999999999 668.4919874999999 664.7125275 704.3968575 667.5471225 682.1925299999999 671.7990149999999 657.1536075 675.5784749999999 670.85415 693.0584775 690.2238825 677.468205 676.0509075 658.5709049999999 667.0746899999999 654.3190125 752.5849724999999 709.593615 671.3265825 679.357935 694.0033424999999 699.2001 692.1136124999999 696.365505 697.7828025 715.262805 693.0584775 707.703885 683.6098274999999 685.4995574999999 689.75145 674.63361 684.08226 676.0509075 703.9244249999999 663.7676624999999 676.0509075 694.0033424999999 683.6098274999999 422.354655 676.52334 719.0422649999999 702.97956 508.8098025 696.365505 694.9482075 698.7276674999999 670.85415 681.247665 692.1136124999999 683.6098274999999 718.0974 711.483345 700.144965 694.9482075 722.3492924999999 680.7752325 629.28009 681.247665 686.9168549999999 784.7103824999999 900.9287774999999 700.6173974999999 641.0909025 689.2790175 650.0671199999999 696.365505 630.6973875 716.20767 738.88443 693.53091 710.5384799999999
2.830000 651.011985 688.3341525 672.2714475 601.879005 377.4735675 654.791445 671.7990149999999 651.9568499999999 659.51577 656.2087425 677.9406375 718.5698325 664.240095 662.8227975 692.586045 693.53091 685.4995574999999 680.3027999999999 686.4444225 686.9168549999999 694.0033424999999 677.468205 684.08226 679.357935 683.137395 906.125535 703.4519925 680.7752325 667.0746899999999 682.1925299999999 694.475775 660.460635 668.96442 685.027125 676.52334 676.0509075 664.240095 668.4919874999999 851.7957974999999 620.3038725 685.027125 669.4368525 605.658465 624.0833325 668.96442 702.5071274999999 692.586045 688.8065849999999 685.97199 684.08226 719.0422649999999 694.0033424999999 686.4444225 680.7752325 684.5546925 670.85415 675.1060425 619.8314399999999 667.5471225 595.26495 718.5698325 697.3103699999999 689.75145 681.7200975 695.8930725 612.27252 669.4368525 684.08226 699.2001 705.8141549999999 700.144965 673.2163125 680.7752325 671.7990149999999 670.3817174999999 702.5071274999999 694.475775 664.7125275 681.7200975 698.255235 707.2314524999999 695.4206399999999 735.5774025 711.9557775 715.7352374999999 706.75902 696.365505 734.6325375 729.4357799999999 693.0584775 720.9319949999999 704.3968575 718.5698325 722.821725 711.9557775 715.262805 700.6173974999999 723.76659 723.2941575 731.32551
2.840000 635.4217125 657.1536075 677.9406375 678.41307 677.468205 670.85415 659.0433375 665.1849599999999 677.9406375 668.019555 666.129825 650.0671199999999 663.29523 674.63361 676.52334 705.3417225 684.08226 694.9482075 649.122255 687.86172 660.460635 671.3265825 660.460635 686.9168549999999 691.64118 704.86929 674.63361 697.3103699999999 679.8303675 685.4995574999999 665.6573925 669.909285 658.5709049999999 672.74388 664.7125275 685.97199 686.4444225 694.475775 679.8303675 681.7200975 703.9244249999999 690.6963149999999 704.86929 670.85415 677.9406375 681.247665 707.2314524999999 713.8455074999999 672.2714475 686.4444225 673.2163125 723.2941575 692.586045 709.1211824999999 703.9244249999999 694.475775 706.2865875 702.5071274999999 706.75902 716.6801025 685.97199 894.787155 696.8379375 690.6963149999999 701.5622625 721.87686 687.3892875 678.41307 693.0584775 706.75902 743.608755 707.2314524999999 701.08983 701.08983 701.5622625 699.6725325 717.152535 689.2790175 703.4519925 694.475775 713.373075 699.6725325 691.1687475 727.0736175 724.2390224999999 721.87686 705.8141549999999 724.711455 719.98713 697.7828025 728.490915 696.365505 712.9006425 690.6963149999999 723.2941575 708.1763175 732.7428074999999 640.61847 715.262805 723.76659
2.850000 632.5871175 654.3190125 676.52334 660.460635 641.5633349999999 672.74388 703.4519925 685.97199 643.9254975 681.7200975 662.350365 642.5082 668.019555 664.240095 674.63361 656.6811749999999 673.2163125 706.75902 680.3027999999999 673.2163125 678.41307 682.1925299999999 778.0963274999999 694.0033424999999 674.1611775 678.41307 671.3265825 694.9482075 675.1060425 690.6963149999999 671.3265825 662.350365 675.5784749999999 680.3027999999999 668.4919874999999 694.0033424999999 683.137395 697.7828025 674.63361 701.08983 707.703885 574.9503525 655.2638774999999 663.7676624999999 686.4444225 704.86929 674.63361 713.373075 675.5784749999999 684.08226 688.3341525 702.97956 715.7352374999999 704.3968575 686.9168549999999 717.6249674999999 676.0509075 711.483345 687.3892875 714.31794 712.4282099999999 703.4519925 696.8379375 690.6963149999999 687.3892875 682.6649625 685.4995574999999 712.4282099999999 694.0033424999999 678.41307 722.821725 748.33308 708.64875 668.019555 703.4519925 702.0346949999999 687.3892875 684.5546925 707.2314524999999 706.2865875 694.9482075 689.75145 672.74388 686.4444225 709.593615 731.7979425 641.5633349999999 728.490915 545.187105 694.475775 690.6963149999999 699.2001 696.365505 719.5146975 721.87686 697.3103699999999 805.4974125 729.9082125 733.6876725 724.2390224999999
2.860000 787.5449775 631.6422524999999 658.5709049999999 641.5633349999999 668.4919874999999 657.1536075 663.7676624999999 673.6887449999999 643.4530649999999 666.6022575 671.7990149999999 687.86172 674.63361 642.5082 675.1060425 674.1611775 709.593615 693.53091 661.8779324999999 673.6887449999999 697.7828025 699.6725325 690.2238825 668.019555 750.6952425 674.1611775 685.97199 666.129825 676.0509075 692.1136124999999 665.1849599999999 685.4995574999999 667.0746899999999 682.1925299999999 659.0433375 681.247665 688.3341525 673.6887449999999 694.0033424999999 655.73631 683.137395 661.8779324999999 659.9882024999999 691.64118 695.4206399999999 694.0033424999999 700.144965 700.144965 701.08983 682.1925299999999 674.63361 709.593615 695.4206399999999 688.8065849999999 686.4444225 689.75145 678.8855024999999 801.7179524999999 716.6801025 693.53091 706.2865875 715.262805 724.711455 685.97199 689.75145 699.2001 703.4519925 709.1211824999999 692.1136124999999 685.027125 691.64118 690.6963149999999 724.711455 675.1060425 694.9482075 673.6887449999999 704.3968575 686.4444225 687.86172 676.0509075 714.31794 99.210825 772.4271375 687.3892875 728.490915 688.8065849999999 724.2390224999999 713.8455074999999 693.53091 817.308225 608.9654925 707.703885 708.64875 716.20767 697.3103699999999 727.0736175 741.719025 731.7979425 711.0109125 702.5071274999999
2.870000 642.9806325 653.3741474999999 666.6022575 661.8779324999999 674.63361 651.4844175 671.3265825 691.1687475 664.7125275 670.85415 685.027125 672.2714475 758.726595 662.350365 696.365505 417.63032999999996 695.4206399999999 671.7990149999999 685.027125 690.2238825 681.7200975 671.7990149999999 675.5784749999999 652.901715 680.3027999999999 657.62604 361.4108625 659.9882024999999 728.9633474999999 676.52334 684.5546925 657.62604 680.7752325 678.41307 703.4519925 655.2638774999999 682.6649625 689.2790175 701.5622625 685.97199 628.8076575 610.38279 673.2163125 692.586045 673.6887449999999 723.2941575 694.475775 709.1211824999999 649.122255 698.7276674999999 712.9006425 726.1287525 678.41307 716.6801025 661.8779324999999 691.1687475 705.3417225 715.7352374999999 695.4206399999999 711.0109125 705.3417225 689.2790175 727.5460499999999 703.9244249999999 754.4747024999999 685.97199 684.5546925 675.5784749999999 766.7579475 681.7200975 715.262805 706.2865875 695.8930725 681.247665 761.56119 696.8379375 694.0033424999999 724.2390224999999 702.97956 699.6725325 683.6098274999999 717.152535 713.373075 706.75902 732.270375 714.7903725 729.9082125 692.586045 707.703885 700.144965 729.4357799999999 702.97956 697.7828025 716.6801025 715.262805 465.3460125 659.51577 734.6325375 792.2693025 725.6563199999999
2.880000 658.0984725 642.0357675 686.4444225 692.1136124999999 667.0746899999999 661.4055 642.0357675 687.86172 664.7125275 667.5471225 669.909285 688.8065849999999 653.84658 674.1611775 707.703885 692.1136124999999 698.255235 663.7676624999999 677.9406375 680.7752325 682.6649625 693.53091 667.0746899999999 674.1611775 676.9957724999999 687.3892875 682.6649625 699.2001 677.9406375 697.3103699999999 679.357935 702.0346949999999 686.9168549999999 687.86172 700.6173974999999 683.6098274999999 691.1687475 678.41307 688.3341525 685.027125 681.7200975 666.6022575 715.262805 666.6022575 688.3341525 707.2314524999999 710.5384799999999 526.7622375 687.86172 694.0033424999999 702.97956 732.270375 675.1060425 688.8065849999999 754.4747024999999 709.593615 712.4282099999999 711.0109125 681.7200975 682.1925299999999 685.027125 730.380645 705.3417225 717.6249674999999 683.6098274999999 691.64118 708.64875 690.6963149999999 698.255235 708.1763175 714.31794 676.0509075 719.5146975 711.483345 725.6563199999999 701.5622625 690.6963149999999 688.3341525 691.64118 711.483345 719.5146975 699.2001 709.593615 720.4595625 692.1136124999999 696.8379375 708.64875 724.711455 719.5146975 699.2001 725.6563199999999 718.5698325 698.7276674999999 718.0974 742.6638899999999 640.1460374999999 726.601185 735.10497 711.483345 717.152535
2.890000 623.1384674999999 661.8779324999999 681.7200975 683.137395 717.152535 642.9806325 842.3471475 668.019555 698.7276674999999 729.9082125 645.8152275 647.7049575 715.262805 648.6498224999999 691.64118 661.8779324999999 664.7125275 699.6725325 689.2790175 217.31895 693.53091 679.357935 689.2790175 689.75145 629.7525224999999 657.62604 680.7752325 694.475775 697.3103699999999 672.74388 696.8379375 687.86172 682.6649625 683.6098274999999 670.85415 675.5784749999999 701.5622625 685.97199 682.1925299999999 675.1060425 695.8930725 715.7352374999999 683.137395 667.0746899999999 712.4282099999999 721.4044275 716.20767 683.137395 724.2390224999999 698.7276674999999 710.5384799999999 703.4519925 702.0346949999999 692.1136124999999 697.7828025 688.3341525 705.8141549999999 708.1763175 688.8065849999999 689.2790175 708.1763175 696.365505 703.9244249999999 687.86172 686.9168549999999 706.75902 707.2314524999999 719.98713 728.0184825 687.3892875 589.5957599999999 718.0974 721.87686 684.08226 654.3190125 703.9244249999999 732.270375 703.9244249999999 665.6573925 703.9244249999999 709.1211824999999 713.8455074999999 694.0033424999999 777.623895 744.0811874999999 668.4919874999999 732.270375 730.8530774999999 711.0109125 692.1136124999999 732.7428074999999 677.9406375 728.9633474999999 728.490915 771.4822724999999 723.2941575 739.3568624999999 712.9006425 681.247665 726.1287525
2.900000 664.7125275 664.7125275 690.2238825 677.468205 664.7125275 659.0433375 678.41307 679.8303675 676.52334 671.7990149999999 676.52334 677.468205 648.6498224999999 652.4292825 677.468205 677.468205 675.1060425 693.0584775 676.52334 704.86929 679.357935 690.6963149999999 669.909285 670.85415 700.144965 672.74388 711.0109125 664.7125275 691.1687475 401.0951925 675.1060425 681.247665 684.5546925 713.373075 546.6044025 685.027125 669.909285 705.3417225 661.8779324999999 708.64875 706.75902 673.6887449999999 682.1925299999999 677.9406375 694.9482075 676.0509075 702.5071274999999 705.8141549999999 622.666035 699.6725325 683.137395 702.5071274999999 689.75145 709.593615 703.9244249999999 678.41307 710.5384799999999 737.4671324999999 674.63361 693.0584775 694.0033424999999 680.3027999999999 696.365505 705.3417225 707.2314524999999 693.53091 701.5622625 681.7200975 700.6173974999999 700.6173974999999 689.2790175 685.97199 678.8855024999999 644.8703624999999 698.255235 801.7179524999999 673.6887449999999 591.0130575 718.5698325 708.64875 728.490915 733.21524 697.3103699999999 725.1838875 671.3265825 683.6098274999999 537.1557525 704.86929 715.262805 711.0109125 707.2314524999999 728.0184825 722.821725 691.64118 708.1763175 719.98713 719.0422649999999 728.490915 752.5849724999999 736.0498349999999
2.910000 644.8703624999999 659.0433375 673.6887449999999 657.1536075 673.6887449999999 665.6573925 663.29523 649.5946875 702.5071274999999 663.29523 693.53091 661.8779324999999 669.4368525 664.240095 683.137395 675.1060425 697.7828025 686.4444225 677.468205 683.6098274999999 658.0984725 686.9168549999999 680.7752325 694.475775 699.6725325 701.08983 694.0033424999999 700.6173974999999 729.9082125 620.3038725 702.97956 709.593615 688.8065849999999 673.2163125 701.08983 667.5471225 673.2163125 694.0033424999999 686.9168549999999 629.28009 697.3103699999999 671.7990149999999 675.1060425 705.3417225 668.4919874999999 700.144965 732.7428074999999 713.373075 690.2238825 698.7276674999999 690.6963149999999 708.64875 707.703885 705.3417225 693.53091 721.87686 710.0660475 679.357935 711.0109125 708.64875 698.7276674999999 701.5622625 714.31794 712.4282099999999 805.0249799999999 705.3417225 710.5384799999999 703.9244249999999 712.4282099999999 729.9082125 711.0109125 695.4206399999999 698.7276674999999 703.4519925 702.97956 687.86172 685.027125 699.6725325 690.2238825 733.21524 711.0109125 731.7979425 709.593615 712.4282099999999 659.0433375 731.32551 704.86929 728.490915 698.7276674999999 728.9633474999999 727.5460499999999 721.87686 703.4519925 693.53091 656.2087425 704.86929 717.6249674999999 708.1763175 714.7903725 755.8919999999999
2.920000 645.342795 677.9406375 673.2163125 665.1849599999999 668.019555 667.5471225 604.2411675 657.62604 665.1849599999999 728.490915 682.1925299999999 668.4919874999999 694.0033424999999 659.51577 668.019555 796.5211949999999 722.3492924999999 615.107115 670.85415 697.7828025 675.1060425 685.027125 686.4444225 690.2238825 689.2790175 674.1611775 664.7125275 699.2001 666.6022575 695.8930725 692.1136124999999 686.9168549999999 499.83358499999997 682.6649625 663.29523 682.1925299999999 659.9882024999999 700.144965 704.86929 685.4995574999999 697.7828025 702.97956 716.20767 676.9957724999999 698.7276674999999 696.8379375 706.75902 700.144965 696.365505 709.1211824999999 680.3027999999999 705.3417225 702.5071274999999 678.41307 698.7276674999999 710.5384799999999 856.5201225 716.6801025 711.0109125 690.6963149999999 724.2390224999999 720.4595625 702.97956 729.4357799999999 715.262805 693.0584775 726.1287525 725.1838875 711.0109125 701.5622625 704.86929 689.2790175 706.75902 691.1687475 670.85415 703.9244249999999 675.5784749999999 738.4119975 708.1763175 728.0184825 868.8033674999999 742.1914575 732.7428074999999 701.5622625 733.21524 734.6325375 710.0660475 712.9006425 729.9082125 725.6563199999999 736.0498349999999 718.0974 729.9082125 732.270375 710.0660475 720.9319949999999 717.6249674999999 734.1601049999999 727.0736175 716.6801025
2.930000 677.468205 660.9330675 650.5395525 657.1536075 679.357935 703.9244249999999 670.85415 668.96442 663.7676624999999 673.2163125 686.9168549999999 667.5471225 667.0746899999999 649.122255 741.2465925 682.1925299999999 709.593615 699.2001 691.1687475 692.1136124999999 667.0746899999999 677.9406375 673.6887449999999 662.8227975 679.8303675 659.9882024999999 701.5622625 677.9406375 689.2790175 685.4995574999999 718.0974 685.027125 688.3341525 685.027125 698.255235 702.97956 699.6725325 687.3892875 700.144965 693.53091 704.3968575 681.247665 694.9482075 679.8303675 690.2238825 734.1601049999999 700.6173974999999 710.5384799999999 696.8379375 710.0660475 686.9168549999999 706.2865875 719.98713 722.821725 687.86172 696.8379375 722.3492924999999 762.0336225 687.3892875 691.1687475 701.5622625 692.1136124999999 716.6801025 698.7276674999999 727.0736175 735.5774025 698.255235 693.0584775 630.6973875 692.1136124999999 717.6249674999999 680.7752325 706.2865875 711.9557775 724.711455 724.2390224999999 689.75145 710.0660475 693.0584775 718.5698325 715.262805 296.2151775 698.7276674999999 723.76659 702.97956 780.9309225 739.829295 721.4044275 722.3492924999999 607.0757625 719.0422649999999 719.5146975 743.1363225 734.6325375 743.1363225 727.5460499999999 606.6033299999999 748.33308 741.2465925 732.270375
2.940000 652.4292825 672.2714475 668.019555 675.5784749999999 676.52334 665.1849599999999 688.8065849999999 736.0498349999999 698.255235 681.7200975 670.85415 663.7676624999999 655.2638774999999 694.9482075 717.152535 671.7990149999999 692.1136124999999 669.4368525 689.2790175 685.027125 665.6573925 655.73631 699.6725325 705.3417225 694.9482075 685.97199 702.0346949999999 685.027125 702.97956 703.9244249999999 682.6649625 676.9957724999999 680.7752325 788.0174099999999 722.3492924999999 690.2238825 509.7546675 688.3341525 715.7352374999999 667.0746899999999 684.5546925 689.2790175 675.5784749999999 696.365505 708.1763175 697.7828025 701.08983 940.6131075 714.31794 723.76659 721.4044275 734.1601049999999 709.593615 716.20767 723.76659 699.2001 687.86172 712.9006425 696.365505 694.9482075 703.9244249999999 730.380645 722.821725 703.9244249999999 699.6725325 678.8855024999999 714.7903725 723.2941575 737.939565 699.6725325 695.4206399999999 673.6887449999999 676.9957724999999 711.483345 723.2941575 722.3492924999999 680.7752325 696.365505 722.3492924999999 731.7979425 728.490915 760.616325 750.22281 638.72874 725.6563199999999 608.0206274999999 734.1601049999999 732.270375 711.483345 716.20767 735.10497 726.601185 717.6249674999999 710.0660475 716.6801025 740.3017275 745.9709174999999 713.8455074999999 734.1601049999999 730.8530774999999
2.950000 654.791445 666.6022575 586.761165 677.9406375 693.53091 669.909285 684.08226 676.9957724999999 656.2087425 689.2790175 701.08983 664.240095 678.41307 680.7752325 699.2001 702.5071274999999 686.4444225 697.7828025 715.262805 664.7125275 688.8065849999999 671.7990149999999 675.1060425 711.0109125 712.9006425 685.97199 694.475775 697.3103699999999 701.08983 665.6573925 682.1925299999999 667.0746899999999 712.9006425 703.9244249999999 681.247665 736.0498349999999 693.53091 689.2790175 700.144965 688.8065849999999 709.593615 754.947135 671.7990149999999 713.373075 679.357935 702.0346949999999 716.6801025 704.86929 707.703885 681.247665 684.08226 701.5622625 708.1763175 716.20767 709.1211824999999 555.58062 685.97199 696.365505 684.08226 712.9006425 735.10497 705.3417225 704.86929 693.0584775 737.4671324999999 710.0660475 704.3968575 709.593615 713.373075 704.3968575 704.86929 679.8303675 723.2941575 701.5622625 699.2001 652.4292825 709.593615 693.53091 713.8455074999999 736.0498349999999 681.7200975 715.262805 749.7503775 711.9557775 705.8141549999999 660.460635 729.4357799999999 784.7103824999999 754.947135 623.6109 722.3492924999999 723.2941575 705.8141549999999 777.1514625 707.2314524999999 736.0498349999999 718.5698325 736.9947 716.20767 732.270375
2.960000 680.7752325 658.5709049999999 684.5546925 705.3417225 681.7200975 668.96442 669.909285 659.0433375 680.7752325 660.9330675 675.1060425 673.2163125 691.1687475 682.6649625 717.6249674999999 705.8141549999999 672.74388 688.8065849999999 705.8141549999999 701.5622625 697.7828025 696.8379375 701.5622625 694.0033424999999 696.8379375 697.3103699999999 702.5071274999999 682.1925299999999 695.4206399999999 705.3417225 708.64875 698.7276674999999 697.7828025 684.5546925 702.5071274999999 686.9168549999999 695.4206399999999 713.8455074999999 665.6573925 764.8682175 698.255235 676.9957724999999 676.0509075 705.8141549999999 693.53091 719.5146975 716.6801025 696.8379375 811.6390349999999 699.6725325 720.9319949999999 692.586045 698.7276674999999 713.8455074999999 694.9482075 731.7979425 719.5146975 712.9006425 689.75145 701.08983 736.5222675 685.97199 669.909285 682.1925299999999 720.9319949999999 704.86929 695.8930725 723.2941575 708.64875 704.86929 729.4357799999999 712.4282099999999 699.6725325 710.5384799999999 694.9482075 761.0887574999999 712.4282099999999 710.0660475 704.86929 698.7276674999999 754.4747024999999 748.8055125 777.1514625 747.388215 726.1287525 713.373075 616.996845 736.5222675 717.6249674999999 694.9482075 745.0260525 714.31794 733.21524 609.437925 733.6876725 727.0736175 740.7741599999999 741.719025 724.2390224999999 724.711455
2.970000 663.29523 658.0984725 340.6238325 673.6887449999999 653.84658 685.97199 691.1687475 700.144965 667.0746899999999 754.00227 670.3817174999999 670.85415 682.6649625 674.63361 671.3265825 684.08226 679.357935 689.75145 699.6725325 699.2001 719.0422649999999 712.9006425 676.52334 700.144965 702.97956 675.1060425 701.08983 701.08983 696.8379375 686.4444225 693.0584775 691.64118 719.5146975 686.9168549999999 712.4282099999999 693.53091 676.9957724999999 696.8379375 668.019555 842.81958 686.9168549999999 685.4995574999999 684.08226 839.9849849999999 705.8141549999999 698.7276674999999 887.2282349999999 688.8065849999999 700.6173974999999 707.703885 754.947135 350.0724825 706.75902 709.593615 802.6628175 728.490915 699.2001 722.3492924999999 705.8141549999999 693.53091 710.0660475 658.5709049999999 712.4282099999999 739.3568624999999 710.0660475 761.56119 695.4206399999999 702.97956 719.5146975 724.2390224999999 711.0109125 715.262805 708.64875 716.20767 700.6173974999999 842.3471475 712.4282099999999 704.3968575 702.0346949999999 748.8055125 688.3341525 730.8530774999999 694.475775 722.3492924999999 705.3417225 723.2941575 733.21524 726.601185 733.21524 788.4898425 712.9006425 667.0746899999999 743.1363225 718.5698325 722.3492924999999 718.0974 734.1601049999999 725.6563199999999 728.9633474999999 736.5222675
2.980000 638.2563074999999 631.16982 686.9168549999999 691.1687475 679.357935 682.1925299999999 624.0833325 670.85415 685.97199 701.08983 663.7676624999999 626.4454949999999 690.2238825 677.468205 692.1136124999999 695.4206399999999 633.5319825 740.3017275 697.3103699999999 794.6314649999999 688.8065849999999 683.6098274999999 715.262805 677.9406375 691.64118 665.1849599999999 695.4206399999999 695.8930725 699.6725325 717.6249674999999 713.8455074999999 690.2238825 713.8455074999999 695.4206399999999 696.365505 684.5546925 688.3341525 693.53091 664.240095 711.9557775 696.8379375 705.3417225 457.31466 692.1136124999999 674.1611775 716.6801025 721.87686 693.0584775 728.0184825 705.3417225 706.75902 714.31794 712.9006425 708.1763175 719.98713 739.3568624999999 719.0422649999999 264.0897675 695.8930725 680.7752325 717.152535 704.3968575 688.8065849999999 712.9006425 715.7352374999999 740.7741599999999 725.6563199999999 760.616325 676.0509075 713.8455074999999 705.8141549999999 722.821725 723.76659 705.8141549999999 718.0974 711.483345 694.9482075 715.262805 725.1838875 745.9709174999999 735.10497 730.8530774999999 835.7330925 852.2682299999999 712.4282099999999 714.31794 725.1838875 717.6249674999999 699.6725325 713.373075 728.490915 719.5146975 782.8206524999999 711.483345 720.4595625 718.0974 755.4195675 716.20767 724.2390224999999 733.6876725
2.990000 661.4055 596.2098149999999 679.8303675 675.5784749999999 668.019555 660.9330675 651.9568499999999 661.4055 671.7990149999999 712.4282099999999 690.2238825 702.0346949999999 657.1536075 668.4919874999999 696.365505 694.0033424999999 709.1211824999999 673.6887449999999 671.7990149999999 697.7828025 667.0746899999999 691.1687475 696.365505 679.357935 854.6303925 687.86172 694.9482075 696.365505 691.64118 712.9006425 678.41307 708.64875 702.0346949999999 697.3103699999999 682.6649625 702.0346949999999 696.365505 709.593615 707.2314524999999 682.1925299999999 679.357935 702.0346949999999 706.75902 722.821725 686.9168549999999 696.8379375 704.3968575 712.4282099999999 723.2941575 716.20767 706.2865875 713.8455074999999 714.7903725 708.64875 489.91250249999996 722.3492924999999 708.64875 710.5384799999999 570.69846 713.373075 724.2390224999999 728.9633474999999 716.6801025 697.7828025 711.9557775 710.0660475 727.5460499999999 699.6725325 719.0422649999999 711.9557775 694.9482075 708.1763175 730.8530774999999 691.64118 698.255235 641.5633349999999 713.8455074999999 732.7428074999999 713.8455074999999 709.593615 739.829295 738.4119975 734.6325375 803.6076825 787.072545 698.255235 708.64875 744.0811874999999 486.60547499999996 709.1211824999999 715.262805 756.836865 718.5698325 712.9006425 740.3017275 702.0346949999999 747.8606474999999 754.00227 714.7903725 753.057405
3.000000 658.5709049999999 651.011985 693.0584775 690.6963149999999 664.7125275 619.3590075 691.64118 682.1925299999999 688.3341525 691.64118 695.4206399999999 668.96442 658.0984725 734.1601049999999 696.365505 720.4595625 708.64875 703.4519925 700.6173974999999 669.909285 684.5546925 686.9168549999999 691.1687475 683.6098274999999 675.1060425 712.9006425 714.31794 672.2714475 713.373075 722.821725 699.6725325 687.86172 709.593615 714.7903725 693.53091 670.3817174999999 666.6022575 678.8855024999999 709.1211824999999 694.9482075 686.4444225 708.64875 719.0422649999999 711.483345 691.64118 697.7828025 728.9633474999999 697.3103699999999 736.0498349999999 718.0974 723.76659 714.31794 694.475775 714.7903725 711.9557775 732.7428074999999 726.1287525 732.7428074999999 723.76659 905.18067 704.3968575 563.13954 736.9947 720.4595625 699.2001 719.98713 714.31794 705.8141549999999 689.75145 728.9633474999999 722.821725 715.7352374999999 707.703885 710.5384799999999 725.6563199999999 717.152535 725.1838875 677.9406375 732.7428074999999 731.32551 706.75902 711.483345 709.593615 718.0974 722.821725 727.5460499999999 744.0811874999999 719.0422649999999 715.262805 738.88443 709.593615 731.7979425 868.330935 752.11254 727.5460499999999 721.4044275 905.18067 744.0811874999999 215.42922 737.939565
3.010000 659.9882024999999 662.350365 684.08226 686.4444225 669.4368525 690.6963149999999 700.144965 685.97199 673.6887449999999 692.586045 675.5784749999999 686.4444225 669.909285 704.3968575 711.483345 684.5546925 689.2790175 713.8455074999999 713.373075 704.3968575 687.86172 690.6963149999999 704.3968575 694.475775 697.3103699999999 684.08226 725.6563199999999 741.719025 696.8379375 691.64118 687.3892875 681.247665 691.64118 709.593615 700.144965 718.0974 700.144965 697.7828025 709.1211824999999 691.1687475 318.8919375 698.255235 748.8055125 697.7828025 701.08983 713.373075 694.475775 737.939565 604.2411675 717.6249674999999 704.3968575 522.0379125 688.8065849999999 702.97956 697.7828025 716.20767 698.255235 732.270375 696.8379375 716.20767 725.6563199999999 702.97956 721.4044275 690.6963149999999 734.1601049999999 716.6801025 707.2314524999999 709.1211824999999 695.8930725 725.1838875 708.64875 770.064975 708.1763175 699.2001 688.3341525 702.5071274999999 733.21524 677.468205 695.4206399999999 766.2855149999999 734.1601049999999 541.407645 745.0260525 744.0811874999999 698.7276674999999 737.4671324999999 741.2465925 744.0811874999999 742.6638899999999 760.616325 724.2390224999999 713.373075 736.0498349999999 728.9633474999999 725.6563199999999 736.9947 750.6952425 762.506055 746.44335 741.719025
3.020000 771.0098399999999 660.460635 679.357935 692.586045 679.8303675 735.5774025 673.2163125 664.240095 724.711455 676.0509075 667.0746899999999 672.74388 672.74388 722.3492924999999 672.74388 684.08226 705.3417225 704.3968575 690.6963149999999 720.4595625 696.8379375 674.63361 790.3795725 514.951425 586.2887324999999 702.0346949999999 688.3341525 712.9006425 666.129825 586.2887324999999 704.86929 688.3341525 714.7903725 691.1687475 690.2238825 703.4519925 682.6649625 697.3103699999999 728.9633474999999 511.171965 710.5384799999999 699.2001 676.52334 717.152535 709.1211824999999 727.0736175 866.9136374999999 702.97956 726.601185 706.75902 735.5774025 694.0033424999999 702.5071274999999 653.84658 700.144965 719.5146975 660.460635 702.97956 702.97956 747.388215 714.7903725 696.365505 699.2001 731.7979425 722.3492924999999 730.8530774999999 718.5698325 690.6963149999999 712.9006425 706.2865875 720.4595625 721.4044275 722.3492924999999 716.20767 707.703885 722.3492924999999 727.5460499999999 723.2941575 708.1763175 728.490915 709.593615 707.2314524999999 696.365505 705.3417225 620.3038725 717.6249674999999 682.1925299999999 714.7903725 731.7979425 751.1676749999999 743.1363225 534.3211575 743.608755 737.4671324999999 733.21524 758.726595 768.175245 745.0260525 490.85736749999995 722.821725
3.030000 682.1925299999999 618.886575 533.3762925 688.3341525 671.3265825 717.6249674999999 692.586045 688.8065849999999 892.4249924999999 676.52334 687.86172 675.5784749999999 673.6887449999999 682.6649625 701.08983 697.7828025 676.0509075 701.5622625 688.8065849999999 682.6649625 731.7979425 684.08226 716.6801025 683.6098274999999 719.0422649999999 699.2001 693.0584775 693.53091 702.5071274999999 698.255235 681.247665 668.019555 706.75902 789.9071399999999 709.1211824999999 694.9482075 728.0184825 687.86172 676.52334 698.7276674999999 715.262805 721.87686 713.8455074999999 721.4044275 711.9557775 699.2001 712.9006425 719.98713 700.6173974999999 732.7428074999999 693.53091 693.53091 718.5698325 699.2001 730.380645 716.20767 731.7979425 709.1211824999999 714.31794 718.0974 779.0411925 690.2238825 734.6325375 710.5384799999999 730.380645 694.475775 710.5384799999999 708.64875 428.49627749999996 709.1211824999999 691.64118 704.86929 709.1211824999999 709.1211824999999 690.6963149999999 703.4519925 707.2314524999999 695.8930725 723.76659 736.5222675 747.388215 723.76659 739.3568624999999 739.829295 753.5298375 757.3092975 733.21524 720.4595625 737.939565 703.4519925 714.7903725 890.5352624999999 742.1914575 871.16553 711.0109125 738.88443 755.8919999999999 724.2390224999999 752.5849724999999 726.1287525
3.040000 667.5471225 659.9882024999999 682.1925299999999 711.483345 669.4368525 698.255235 688.8065849999999 679.357935 697.3103699999999 668.96442 679.8303675 701.08983 677.9406375 695.8930725 698.255235 696.8379375 694.0033424999999 745.498485 712.9006425 710.0660475 723.2941575 702.0346949999999 713.8455074999999 685.97199 716.20767 701.5622625 689.75145 669.909285 686.9168549999999 671.7990149999999 704.86929 711.0109125 700.6173974999999 722.821725 717.152535 693.53091 696.365505 715.7352374999999 689.75145 716.20767 730.8530774999999 694.0033424999999 684.5546925 726.601185 679.357935 739.3568624999999 711.0109125 723.2941575 720.9319949999999 708.64875 705.8141549999999 695.8930725 721.87686 719.98713 724.2390224999999 728.0184825 697.7828025 729.4357799999999 707.2314524999999 699.6725325 711.0109125 911.794725 726.601185 823.92228 691.64118 725.1838875 716.6801025 779.5136249999999 728.490915 702.0346949999999 716.20767 729.9082125 719.98713 701.08983 741.2465925 713.8455074999999 705.8141549999999 702.0346949999999 715.7352374999999 925.9676999999999 703.4519925 750.22281 751.6401075 736.0498349999999 745.9709174999999 743.608755 727.0736175 753.5298375 766.7579475 712.9006425 719.0422649999999 725.1838875 751.6401075 742.6638899999999 729.4357799999999 716.6801025 767.7028124999999 724.711455 743.1363225 750.6952425
3.050000 646.7600924999999 677.9406375 679.8303675 694.475775 659.9882024999999 677.468205 674.63361 696.8379375 735.5774025 626.4454949999999 743.608755 683.6098274999999 688.3341525 664.240095 729.4357799999999 701.08983 713.8455074999999 699.6725325 686.9168549999999 717.152535 708.64875 720.9319949999999 698.7276674999999 273.065985 718.0974 716.20767 719.0422649999999 591.48549 712.4282099999999 703.4519925 695.4206399999999 721.4044275 703.9244249999999 712.9006425 644.8703624999999 710.5384799999999 675.1060425 357.15897 317.47463999999997 728.490915 706.2865875 685.027125 685.027125 691.64118 690.6963149999999 711.9557775 707.2314524999999 700.144965 717.152535 729.9082125 735.10497 834.315795 698.255235 744.5536199999999 726.1287525 716.20767 700.6173974999999 15.11784 742.6638899999999 662.350365 714.31794 664.240095 650.5395525 730.380645 701.5622625 711.0109125 709.593615 711.9557775 721.4044275 733.21524 716.20767 717.152535 705.8141549999999 860.2995824999999 729.9082125 728.0184825 711.9557775 728.490915 706.75902 718.0974 725.6563199999999 727.0736175 663.7676624999999 725.1838875 736.9947 810.2217375 748.33308 718.5698325 721.4044275 752.11254 752.11254 717.152535 732.270375 735.10497 706.75902 447.3935775 750.22281 810.2217375 753.5298375 687.86172
3.060000 704.86929 676.9957724999999 693.0584775 681.7200975 698.7276674999999 681.247665 711.9557775 676.52334 748.8055125 675.1060425 687.3892875 680.3027999999999 668.4919874999999 698.255235 736.9947 692.586045 768.6476775 721.4044275 686.9168549999999 706.75902 717.152535 694.9482075 702.0346949999999 519.67575 676.0509075 612.27252 649.122255 759.1990274999999 686.9168549999999 850.8509325 874.0001249999999 717.152535 702.5071274999999 675.5784749999999 710.0660475 701.5622625 701.08983 690.6963149999999 678.41307 709.1211824999999 703.4519925 702.5071274999999 714.31794 703.4519925 692.586045 697.7828025 707.2314524999999 716.20767 718.0974 720.9319949999999 724.711455 726.1287525 729.4357799999999 711.483345 697.7828025 697.3103699999999 728.490915 731.32551 696.365505 696.8379375 736.0498349999999 697.7828025 709.1211824999999 700.6173974999999 718.0974 724.711455 727.0736175 694.0033424999999 726.1287525 719.98713 657.1536075 707.2314524999999 719.98713 706.2865875 701.08983 738.88443 720.4595625 734.6325375 738.88443 810.2217375 768.175245 734.1601049999999 745.498485 732.270375 723.2941575 703.9244249999999 652.901715 712.4282099999999 719.5146975 494.16439499999996 706.2865875 727.5460499999999 715.262805 696.8379375 718.5698325 737.4671324999999 723.76659 744.0811874999999 760.1438925 770.5374075
3.070000 660.460635 365.1903225 697.7828025 666.129825 682.6649625 675.5784749999999 673.6887449999999 699.6725325 683.137395 686.4444225 694.0033424999999 662.350365 693.0584775 661.8779324999999 705.8141549999999 702.97956 700.144965 692.1136124999999 608.9654925 719.5146975 714.7903725 716.6801025 696.8379375 690.6963149999999 701.5622625 706.75902 707.703885 693.53091 704.3968575 697.3103699999999 681.7200975 744.0811874999999 708.1763175 703.9244249999999 838.5676874999999 717.152535 716.6801025 705.8141549999999 689.75145 695.4206399999999 710.5384799999999 706.75902 827.70174 706.2865875 682.6649625 713.373075 696.8379375 871.6379625 657.1536075 702.5071274999999 729.4357799999999 694.9482075 730.380645 786.1276799999999 696.8379375 746.44335 726.601185 744.5536199999999 743.608755 719.0422649999999 690.6963149999999 192.2800275 699.6725325 723.2941575 705.3417225 720.4595625 730.8530774999999 767.7028124999999 731.7979425 742.6638899999999 728.490915 841.4022825 877.779585 733.21524 714.31794 726.1287525 715.262805 733.6876725 729.9082125 756.836865 157.792455 728.9633474999999 720.4595625 672.2714475 753.5298375 757.7817299999999 715.262805 721.4044275 752.11254 714.31794 736.5222675 741.719025 740.3017275 714.31794 754.4747024999999 742.1914575 761.56119 763.45092 744.0811874999999 748.8055125
3.080000 751.1676749999999 688.3341525 784.7103824999999 117.16326 683.6098274999999 626.9179275 696.8379375 696.8379375 683.137395 677.9406375 683.6098274999999 683.6098274999999 605.1860325 815.418495 705.8141549999999 690.2238825 718.0974 729.9082125 688.8065849999999 714.7903725 691.1687475 677.468205 686.4444225 686.9168549999999 103.4627175 728.490915 702.5071274999999 703.4519925 711.483345 705.3417225 775.2617325 669.909285 735.5774025 676.52334 724.711455 707.703885 711.9557775 717.6249674999999 718.0974 708.64875 705.3417225 650.5395525 713.373075 697.3103699999999 694.475775 718.5698325 575.8952175 723.2941575 716.6801025 718.0974 744.0811874999999 734.6325375 719.5146975 709.593615 699.2001 720.4595625 705.3417225 723.2941575 754.947135 724.711455 708.64875 735.5774025 711.9557775 729.9082125 727.5460499999999 707.703885 736.5222675 715.262805 748.33308 514.951425 716.6801025 702.5071274999999 735.5774025 707.703885 705.3417225 699.2001 725.6563199999999 721.4044275 719.0422649999999 718.5698325 743.608755 499.3611525 755.8919999999999 722.821725 754.00227 743.1363225 754.4747024999999 715.7352374999999 744.5536199999999 725.1838875 750.6952425 765.8130825 676.9957724999999 746.44335 743.608755 727.5460499999999 749.2779449999999 749.7503775 793.2141674999999 745.498485
3.090000 680.3027999999999 648.17739 675.5784749999999 695.4206399999999 698.255235 670.85415 665.6573925 686.4444225 687.3892875 694.475775 702.97956 678.41307 676.0509075 678.41307 722.3492924999999 703.4519925 695.4206399999999 716.6801025 703.4519925 703.9244249999999 700.144965 707.2314524999999 711.9557775 686.9168549999999 685.97199 688.3341525 690.6963149999999 685.97199 706.2865875 719.5146975 709.593615 685.027125 706.2865875 674.1611775 727.0736175 687.86172 711.9557775 886.28337 757.7817299999999 733.21524 717.152535 728.0184825 724.711455 706.2865875 587.7060299999999 735.10497 715.262805 719.5146975 710.0660475 722.3492924999999 735.5774025 744.5536199999999 700.144965 718.0974 746.44335 729.9082125 706.2865875 728.0184825 715.262805 695.4206399999999 694.0033424999999 700.144965 718.5698325 739.829295 721.4044275 735.5774025 735.10497 700.6173974999999 906.5979675 726.601185 715.262805 718.0974 699.6725325 717.6249674999999 739.3568624999999 704.3968575 741.2465925 698.7276674999999 724.711455 732.270375 734.6325375 762.9784874999999 739.3568624999999 813.5287649999999 726.1287525 728.0184825 755.4195675 724.711455 752.11254 622.1936025 755.8919999999999 739.3568624999999 740.7741599999999 763.9233525 428.023845 338.26167 684.08226 739.3568624999999 766.7579475 734.6325375
3.100000 666.6022575 672.74388 697.3103699999999 678.8855024999999 707.703885 682.6649625 682.1925299999999 684.08226 697.3103699999999 689.75145 684.5546925 673.2163125 681.7200975 704.86929 716.6801025 703.9244249999999 724.711455 705.3417225 674.1611775 724.711455 704.3968575 736.0498349999999 689.2790175 767.23038 690.2238825 705.3417225 732.7428074999999 674.1611775 695.4206399999999 708.1763175 702.5071274999999 690.2238825 705.8141549999999 717.6249674999999 709.1211824999999 699.6725325 727.0736175 718.0974 710.0660475 707.703885 707.703885 692.586045 697.7828025 724.2390224999999 681.7200975 743.608755 655.73631 710.0660475 724.2390224999999 909.904995 312.750315 549.4389975 746.44335 703.4519925 709.1211824999999 728.9633474999999 718.5698325 727.0736175 724.2390224999999 737.4671324999999 719.5146975 773.3720025 708.1763175 720.9319949999999 718.0974 729.9082125 711.483345 695.8930725 706.75902 744.5536199999999 702.5071274999999 692.586045 742.6638899999999 710.5384799999999 732.7428074999999 731.32551 734.1601049999999 732.7428074999999 704.3968575 749.7503775 755.4195675 736.5222675 733.21524 659.51577 734.6325375 736.0498349999999 744.5536199999999 709.1211824999999 768.175245 774.3168675 736.0498349999999 759.6714599999999 750.6952425 757.7817299999999 769.12011 724.711455 761.56119 742.1914575 768.175245 823.4498474999999
3.110000 663.29523 652.4292825 629.28009 705.8141549999999 683.6098274999999 691.64118 297.632475 709.593615 356.6865375 664.7125275 673.2163125 676.9957724999999 690.6963149999999 683.137395 712.4282099999999 701.08983 717.6249674999999 649.122255 734.1601049999999 703.4519925 748.33308 711.9557775 701.5622625 717.152535 701.5622625 699.2001 715.7352374999999 691.64118 699.6725325 708.1763175 719.98713 711.483345 719.5146975 697.7828025 702.97956 707.2314524999999 703.9244249999999 721.4044275 714.31794 720.9319949999999 707.703885 705.8141549999999 700.6173974999999 711.483345 710.5384799999999 742.6638899999999 738.88443 738.4119975 724.711455 731.32551 721.4044275 727.0736175 779.0411925 734.6325375 798.4109249999999 694.475775 703.9244249999999 704.3968575 709.1211824999999 730.8530774999999 747.8606474999999 704.3968575 715.7352374999999 697.3103699999999 735.5774025 716.20767 719.0422649999999 736.9947 724.711455 733.21524 718.0974 739.3568624999999 728.490915 733.21524 740.7741599999999 730.380645 721.4044275 728.9633474999999 735.10497 745.0260525 712.4282099999999 717.152535 728.0184825 753.5298375 734.6325375 728.490915 746.44335 715.7352374999999 739.3568624999999 723.76659 734.6325375 752.5849724999999 767.7028124999999 750.22281 736.5222675 755.8919999999999 758.726595 743.608755 783.293085 754.00227
3.120000 671.3265825 648.6498224999999 664.240095 701.08983 700.144965 699.6725325 604.2411675 666.6022575 691.1687475 687.86172 735.10497 739.829295 668.019555 695.4206399999999 722.821725 711.9557775 711.9557775 698.7276674999999 695.4206399999999 689.2790175 727.0736175 703.9244249999999 756.3644324999999 703.9244249999999 708.1763175 701.5622625 718.5698325 706.2865875 705.8141549999999 672.2714475 710.5384799999999 919.3536449999999 694.9482075 715.7352374999999 705.3417225 710.5384799999999 700.6173974999999 713.8455074999999 688.3341525 697.3103699999999 711.9557775 729.9082125 728.9633474999999 694.9482075 706.75902 728.490915 732.7428074999999 739.829295 715.262805 713.8455074999999 872.5828275 722.3492924999999 758.726595 711.0109125 721.4044275 728.0184825 742.1914575 745.9709174999999 458.73195749999996 721.87686 695.8930725 796.5211949999999 713.373075 731.7979425 726.601185 723.2941575 712.9006425 750.6952425 662.8227975 744.0811874999999 760.616325 736.5222675 732.7428074999999 700.144965 733.6876725 736.0498349999999 717.6249674999999 726.601185 729.4357799999999 817.7806575 732.7428074999999 742.6638899999999 760.1438925 725.6563199999999 763.9233525 748.8055125 725.6563199999999 765.34065 675.5784749999999 737.939565 715.7352374999999 777.623895 766.2855149999999 731.32551 717.152535 745.498485 779.5136249999999 764.8682175 745.9709174999999 747.8606474999999
3.130000 668.4919874999999 669.909285 667.0746899999999 703.4519925 752.11254 623.1384674999999 685.027125 678.8855024999999 708.64875 693.0584775 689.2790175 692.586045 704.3968575 696.8379375 703.4519925 708.64875 694.9482075 721.87686 719.98713 698.255235 721.4044275 693.0584775 719.5146975 709.1211824999999 724.2390224999999 737.4671324999999 712.9006425 731.32551 720.9319949999999 688.3341525 702.97956 707.2314524999999 701.08983 702.97956 703.4519925 537.1557525 709.1211824999999 717.152535 731.32551 793.6866 685.4995574999999 702.97956 702.97956 683.137395 712.4282099999999 706.75902 721.87686 728.490915 754.947135 724.711455 716.6801025 744.0811874999999 730.8530774999999 738.88443 728.490915 753.5298375 622.666035 741.719025 734.6325375 743.1363225 745.9709174999999 723.76659 747.8606474999999 699.6725325 726.601185 736.0498349999999 712.4282099999999 749.2779449999999 728.9633474999999 719.5146975 694.475775 745.498485 731.7979425 726.601185 737.4671324999999 732.270375 724.711455 722.3492924999999 745.0260525 755.4195675 743.1363225 689.2790175 752.11254 634.4768475 745.498485 742.1914575 536.2108875 816.8357924999999 756.836865 731.7979425 711.483345 718.0974 747.388215 732.270375 778.56876 723.2941575 752.11254 752.5849724999999 733.21524 777.623895
3.140000 674.1611775 672.2714475 652.4292825 677.468205 689.75145 689.2790175 727.0736175 694.9482075 704.3968575 907.0704 675.1060425 678.41307 518.730885 682.1925299999999 710.5384799999999 731.7979425 711.9557775 717.152535 732.270375 720.9319949999999 709.1211824999999 651.4844175 699.6725325 719.5146975 732.7428074999999 704.3968575 702.0346949999999 697.3103699999999 714.7903725 709.1211824999999 702.97956 728.9633474999999 689.2790175 714.31794 764.3957849999999 711.0109125 436.52763 698.255235 728.9633474999999 687.3892875 664.240095 716.6801025 728.9633474999999 712.4282099999999 711.0109125 705.3417225 216.84651749999998 733.6876725 718.5698325 732.7428074999999 793.6866 727.5460499999999 727.5460499999999 714.31794 669.909285 746.9157825 657.62604 697.3103699999999 745.0260525 759.6714599999999 703.9244249999999 739.829295 722.821725 734.6325375 730.380645 717.152535 706.2865875 716.6801025 699.2001 707.703885 725.1838875 726.1287525 751.1676749999999 709.1211824999999 748.8055125 574.4779199999999 581.5644075 728.490915 749.2779449999999 767.23038 746.44335 756.836865 735.5774025 748.33308 256.05841499999997 752.5849724999999 748.8055125 760.616325 732.270375 634.004415 739.829295 722.821725 745.0260525 733.6876725 758.726595 735.5774025 742.1914575 756.3644324999999 753.5298375 742.6638899999999
3.150000 726.1287525 611.3276549999999 680.3027999999999 691.64118 749.2779449999999 703.4519925 693.53091 640.61847 709.593615 687.86172 861.2444475 744.5536199999999 706.75902 678.41307 700.6173974999999 719.98713 708.1763175 709.593615 702.97956 706.75902 695.8930725 720.4595625 694.0033424999999 696.8379375 715.262805 687.3892875 708.1763175 700.144965 728.490915 723.76659 708.1763175 707.703885 710.5384799999999 441.25195499999995 715.262805 702.0346949999999 739.3568624999999 724.2390224999999 693.0584775 719.98713 694.475775 719.0422649999999 697.3103699999999 734.6325375 737.939565 578.25738 750.22281 716.20767 720.9319949999999 695.4206399999999 738.4119975 739.3568624999999 737.4671324999999 582.9817049999999 716.6801025 708.1763175 746.44335 735.5774025 728.9633474999999 725.6563199999999 739.829295 706.2865875 722.3492924999999 751.1676749999999 709.593615 726.601185 747.8606474999999 740.3017275 708.1763175 718.5698325 746.44335 746.9157825 760.1438925 738.4119975 726.1287525 734.1601049999999 716.20767 741.2465925 717.6249674999999 747.8606474999999 738.4119975 727.0736175 745.0260525 728.0184825 733.6876725 740.7741599999999 673.2163125 753.057405 731.7979425 730.8530774999999 754.947135 731.7979425 771.4822724999999 736.9947 735.10497 736.5222675 733.6876725 753.5298375 774.3168675 735.10497
3.160000 681.7200975 647.7049575 693.53091 694.9482075 701.5622625 790.852005 692.1136124999999 681.7200975 719.98713 693.53091 682.1925299999999 686.9168549999999 698.255235 677.468205 725.1838875 683.6098274999999 700.6173974999999 707.703885 721.87686 709.1211824999999 715.7352374999999 709.1211824999999 733.6876725 735.5774025 728.0184825 722.821725 700.144965 696.8379375 710.5384799999999 733.21524 723.76659 696.8379375 708.64875 708.1763175 691.1687475 701.08983 730.380645 724.2390224999999 702.5071274999999 719.0422649999999 712.4282099999999 736.9947 720.4595625 732.7428074999999 713.373075 736.5222675 739.829295 736.5222675 732.7428074999999 720.4595625 844.70931 740.3017275 719.5146975 736.0498349999999 745.498485 728.0184825 716.6801025 750.6952425 755.4195675 742.1914575 733.21524 746.9157825 659.9882024999999 725.6563199999999 721.87686 749.2779449999999 724.2390224999999 736.0498349999999 784.23795 709.593615 877.779585 719.0422649999999 719.98713 726.601185 732.270375 725.1838875 718.5698325 845.1817424999999 742.6638899999999 745.498485 727.5460499999999 741.2465925 736.0498349999999 740.7741599999999 726.601185 718.0974 760.616325 740.3017275 760.1438925 739.829295 740.3017275 721.4044275 732.270375 741.719025 685.4995574999999 749.7503775 787.072545 743.1363225 761.0887574999999 645.342795
3.170000 686.9168549999999 700.6173974999999 703.9244249999999 684.5546925 682.1925299999999 693.0584775 586.761165 709.593615 713.373075 699.2001 688.8065849999999 682.6649625 705.3417225 713.373075 694.475775 705.8141549999999 724.2390224999999 688.8065849999999 705.8141549999999 712.4282099999999 726.601185 740.3017275 723.2941575 715.262805 713.373075 714.31794 656.2087425 694.475775 706.2865875 706.75902 744.5536199999999 731.32551 705.8141549999999 778.0963274999999 719.5146975 729.9082125 712.9006425 738.4119975 723.76659 738.88443 708.64875 731.7979425 842.81958 708.1763175 709.1211824999999 733.6876725 755.4195675 711.483345 736.0498349999999 723.76659 732.7428074999999 734.6325375 724.711455 720.4595625 726.601185 678.41307 676.9957724999999 717.6249674999999 737.939565 732.7428074999999 728.490915 722.3492924999999 668.019555 718.0974 878.7244499999999 711.9557775 726.1287525 789.4347075 743.608755 736.0498349999999 741.2465925 711.483345 741.719025 720.4595625 711.9557775 729.9082125 766.2855149999999 729.9082125 375.58383749999996 737.939565 723.76659 714.31794 761.56119 742.6638899999999 735.10497 317.47463999999997 739.3568624999999 743.608755 754.947135 735.5774025 734.1601049999999 715.262805 730.380645 713.8455074999999 758.726595 860.772015 692.1136124999999 775.734165 752.11254 833.8433625
3.180000 664.7125275 676.9957724999999 702.0346949999999 691.64118 696.8379375 651.4844175 708.1763175 717.6249674999999 604.7135999999999 722.821725 689.75145 712.9006425 711.483345 689.2790175 716.6801025 708.64875 719.5146975 691.1687475 730.380645 736.5222675 709.1211824999999 746.9157825 729.9082125 729.9082125 727.5460499999999 82.203255 720.4595625 731.32551 702.0346949999999 718.0974 707.703885 711.483345 696.365505 820.1428199999999 654.3190125 739.829295 700.144965 715.7352374999999 693.53091 716.20767 943.4477025 709.1211824999999 736.0498349999999 694.0033424999999 720.4595625 738.4119975 753.5298375 728.490915 749.7503775 737.4671324999999 754.00227 732.270375 728.9633474999999 732.270375 722.821725 752.5849724999999 732.270375 740.7741599999999 731.32551 739.3568624999999 714.7903725 720.9319949999999 742.1914575 736.5222675 734.1601049999999 718.5698325 729.4357799999999 712.4282099999999 743.608755 726.1287525 718.5698325 744.5536199999999 751.1676749999999 736.9947 733.21524 721.4044275 660.460635 730.380645 707.2314524999999 752.11254 756.836865 753.057405 761.56119 751.6401075 585.3438675 759.6714599999999 753.057405 768.175245 747.8606474999999 745.9709174999999 726.601185 733.21524 690.2238825 775.734165 733.6876725 731.32551 771.0098399999999 780.9309225 765.34065 774.3168675
3.190000 678.8855024999999 698.7276674999999 697.7828025 676.9957724999999 696.8379375 695.8930725 693.0584775 668.4919874999999 707.703885 704.86929 685.97199 723.76659 683.137395 805.969845 718.5698325 725.6563199999999 694.475775 692.1136124999999 723.76659 728.490915 694.0033424999999 703.4519925 704.86929 709.1211824999999 707.2314524999999 703.4519925 709.593615 387.39464999999996 709.1211824999999 694.9482075 372.27680999999995 715.7352374999999 693.0584775 721.4044275 698.7276674999999 737.4671324999999 744.0811874999999 733.6876725 784.23795 699.2001 766.2855149999999 725.1838875 716.20767 719.5146975 751.6401075 742.6638899999999 708.64875 736.5222675 755.8919999999999 810.2217375 728.490915 732.270375 768.6476775 727.0736175 732.270375 744.5536199999999 749.7503775 721.4044275 710.5384799999999 737.939565 675.5784749999999 716.6801025 739.3568624999999 726.601185 739.3568624999999 721.4044275 735.5774025 733.21524 754.4747024999999 715.7352374999999 734.6325375 713.8455074999999 727.0736175 747.388215 716.20767 708.1763175 730.380645 740.7741599999999 766.2855149999999 775.2617325 755.4195675 753.057405 739.829295 722.3492924999999 735.5774025 756.3644324999999 758.2541625 749.7503775 757.3092975 773.3720025 771.954705 736.9947 722.3492924999999 757.7817299999999 756.836865 752.11254 770.064975 755.8919999999999 748.33308 761.0887574999999
3.200000 689.75145 682.6649625 696.365505 698.255235 678.41307 694.0033424999999 717.152535 698.255235 699.6725325 757.3092975 684.5546925 680.3027999999999 728.0184825 687.3892875 723.76659 703.9244249999999 718.5698325 695.8930725 730.8530774999999 728.490915 736.9947 731.32551 697.7828025 721.4044275 725.6563199999999 720.9319949999999 728.490915 715.7352374999999 705.8141549999999 718.0974 714.31794 727.5460499999999 775.734165 714.7903725 703.4519925 695.4206399999999 706.75902 699.6725325 628.3352249999999 730.8530774999999 724.2390224999999 702.97956 711.483345 730.380645 694.9482075 717.152535 732.270375 723.76659 753.5298375 735.10497 737.939565 733.6876725 745.498485 759.1990274999999 724.711455 427.07898 702.97956 728.9633474999999 729.4357799999999 732.7428074999999 736.5222675 731.7979425 757.3092975 716.20767 752.5849724999999 736.9947 725.1838875 721.87686 663.29523 737.4671324999999 731.7979425 716.6801025 726.601185 739.3568624999999 719.5146975 742.6638899999999 590.540625 934.4714849999999 739.3568624999999 783.7655175 773.3720025 676.9957724999999 766.2855149999999 811.1666025 807.859575 724.711455 770.064975 760.1438925 686.9168549999999 749.2779449999999 662.8227975 750.22281 762.0336225 732.7428074999999 768.6476775 771.4822724999999 790.3795725 786.1276799999999 777.623895 757.7817299999999
3.210000 686.9168549999999 695.4206399999999 716.20767 720.9319949999999 718.5698325 754.4747024999999 729.9082125 723.2941575 700.6173974999999 691.1687475 713.373075 681.247665 721.4044275 717.6249674999999 698.7276674999999 722.3492924999999 716.20767 736.9947 746.44335 700.6173974999999 733.6876725 717.152535 720.4595625 718.0974 718.0974 692.1136124999999 715.7352374999999 738.88443 719.0422649999999 736.0498349999999 713.373075 729.4357799999999 721.87686 709.593615 740.7741599999999 723.2941575 732.7428074999999 720.9319949999999 709.1211824999999 716.20767 749.2779449999999 729.4357799999999 714.31794 721.4044275 707.2314524999999 748.8055125 733.21524 707.2314524999999 762.506055 745.498485 140.3124525 739.829295 555.58062 756.3644324999999 660.9330675 748.8055125 743.608755 757.3092975 794.6314649999999 748.8055125 745.0260525 745.498485 758.2541625 726.601185 712.4282099999999 750.22281 727.5460499999999 743.608755 625.50063 805.0249799999999 682.1925299999999 739.3568624999999 724.711455 735.5774025 732.270375 795.1038975 728.0184825 789.9071399999999 751.1676749999999 728.490915 728.0184825 736.0498349999999 747.8606474999999 720.9319949999999 753.057405 334.0097775 775.734165 755.8919999999999 747.8606474999999 738.4119975 757.7817299999999 738.4119975 735.10497 764.8682175 758.2541625 777.623895 789.9071399999999 765.34065 774.7892999999999 756.3644324999999
3.220000 681.7200975 688.3341525 722.3492924999999 700.6173974999999 724.711455 678.41307 687.3892875 692.1136124999999 712.9006425 708.1763175 711.0109125 763.45092 685.027125 690.6963149999999 717.6249674999999 723.2941575 717.152535 703.9244249999999 740.7741599999999 720.4595625 734.6325375 746.44335 745.9709174999999 695.8930725 741.2465925 719.0422649999999 694.0033424999999 719.98713 723.76659 722.3492924999999 738.4119975 725.6563199999999 734.6325375 707.2314524999999 724.711455 729.4357799999999 701.08983 709.1211824999999 703.4519925 699.6725325 720.9319949999999 732.7428074999999 740.7741599999999 742.6638899999999 702.0346949999999 730.380645 717.152535 716.6801025 735.10497 729.4357799999999 740.3017275 738.4119975 727.0736175 746.44335 756.3644324999999 720.9319949999999 729.4357799999999 745.0260525 750.22281 702.97956 731.7979425 745.9709174999999 717.6249674999999 749.7503775 721.87686 761.56119 750.6952425 725.1838875 727.0736175 724.2390224999999 717.6249674999999 705.8141549999999 676.9957724999999 748.33308 727.0736175 725.1838875 547.5492674999999 740.7741599999999 761.56119 817.7806575 771.0098399999999 790.3795725 774.3168675 760.1438925 760.1438925 767.23038 744.5536199999999 760.616325 754.947135 806.91471 751.6401075 749.7503775 735.10497 749.7503775 743.608755 729.4357799999999 749.7503775 755.4195675 705.8141549999999 774.3168675
3.230000 694.9482075 679.357935 699.2001 706.75902 709.1211824999999 697.3103699999999 702.97956 728.9633474999999 682.1925299999999 691.64118 409.5989775 679.357935 672.2714475 705.8141549999999 728.490915 723.2941575 694.475775 738.4119975 698.7276674999999 786.6001124999999 710.5384799999999 743.608755 729.9082125 702.0346949999999 723.2941575 712.4282099999999 742.1914575 720.9319949999999 728.9633474999999 696.8379375 715.262805 745.0260525 707.2314524999999 704.86929 701.5622625 731.32551 703.4519925 723.76659 744.0811874999999 732.270375 702.97956 706.2865875 705.8141549999999 731.32551 744.0811874999999 801.2455199999999 747.388215 761.56119 717.6249674999999 744.5536199999999 761.0887574999999 731.32551 739.3568624999999 749.7503775 740.7741599999999 795.57633 721.87686 734.1601049999999 474.79466249999996 729.4357799999999 699.2001 729.9082125 594.320085 752.5849724999999 730.380645 794.6314649999999 733.6876725 741.719025 726.601185 764.3957849999999 753.057405 741.719025 754.947135 760.1438925 743.608755 719.5146975 742.6638899999999 727.0736175 750.6952425 742.6638899999999 767.7028124999999 760.616325 740.7741599999999 775.734165 767.7028124999999 767.7028124999999 751.6401075 753.5298375 755.8919999999999 773.3720025 739.3568624999999 736.0498349999999 769.5925424999999 750.6952425 737.4671324999999 754.947135 746.9157825 755.4195675 774.7892999999999 871.6379625
3.240000 684.5546925 696.365505 701.5622625 683.6098274999999 692.586045 695.4206399999999 710.5384799999999 696.365505 718.5698325 672.74388 687.86172 712.4282099999999 687.3892875 698.255235 734.6325375 695.8930725 707.703885 714.31794 710.0660475 778.0963274999999 799.35579 716.6801025 713.373075 719.5146975 696.365505 724.2390224999999 713.373075 728.0184825 721.87686 725.6563199999999 709.593615 721.4044275 703.9244249999999 565.02927 710.0660475 687.86172 729.9082125 369.442215 716.6801025 735.10497 739.3568624999999 703.4519925 731.32551 695.4206399999999 691.1687475 750.6952425 739.3568624999999 725.1838875 738.88443 733.21524 749.7503775 745.498485 760.1438925 744.5536199999999 751.6401075 766.2855149999999 745.0260525 743.1363225 731.32551 754.4747024999999 434.1654675 456.36979499999995 736.5222675 730.380645 754.4747024999999 727.5460499999999 724.2390224999999 648.17739 762.9784874999999 730.8530774999999 747.8606474999999 728.0184825 719.5146975 735.5774025 751.1676749999999 743.608755 743.608755 731.32551 735.10497 729.4357799999999 730.8530774999999 731.7979425 738.88443 732.270375 760.616325 748.8055125 775.734165 760.616325 776.2065974999999 733.21524 728.0184825 748.33308 745.0260525 741.719025 661.4055 823.4498474999999 762.506055 564.084405 502.1957475 762.0336225
3.250000 596.2098149999999 590.0681925 702.0346949999999 696.8379375 699.2001 565.5017025 694.0033424999999 685.027125 712.9006425 694.475775 699.2001 691.64118 723.76659 692.1136124999999 713.373075 729.9082125 726.601185 708.64875 634.9492799999999 749.2779449999999 712.9006425 742.1914575 707.2314524999999 722.821725 732.270375 703.9244249999999 720.9319949999999 714.7903725 697.3103699999999 707.2314524999999 698.255235 730.8530774999999 666.6022575 726.601185 707.703885 822.03255 723.2941575 738.4119975 736.5222675 745.0260525 723.2941575 750.22281 704.3968575 728.9633474999999 733.6876725 750.6952425 718.0974 740.3017275 833.3709299999999 745.0260525 736.0498349999999 757.7817299999999 759.6714599999999 747.8606474999999 754.00227 772.4271375 751.1676749999999 748.8055125 737.939565 740.7741599999999 742.1914575 745.0260525 745.498485 746.44335 732.7428074999999 758.2541625 738.88443 743.608755 724.711455 755.4195675 743.1363225 716.6801025 755.4195675 758.726595 765.8130825 740.3017275 757.3092975 742.1914575 750.22281 769.12011 734.6325375 765.8130825 756.3644324999999 745.498485 838.095255 741.719025 755.4195675 766.7579475 749.7503775 772.8995699999999 740.3017275 779.5136249999999 739.3568624999999 867.8585025 756.3644324999999 749.2779449999999 785.6552475 775.734165 790.3795725 739.829295
3.260000 676.52334 670.85415 683.6098274999999 705.3417225 710.5384799999999 694.9482075 709.1211824999999 694.9482075 709.593615 713.373075 697.3103699999999 710.0660475 728.490915 707.2314524999999 743.1363225 722.3492924999999 717.6249674999999 486.60547499999996 740.7741599999999 705.8141549999999 720.9319949999999 727.5460499999999 749.2779449999999 868.330935 739.829295 732.270375 713.8455074999999 708.1763175 733.6876725 727.5460499999999 697.7828025 728.490915 732.7428074999999 741.2465925 733.21524 719.0422649999999 726.1287525 743.608755 707.703885 727.5460499999999 697.7828025 708.1763175 738.4119975 711.9557775 706.2865875 733.6876725 716.6801025 772.8995699999999 728.9633474999999 718.0974 749.7503775 756.836865 735.5774025 733.21524 728.490915 715.7352374999999 736.5222675 736.5222675 765.8130825 743.608755 732.270375 737.939565 733.6876725 746.44335 752.5849724999999 737.939565 749.2779449999999 741.2465925 754.947135 741.719025 710.0660475 736.9947 739.829295 766.2855149999999 739.3568624999999 805.969845 739.829295 737.939565 769.5925424999999 897.6217499999999 776.67903 770.064975 769.5925424999999 744.0811874999999 761.56119 757.3092975 757.3092975 707.703885 748.8055125 740.3017275 756.836865 761.56119 776.67903 786.1276799999999 745.9709174999999 780.9309225 781.4033549999999 755.8919999999999 762.506055 784.7103824999999
3.270000 739.829295 697.3103699999999 711.0109125 694.0033424999999 689.2790175 694.9482075 697.3103699999999 679.8303675 724.2390224999999 694.475775 707.2314524999999 702.97956 708.1763175 772.8995699999999 728.0184825 726.1287525 726.601185 742.1914575 738.4119975 740.3017275 736.9947 721.4044275 731.32551 712.4282099999999 743.1363225 711.483345 711.483345 594.7925174999999 538.57305 417.63032999999996 403.9297875 698.7276674999999 724.2390224999999 712.4282099999999 823.92228 737.939565 711.9557775 735.5774025 730.8530774999999 722.3492924999999 758.726595 719.98713 742.1914575 750.6952425 742.1914575 684.5546925 739.3568624999999 754.947135 748.8055125 745.0260525 730.8530774999999 736.9947 747.388215 746.9157825 760.616325 741.2465925 728.9633474999999 749.7503775 685.4995574999999 741.719025 757.7817299999999 733.21524 725.6563199999999 754.00227 726.1287525 741.2465925 722.821725 723.76659 741.719025 745.9709174999999 759.1990274999999 755.4195675 721.4044275 760.1438925 748.8055125 725.6563199999999 768.175245 762.9784874999999 754.00227 756.3644324999999 833.3709299999999 790.3795725 745.498485 745.498485 772.4271375 774.7892999999999 653.84658 748.8055125 750.22281 750.6952425 874.0001249999999 761.0887574999999 765.8130825 689.75145 749.7503775 747.8606474999999 795.1038975 779.5136249999999 730.8530774999999 764.8682175
3.280000 675.1060425 679.8303675 716.6801025 494.16439499999996 708.64875 697.3103699999999 685.97199 702.97956 695.4206399999999 700.144965 685.4995574999999 657.62604 717.152535 707.703885 796.9936275 727.5460499999999 544.7146725 735.10497 752.5849724999999 726.1287525 739.3568624999999 706.2865875 700.144965 668.019555 752.11254 722.3492924999999 701.08983 719.98713 665.6573925 741.719025 734.1601049999999 732.7428074999999 710.0660475 706.75902 743.608755 734.1601049999999 738.4119975 732.270375 725.1838875 748.8055125 731.7979425 733.21524 697.3103699999999 740.3017275 715.7352374999999 741.719025 546.13197 757.3092975 747.388215 740.7741599999999 735.5774025 740.7741599999999 725.1838875 760.616325 733.21524 754.00227 741.719025 754.947135 728.0184825 554.1633224999999 750.22281 718.5698325 720.4595625 725.6563199999999 725.1838875 745.0260525 741.2465925 689.75145 685.027125 729.9082125 756.3644324999999 762.506055 751.1676749999999 717.6249674999999 744.5536199999999 746.9157825 735.5774025 744.5536199999999 734.6325375 758.726595 745.9709174999999 757.7817299999999 736.5222675 777.1514625 762.506055 743.608755 766.2855149999999 762.506055 779.0411925 875.4174224999999 822.5049825 770.064975 762.0336225 771.4822724999999 770.5374075 779.9860575 700.6173974999999 775.734165 776.67903 756.3644324999999
3.290000 700.6173974999999 730.8530774999999 724.711455 704.3968575 697.7828025 689.75145 679.357935 703.4519925 686.9168549999999 709.1211824999999 694.475775 718.5698325 711.9557775 746.9157825 528.6519675 737.4671324999999 716.6801025 734.6325375 739.3568624999999 738.4119975 731.32551 709.593615 840.92985 728.490915 718.5698325 711.483345 706.2865875 724.711455 743.608755 752.11254 756.836865 694.475775 660.9330675 729.9082125 771.0098399999999 719.0422649999999 718.0974 725.6563199999999 716.6801025 717.6249674999999 745.9709174999999 732.7428074999999 817.7806575 695.4206399999999 708.64875 748.8055125 771.4822724999999 736.0498349999999 730.380645 678.8855024999999 730.8530774999999 745.498485 766.2855149999999 732.270375 735.10497 765.8130825 775.734165 803.6076825 740.7741599999999 680.7752325 761.56119 743.1363225 724.2390224999999 737.4671324999999 756.836865 755.8919999999999 736.0498349999999 741.2465925 726.601185 751.6401075 738.4119975 753.5298375 692.1136124999999 754.00227 727.0736175 743.1363225 716.6801025 753.057405 748.33308 751.6401075 763.45092 764.8682175 835.7330925 794.6314649999999 761.56119 762.0336225 750.6952425 733.21524 779.5136249999999 750.22281 742.6638899999999 737.939565 824.3947125 746.9157825 736.5222675 762.0336225 805.969845 771.0098399999999 760.1438925 772.4271375
3.300000 674.63361 847.0714724999999 791.79687 692.586045 693.53091 720.9319949999999 723.76659 712.4282099999999 800.300655 711.483345 725.6563199999999 719.5146975 701.08983 680.7752325 735.5774025 719.98713 719.0422649999999 740.7741599999999 658.5709049999999 717.152535 755.8919999999999 742.1914575 735.10497 736.5222675 711.9557775 745.0260525 735.5774025 724.2390224999999 710.5384799999999 721.87686 738.4119975 699.6725325 709.1211824999999 739.3568624999999 747.8606474999999 720.4595625 726.1287525 748.33308 722.3492924999999 753.5298375 758.726595 721.4044275 711.9557775 787.072545 704.3968575 753.057405 736.9947 753.057405 815.418495 744.5536199999999 757.3092975 762.506055 735.5774025 745.498485 765.8130825 771.0098399999999 763.9233525 588.650895 741.2465925 738.4119975 716.6801025 755.4195675 728.0184825 727.0736175 756.3644324999999 748.8055125 744.5536199999999 741.2465925 766.2855149999999 739.3568624999999 757.3092975 804.5525475 728.490915 727.0736175 744.5536199999999 725.6563199999999 747.388215 720.4595625 741.719025 777.1514625 734.6325375 744.0811874999999 737.939565 769.5925424999999 754.4747024999999 839.9849849999999 778.0963274999999 650.5395525 775.734165 760.1438925 757.7817299999999 754.947135 694.9482075 723.2941575 779.0411925 757.3092975 764.8682175 755.8919999999999 780.45849 798.8833575
3.310000 731.7979425 747.8606474999999 725.6563199999999 479.04655499999996 718.5698325 718.5698325 700.144965 709.593615 706.2865875 685.027125 735.5774025 646.7600924999999 712.4282099999999 720.4595625 719.5146975 715.7352374999999 709.593615 748.33308 720.4595625 745.498485 790.3795725 699.6725325 728.9633474999999 714.7903725 736.5222675 697.3103699999999 747.388215 726.601185 737.4671324999999 733.6876725 726.1287525 724.2390224999999 779.9860575 747.8606474999999 728.0184825 731.32551 722.821725 741.719025 722.821725 757.7817299999999 760.616325 730.8530774999999 728.9633474999999 753.5298375 736.5222675 753.5298375 736.9947 730.380645 755.8919999999999 759.1990274999999 727.5460499999999 771.0098399999999 743.1363225 748.33308 736.5222675 717.152535 734.6325375 764.3957849999999 719.5146975 756.836865 770.5374075 895.2595875 759.1990274999999 745.9709174999999 751.1676749999999 732.7428074999999 745.0260525 750.6952425 666.6022575 717.152535 744.5536199999999 740.7741599999999 732.7428074999999 734.6325375 723.2941575 750.22281 771.954705 729.9082125 733.21524 759.6714599999999 785.182815 394.95356999999996 762.0336225 909.904995 697.7828025 765.34065 751.1676749999999 760.1438925 748.8055125 789.4347075 774.7892999999999 653.84658 765.8130825 767.7028124999999 764.8682175 756.836865 778.0963274999999 736.0498349999999 753.057405 794.1590325
3.320000 688.8065849999999 682.6649625 758.2541625 722.821725 697.7828025 712.4282099999999 706.2865875 702.97956 717.6249674999999 706.2865875 694.9482075 704.86929 700.6173974999999 720.9319949999999 749.2779449999999 736.5222675 737.939565 726.601185 737.4671324999999 725.1838875 735.10497 727.5460499999999 716.6801025 721.4044275 709.593615 720.4595625 739.3568624999999 742.6638899999999 735.10497 660.9330675 738.4119975 718.0974 743.608755 732.270375 754.00227 709.1211824999999 736.9947 727.0736175 712.4282099999999 709.593615 781.4033549999999 743.1363225 745.9709174999999 745.498485 750.22281 745.0260525 763.45092 759.1990274999999 736.9947 735.5774025 756.836865 758.726595 754.4747024999999 734.6325375 747.8606474999999 753.057405 718.5698325 725.1838875 747.388215 746.9157825 756.3644324999999 738.88443 752.5849724999999 769.5925424999999 757.3092975 905.6531024999999 731.7979425 722.3492924999999 730.8530774999999 745.9709174999999 717.152535 726.1287525 756.3644324999999 729.4357799999999 732.7428074999999 759.6714599999999 751.6401075 779.5136249999999 744.0811874999999 762.506055 774.7892999999999 758.2541625 754.00227 744.0811874999999 778.0963274999999 787.5449775 749.7503775 745.498485 743.608755 764.8682175 629.28009 773.844435 764.8682175 742.1914575 693.53091 760.1438925 796.0487625 781.4033549999999 762.0336225 806.4422774999999
3.330000 691.1687475 608.0206274999999 737.4671324999999 706.2865875 604.2411675 708.64875 708.64875 612.27252 715.7352374999999 710.0660475 697.7828025 727.0736175 730.8530774999999 744.5536199999999 714.31794 757.3092975 754.4747024999999 712.4282099999999 700.144965 724.711455 729.4357799999999 715.262805 734.1601049999999 709.593615 709.593615 742.1914575 720.9319949999999 704.3968575 725.6563199999999 708.64875 726.1287525 729.9082125 731.7979425 740.3017275 734.6325375 726.601185 713.8455074999999 744.5536199999999 735.5774025 728.490915 668.019555 798.4109249999999 725.6563199999999 733.21524 718.0974 771.4822724999999 711.483345 744.5536199999999 726.601185 764.8682175 757.7817299999999 745.0260525 793.6866 757.7817299999999 758.726595 768.175245 743.608755 740.7741599999999 747.8606474999999 759.6714599999999 738.88443 756.836865 740.7741599999999 748.8055125 748.33308 736.5222675 559.3600799999999 686.9168549999999 735.10497 767.23038 768.6476775 742.1914575 757.3092975 756.836865 747.388215 780.45849 768.175245 754.4747024999999 753.057405 790.852005 767.7028124999999 742.1914575 755.4195675 768.6476775 759.6714599999999 780.45849 752.11254 744.5536199999999 744.5536199999999 786.1276799999999 744.5536199999999 695.4206399999999 773.844435 776.2065974999999 755.4195675 757.3092975 758.726595 793.2141674999999 800.300655 808.3320074999999
3.340000 678.41307 711.9557775 723.76659 701.08983 662.8227975 710.0660475 689.2790175 693.0584775 713.8455074999999 719.0422649999999 785.6552475 728.490915 713.8455074999999 706.2865875 745.0260525 748.8055125 749.2779449999999 671.3265825 712.4282099999999 723.76659 714.31794 736.0498349999999 719.0422649999999 721.87686 719.98713 739.3568624999999 746.9157825 721.4044275 722.821725 726.1287525 754.947135 709.1211824999999 717.152535 742.6638899999999 731.32551 727.5460499999999 736.0498349999999 740.7741599999999 673.2163125 740.7741599999999 710.0660475 740.7741599999999 727.5460499999999 729.9082125 728.0184825 745.498485 765.34065 723.2941575 741.2465925 745.0260525 756.836865 680.3027999999999 776.2065974999999 743.608755 745.0260525 778.56876 757.3092975 741.719025 757.3092975 756.836865 740.3017275 783.293085 743.608755 719.98713 727.0736175 755.4195675 748.8055125 718.5698325 574.0054875 750.6952425 762.0336225 803.6076825 764.8682175 740.3017275 766.2855149999999 764.8682175 736.9947 758.2541625 749.2779449999999 771.954705 744.0811874999999 717.152535 806.4422774999999 776.2065974999999 773.844435 768.175245 784.23795 774.3168675 766.2855149999999 531.958995 768.175245 743.608755 793.2141674999999 754.4747024999999 781.8757875 781.4033549999999 759.1990274999999 722.3492924999999 786.1276799999999 766.7579475
3.350000 719.98713 716.20767 751.6401075 707.703885 692.586045 735.5774025 700.6173974999999 709.593615 721.4044275 729.4357799999999 727.5460499999999 702.0346949999999 721.87686 709.1211824999999 720.9319949999999 727.5460499999999 732.7428074999999 701.5622625 267.86922749999997 746.44335 731.7979425 737.4671324999999 706.75902 744.0811874999999 782.34822 742.1914575 744.5536199999999 712.4282099999999 722.3492924999999 750.6952425 721.4044275 745.498485 724.2390224999999 755.4195675 661.8779324999999 726.1287525 745.0260525 758.726595 705.3417225 719.5146975 746.44335 739.829295 722.821725 744.5536199999999 743.608755 762.506055 738.88443 774.7892999999999 749.7503775 751.1676749999999 695.8930725 754.4747024999999 676.0509075 764.3957849999999 753.5298375 757.3092975 769.12011 734.1601049999999 736.9947 751.1676749999999 751.6401075 647.7049575 721.87686 728.9633474999999 822.5049825 745.9709174999999 747.388215 737.4671324999999 569.2811624999999 744.0811874999999 739.3568624999999 748.8055125 772.4271375 735.5774025 647.7049575 770.064975 735.5774025 748.33308 741.719025 747.388215 820.6152525 762.0336225 760.616325 769.12011 772.4271375 772.4271375 764.8682175 783.7655175 747.8606474999999 772.4271375 757.3092975 40.629194999999996 790.3795725 773.3720025 770.064975 751.6401075 793.6866 903.29094 781.4033549999999 761.0887574999999
3.360000 689.2790175 669.909285 716.6801025 722.3492924999999 721.4044275 711.483345 721.87686 768.175245 719.0422649999999 721.87686 694.9482075 721.87686 712.4282099999999 719.0422649999999 734.1601049999999 734.6325375 715.7352374999999 750.6952425 659.51577 754.947135 738.4119975 733.21524 716.20767 761.0887574999999 737.4671324999999 721.4044275 744.0811874999999 723.2941575 719.0422649999999 747.388215 836.205525 736.9947 733.6876725 730.380645 730.8530774999999 728.9633474999999 728.490915 754.947135 735.5774025 729.4357799999999 721.87686 724.2390224999999 725.1838875 758.726595 729.4357799999999 749.2779449999999 762.506055 747.8606474999999 667.5471225 766.2855149999999 739.829295 693.53091 752.11254 756.3644324999999 748.33308 721.87686 732.7428074999999 749.2779449999999 772.4271375 764.3957849999999 807.859575 754.947135 760.1438925 754.947135 753.057405 745.9709174999999 773.3720025 751.6401075 750.6952425 737.939565 744.5536199999999 768.175245 756.3644324999999 728.0184825 703.9244249999999 754.4747024999999 855.5752574999999 774.3168675 754.947135 745.9709174999999 796.9936275 759.1990274999999 769.5925424999999 752.11254 783.293085 790.3795725 777.1514625 760.616325 762.0336225 730.380645 787.072545 778.56876 773.844435 802.190385 831.4812 779.0411925 777.1514625 656.6811749999999 798.4109249999999 845.1817424999999
3.370000 798.4109249999999 702.5071274999999 722.821725 687.86172 734.1601049999999 725.6563199999999 710.0660475 711.0109125 732.7428074999999 701.08983 699.2001 696.365505 696.8379375 850.3784999999999 727.5460499999999 720.4595625 921.7158075 769.12011 734.6325375 717.152535 739.3568624999999 268.34166 765.8130825 766.2855149999999 737.939565 757.3092975 733.6876725 718.0974 726.601185 745.9709174999999 748.8055125 750.6952425 732.270375 736.5222675 742.6638899999999 735.5774025 718.0974 727.0736175 726.601185 748.33308 730.8530774999999 722.3492924999999 688.8065849999999 737.939565 715.7352374999999 765.8130825 733.21524 737.4671324999999 765.8130825 748.33308 759.6714599999999 745.0260525 751.6401075 746.9157825 769.5925424999999 829.59147 734.6325375 757.3092975 726.601185 754.947135 749.7503775 743.608755 780.45849 747.388215 747.8606474999999 745.498485 773.844435 741.719025 899.9839125 741.2465925 743.608755 766.2855149999999 765.34065 755.4195675 761.56119 765.8130825 811.6390349999999 760.616325 746.9157825 767.23038 571.643325 774.3168675 760.616325 773.844435 749.7503775 774.7892999999999 779.5136249999999 762.9784874999999 769.12011 741.719025 797.46606 768.175245 754.00227 744.0811874999999 750.22281 762.0336225 795.1038975 778.56876 747.8606474999999 776.67903
3.380000 676.9957724999999 700.144965 699.6725325 712.9006425 711.9557775 726.601185 723.76659 723.2941575 700.144965 637.783875 710.5384799999999 764.8682175 707.703885 768.175245 715.7352374999999 748.33308 808.80444 721.4044275 708.64875 766.7579475 736.5222675 737.4671324999999 729.4357799999999 740.7741599999999 721.4044275 721.87686 730.380645 741.719025 744.0811874999999 749.2779449999999 735.5774025 736.9947 746.44335 686.9168549999999 739.829295 735.5774025 752.5849724999999 718.0974 730.380645 739.3568624999999 731.32551 747.8606474999999 742.1914575 753.057405 733.6876725 751.1676749999999 750.22281 741.2465925 745.0260525 741.719025 782.8206524999999 766.2855149999999 748.8055125 749.7503775 730.8530774999999 700.6173974999999 751.6401075 724.711455 762.0336225 754.00227 744.5536199999999 731.7979425 311.3330175 742.6638899999999 764.3957849999999 768.175245 774.7892999999999 756.3644324999999 749.2779449999999 761.0887574999999 747.388215 735.5774025 747.388215 825.81201 754.4747024999999 729.9082125 752.5849724999999 667.0746899999999 741.2465925 761.56119 764.8682175 762.9784874999999 778.56876 527.2346699999999 769.5925424999999 766.7579475 776.2065974999999 762.9784874999999 757.3092975 758.2541625 789.4347075 774.3168675 766.7579475 763.45092 774.3168675 774.7892999999999 775.2617325 763.45092 798.4109249999999 803.1352499999999
3.390000 701.5622625 706.2865875 699.2001 715.262805 707.2314524999999 713.373075 933.52662 734.6325375 702.97956 734.1601049999999 705.8141549999999 724.711455 708.1763175 850.8509325 747.8606474999999 725.6563199999999 736.9947 743.1363225 805.969845 745.498485 754.4747024999999 722.3492924999999 722.821725 743.608755 742.1914575 738.88443 723.76659 739.829295 764.8682175 763.9233525 806.4422774999999 724.2390224999999 744.0811874999999 762.0336225 744.0811874999999 813.0563324999999 762.0336225 735.5774025 729.9082125 747.8606474999999 743.1363225 741.2465925 718.5698325 736.0498349999999 707.2314524999999 763.9233525 762.9784874999999 753.057405 767.7028124999999 762.506055 761.0887574999999 277.79031 742.1914575 736.9947 752.5849724999999 735.5774025 793.6866 747.388215 759.1990274999999 724.2390224999999 659.51577 724.711455 733.21524 761.56119 744.5536199999999 818.7255225 745.9709174999999 759.1990274999999 774.7892999999999 762.506055 745.0260525 766.2855149999999 766.7579475 753.5298375 776.2065974999999 745.0260525 756.836865 771.0098399999999 759.6714599999999 735.10497 768.6476775 782.8206524999999 773.844435 663.29523 709.1211824999999 764.8682175 658.0984725 759.6714599999999 796.0487625 759.6714599999999 771.4822724999999 780.45849 777.1514625 757.7817299999999 769.12011 742.1914575 768.6476775 812.1114675 787.5449775 772.4271375
3.400000 679.357935 753.5298375 728.490915 699.6725325 730.380645 719.5146975 705.8141549999999 712.4282099999999 728.9633474999999 722.3492924999999 709.593615 732.270375 703.9244249999999 698.7276674999999 742.1914575 736.5222675 730.380645 734.1601049999999 735.5774025 754.4747024999999 754.947135 738.4119975 755.8919999999999 708.64875 742.6638899999999 756.3644324999999 739.3568624999999 743.1363225 730.380645 720.4595625 745.9709174999999 745.9709174999999 732.270375 750.6952425 737.4671324999999 736.0498349999999 734.6325375 730.8530774999999 706.75902 737.939565 753.057405 765.34065 740.3017275 716.20767 757.7817299999999 750.22281 756.3644324999999 752.11254 732.270375 760.616325 742.6638899999999 749.7503775 744.5536199999999 787.072545 682.1925299999999 741.719025 735.10497 758.726595 761.56119 779.5136249999999 767.7028124999999 774.7892999999999 733.21524 754.00227 757.7817299999999 738.4119975 746.9157825 745.9709174999999 760.1438925 751.1676749999999 755.4195675 787.072545 745.0260525 811.6390349999999 761.56119 754.947135 745.0260525 757.7817299999999 704.86929 752.11254 758.726595 714.31794 765.8130825 788.4898425 838.095255 754.00227 703.4519925 788.4898425 772.8995699999999 771.0098399999999 842.3471475 787.5449775 782.8206524999999 763.9233525 754.00227 779.0411925 757.7817299999999 770.5374075 782.34822 775.2617325
3.410000 684.5546925 741.719025 727.5460499999999 708.64875 730.380645 716.20767 714.7903725 702.5071274999999 729.4357799999999 707.2314524999999 726.1287525 725.1838875 719.98713 722.821725 755.8919999999999 738.4119975 747.8606474999999 751.6401075 785.182815 754.947135 735.10497 734.6325375 751.6401075 775.2617325 756.3644324999999 718.5698325 743.1363225 733.21524 466.76331 734.6325375 733.6876725 751.1676749999999 745.498485 737.4671324999999 837.6228225 773.844435 744.0811874999999 716.20767 727.5460499999999 748.8055125 769.12011 736.9947 751.1676749999999 764.8682175 758.726595 753.057405 726.1287525 750.22281 692.1136124999999 764.8682175 762.506055 749.2779449999999 767.7028124999999 758.2541625 746.44335 746.44335 740.7741599999999 635.4217125 742.6638899999999 758.2541625 756.3644324999999 789.9071399999999 775.734165 757.3092975 748.33308 753.057405 751.6401075 744.0811874999999 779.0411925 741.2465925 754.947135 854.15796 736.9947 792.2693025 746.9157825 765.8130825 763.45092 745.498485 736.9947 792.2693025 705.3417225 770.064975 776.67903 746.9157825 756.836865 779.9860575 715.7352374999999 741.2465925 760.1438925 760.616325 772.8995699999999 779.9860575 782.34822 806.91471 773.844435 780.9309225 785.182815 785.182815 830.536335 803.1352499999999
3.420000 704.3968575 691.1687475 699.6725325 730.8530774999999 714.31794 776.67903 709.1211824999999 704.86929 711.483345 658.0984725 721.87686 752.11254 702.0346949999999 708.1763175 731.32551 757.3092975 751.1676749999999 737.4671324999999 641.5633349999999 759.6714599999999 750.6952425 764.3957849999999 717.6249674999999 721.4044275 793.2141674999999 750.22281 735.10497 738.4119975 743.1363225 752.11254 720.9319949999999 726.1287525 751.1676749999999 739.3568624999999 727.5460499999999 762.506055 683.137395 745.9709174999999 748.8055125 736.0498349999999 740.7741599999999 742.1914575 728.0184825 760.616325 736.9947 776.2065974999999 785.6552475 775.734165 758.2541625 732.270375 761.0887574999999 763.9233525 777.1514625 773.844435 764.3957849999999 736.5222675 770.064975 780.45849 733.6876725 769.12011 754.4747024999999 736.9947 768.175245 769.5925424999999 698.255235 732.7428074999999 763.45092 762.0336225 767.23038 783.293085 760.1438925 752.5849724999999 904.2358049999999 316.529775 776.2065974999999 789.4347075 795.57633 751.1676749999999 774.7892999999999 521.0930475 771.4822724999999 798.4109249999999 718.5698325 773.844435 842.81958 777.1514625 772.8995699999999 788.4898425 518.730885 766.7579475 753.5298375 753.057405 776.2065974999999 783.293085 759.1990274999999 767.23038 792.2693025 821.5601174999999 806.4422774999999 773.3720025
3.430000 699.2001 705.8141549999999 745.0260525 722.3492924999999 740.7741599999999 715.7352374999999 721.4044275 725.1838875 733.21524 708.1763175 717.6249674999999 719.98713 723.2941575 740.7741599999999 746.9157825 756.836865 762.9784874999999 816.8357924999999 716.20767 753.057405 711.483345 736.9947 762.9784874999999 740.3017275 799.8282224999999 733.6876725 733.6876725 729.4357799999999 716.20767 735.10497 739.3568624999999 922.18824 745.9709174999999 729.4357799999999 718.5698325 683.137395 756.3644324999999 713.8455074999999 746.9157825 721.87686 765.8130825 753.057405 736.0498349999999 838.095255 762.0336225 749.2779449999999 762.9784874999999 759.6714599999999 716.20767 752.5849724999999 756.3644324999999 617.4692775 744.5536199999999 749.7503775 698.255235 760.1438925 742.1914575 745.9709174999999 583.92657 762.0336225 751.1676749999999 914.62932 702.0346949999999 777.1514625 755.8919999999999 819.197955 779.0411925 753.057405 767.23038 692.1136124999999 776.67903 774.3168675 692.586045 771.4822724999999 749.2779449999999 784.7103824999999 778.0963274999999 764.3957849999999 765.34065 746.9157825 786.1276799999999 784.7103824999999 773.3720025 757.3092975 779.0411925 794.6314649999999 779.5136249999999 795.57633 787.5449775 804.080115 758.2541625 775.2617325 755.4195675 762.0336225 785.182815 706.2865875 784.23795 799.8282224999999 797.9384924999999 602.3514375
3.440000 713.8455074999999 736.5222675 924.0779699999999 810.69417 733.6876725 718.5698325 723.76659 716.6801025 700.6173974999999 753.057405 730.380645 701.08983 734.6325375 708.1763175 758.2541625 751.1676749999999 760.616325 722.3492924999999 751.1676749999999 728.9633474999999 733.21524 742.6638899999999 675.1060425 731.32551 757.3092975 795.57633 737.4671324999999 723.2941575 736.5222675 745.0260525 912.7395899999999 757.3092975 728.0184825 753.5298375 740.3017275 736.5222675 726.1287525 740.3017275 766.2855149999999 738.88443 722.821725 750.6952425 800.300655 728.0184825 747.388215 747.8606474999999 758.726595 762.9784874999999 751.1676749999999 778.0963274999999 760.1438925 758.726595 769.5925424999999 762.0336225 761.0887574999999 700.6173974999999 734.6325375 776.67903 775.2617325 758.726595 768.175245 746.9157825 753.5298375 772.4271375 771.0098399999999 828.6466049999999 746.9157825 771.954705 779.0411925 735.10497 772.8995699999999 789.4347075 764.8682175 736.0498349999999 767.7028124999999 778.56876 657.1536075 828.1741724999999 755.4195675 767.23038 663.7676624999999 772.4271375 780.9309225 768.175245 754.00227 735.5774025 771.954705 788.962275 758.726595 797.9384924999999 775.2617325 750.6952425 794.6314649999999 783.293085 725.6563199999999 767.23038 801.2455199999999 913.684455 539.0454824999999 698.255235
3.450000 719.0422649999999 690.2238825 720.4595625 728.490915 746.9157825 726.601185 732.270375 712.9006425 715.7352374999999 826.7568749999999 730.8530774999999 724.711455 740.7741599999999 634.9492799999999 725.6563199999999 736.9947 770.5374075 734.6325375 741.2465925 731.32551 743.1363225 760.616325 743.608755 787.5449775 737.4671324999999 736.0498349999999 802.6628175 752.11254 765.8130825 739.3568624999999 742.6638899999999 757.3092975 760.616325 755.4195675 742.6638899999999 759.1990274999999 728.0184825 749.7503775 753.5298375 768.6476775 755.8919999999999 725.1838875 745.0260525 761.0887574999999 737.4671324999999 769.12011 752.5849724999999 744.0811874999999 743.1363225 745.0260525 766.7579475 775.2617325 776.2065974999999 752.11254 769.5925424999999 757.3092975 771.0098399999999 769.12011 770.064975 756.3644324999999 771.0098399999999 757.7817299999999 700.6173974999999 778.0963274999999 753.5298375 760.1438925 736.0498349999999 773.844435 762.9784874999999 735.5774025 787.072545 775.2617325 762.506055 760.616325 771.954705 532.90386 794.6314649999999 755.4195675 776.2065974999999 777.1514625 776.67903 631.6422524999999 771.4822724999999 774.7892999999999 788.0174099999999 776.2065974999999 783.7655175 769.5925424999999 753.5298375 769.12011 779.5136249999999 714.31794 773.844435 798.4109249999999 728.0184825 779.5136249999999 798.4109249999999 781.8757875 792.741735 790.852005
3.460000 694.9482075 716.20767 730.8530774999999 717.152535 745.498485 741.719025 708.1763175 771.4822724999999 751.6401075 740.3017275 732.270375 819.197955 725.1838875 738.4119975 839.04012 741.719025 759.1990274999999 755.4195675 767.23038 757.7817299999999 763.45092 765.34065 757.7817299999999 748.33308 763.9233525 755.8919999999999 722.3492924999999 770.064975 759.1990274999999 596.6822475 730.8530774999999 733.21524 768.175245 728.490915 729.4357799999999 689.75145 753.057405 744.5536199999999 747.8606474999999 749.2779449999999 771.0098399999999 748.33308 752.5849724999999 739.829295 748.8055125 786.6001124999999 787.5449775 620.776305 749.7503775 767.23038 763.45092 758.726595 736.0498349999999 758.726595 738.4119975 782.8206524999999 746.9157825 758.726595 771.954705 727.5460499999999 782.34822 762.9784874999999 772.8995699999999 768.6476775 740.7741599999999 754.4747024999999 749.7503775 756.3644324999999 758.726595 754.00227 776.67903 745.9709174999999 766.7579475 732.270375 658.5709049999999 746.9157825 851.323365 756.836865 767.23038 797.46606 765.34065 716.6801025 777.1514625 802.6628175 787.072545 790.3795725 788.0174099999999 789.9071399999999 804.5525475 764.3957849999999 788.962275 795.57633 757.3092975 789.4347075 779.0411925 808.80444 788.962275 791.3244374999999 772.8995699999999 795.57633
3.470000 705.8141549999999 687.3892875 731.7979425 729.9082125 722.3492924999999 716.6801025 717.6249674999999 714.7903725 708.1763175 725.6563199999999 742.6638899999999 708.64875 699.2001 726.601185 748.8055125 748.33308 741.2465925 732.270375 737.4671324999999 760.1438925 749.2779449999999 772.4271375 741.2465925 754.947135 848.4887699999999 737.4671324999999 733.6876725 750.6952425 737.939565 321.72653249999996 749.7503775 742.1914575 731.32551 711.0109125 730.380645 764.3957849999999 768.175245 738.4119975 727.0736175 743.608755 769.5925424999999 752.11254 736.5222675 753.057405 753.057405 775.734165 745.498485 768.175245 748.33308 759.6714599999999 774.3168675 759.6714599999999 829.59147 745.0260525 766.2855149999999 761.56119 780.9309225 786.6001124999999 790.852005 761.0887574999999 754.4747024999999 776.2065974999999 825.3395774999999 767.23038 784.7103824999999 779.5136249999999 753.5298375 755.4195675 747.388215 740.7741599999999 745.0260525 776.2065974999999 590.0681925 762.0336225 753.057405 771.4822724999999 751.1676749999999 771.0098399999999 758.2541625 778.56876 771.4822724999999 783.7655175 786.6001124999999 775.734165 787.072545 794.6314649999999 771.4822724999999 768.6476775 806.4422774999999 801.7179524999999 810.2217375 754.4747024999999 904.2358049999999 766.7579475 795.57633 809.2768725 785.6552475 778.0963274999999 817.7806575 777.623895
3.480000 692.1136124999999 684.5546925 750.6952425 740.7741599999999 595.7373825 715.7352374999999 728.490915 739.3568624999999 743.1363225 731.32551 722.3492924999999 717.152535 724.711455 729.4357799999999 721.4044275 738.4119975 746.9157825 770.5374075 751.1676749999999 740.7741599999999 757.7817299999999 745.498485 736.0498349999999 756.836865 804.080115 736.0498349999999 766.7579475 688.8065849999999 844.70931 739.3568624999999 741.2465925 747.8606474999999 736.0498349999999 737.939565 762.0336225 768.6476775 611.3276549999999 763.9233525 746.9157825 745.9709174999999 725.1838875 762.9784874999999 646.7600924999999 762.9784874999999 745.0260525 788.962275 762.506055 756.836865 781.4033549999999 735.5774025 770.064975 778.0963274999999 709.593615 814.47363 763.9233525 747.388215 765.34065 698.255235 838.5676874999999 762.9784874999999 762.506055 774.7892999999999 771.4822724999999 796.9936275 780.45849 749.2779449999999 781.4033549999999 788.4898425 757.3092975 772.4271375 768.6476775 753.057405 753.5298375 743.608755 757.7817299999999 766.7579475 744.0811874999999 773.844435 769.5925424999999 796.5211949999999 817.7806575 775.734165 803.1352499999999 774.3168675 767.23038 775.734165 776.67903 778.0963274999999 774.3168675 674.63361 795.1038975 781.8757875 779.9860575 755.8919999999999 676.0509075 788.4898425 792.741735 810.2217375 813.5287649999999 795.1038975
3.490000 704.3968575 712.4282099999999 733.6876725 718.0974 711.0109125 713.373075 737.4671324999999 733.21524 726.1287525 749.2779449999999 753.5298375 708.1763175 700.6173974999999 710.5384799999999 753.5298375 764.8682175 813.0563324999999 811.1666025 733.6876725 752.11254 772.4271375 734.6325375 758.726595 732.7428074999999 762.0336225 732.270375 634.9492799999999 728.9633474999999 767.7028124999999 732.7428074999999 754.4747024999999 739.3568624999999 762.0336225 746.44335 769.12011 735.5774025 733.21524 736.5222675 760.1438925 766.2855149999999 799.35579 755.4195675 736.0498349999999 745.9709174999999 819.197955 778.56876 789.9071399999999 760.1438925 765.34065 764.3957849999999 765.8130825 766.2855149999999 754.947135 764.8682175 750.22281 770.5374075 796.9936275 772.4271375 738.88443 758.726595 765.34065 777.1514625 787.5449775 785.6552475 787.5449775 775.2617325 770.5374075 764.3957849999999 746.9157825 761.56119 776.2065974999999 754.00227 747.8606474999999 771.0098399999999 771.954705 773.844435 764.8682175 754.00227 777.1514625 687.86172 804.080115 780.9309225 786.1276799999999 749.2779449999999 673.2163125 802.6628175 786.6001124999999 772.8995699999999 754.4747024999999 782.34822 779.9860575 777.1514625 797.46606 703.4519925 751.6401075 796.0487625 813.5287649999999 793.6866 791.3244374999999 793.2141674999999
3.500000 694.9482075 698.7276674999999 731.7979425 739.829295 381.2530275 720.9319949999999 732.7428074999999 737.939565 746.44335 777.1514625 737.4671324999999 739.829295 586.761165 739.829295 740.7741599999999 771.4822724999999 677.468205 756.836865 737.4671324999999 740.3017275 743.608755 760.1438925 754.00227 746.44335 762.0336225 743.1363225 742.1914575 734.6325375 751.1676749999999 679.357935 731.32551 759.1990274999999 753.057405 758.726595 747.388215 753.5298375 738.88443 750.22281 750.22281 741.2465925 746.44335 749.2779449999999 747.388215 771.0098399999999 771.954705 754.4747024999999 769.12011 763.45092 743.1363225 777.623895 771.4822724999999 616.05198 709.1211824999999 768.175245 793.2141674999999 802.190385 795.1038975 774.7892999999999 762.0336225 774.3168675 772.4271375 773.3720025 764.3957849999999 779.0411925 779.9860575 771.4822724999999 709.593615 770.064975 760.616325 703.4519925 767.7028124999999 774.7892999999999 756.836865 780.9309225 784.23795 768.6476775 761.0887574999999 788.962275 761.0887574999999 763.9233525 795.1038975 733.6876725 798.4109249999999 797.9384924999999 713.373075 774.7892999999999 764.8682175 796.0487625 764.3957849999999 803.1352499999999 788.4898425 752.5849724999999 617.94171 783.293085 806.91471 776.67903 823.92228 795.1038975 771.4822724999999 865.4963399999999
3.510000 756.836865 729.4357799999999 745.0260525 728.9633474999999 734.1601049999999 731.7979425 731.32551 735.10497 716.6801025 717.6249674999999 741.2465925 739.829295 748.33308 739.829295 762.0336225 749.7503775 768.6476775 764.3957849999999 738.4119975 742.1914575 738.4119975 755.8919999999999 809.7493049999999 754.00227 684.08226 741.2465925 746.9157825 762.506055 691.64118 729.9082125 685.027125 812.5839 739.829295 774.7892999999999 699.2001 738.4119975 738.4119975 752.11254 739.829295 779.0411925 740.7741599999999 757.7817299999999 734.6325375 758.726595 743.608755 761.56119 834.7882275 743.608755 777.1514625 762.506055 769.12011 761.0887574999999 776.2065974999999 785.6552475 772.8995699999999 759.6714599999999 786.1276799999999 758.726595 759.6714599999999 756.836865 719.0422649999999 760.1438925 762.0336225 741.2465925 778.0963274999999 744.5536199999999 782.8206524999999 785.182815 867.3860699999999 755.4195675 783.293085 766.2855149999999 760.1438925 748.33308 759.1990274999999 778.0963274999999 795.1038975 787.5449775 773.844435 779.5136249999999 808.3320074999999 718.5698325 813.5287649999999 751.6401075 781.8757875 785.182815 781.8757875 489.91250249999996 783.293085 775.734165 789.9071399999999 763.9233525 784.23795 783.7655175 788.4898425 787.072545 796.5211949999999 788.962275 774.7892999999999 814.47363
3.520000 758.2541625 702.97956 732.270375 561.7222425 742.1914575 756.3644324999999 702.5071274999999 718.0974 746.9157825 747.388215 756.836865 740.7741599999999 715.7352374999999 739.829295 754.4747024999999 764.3957849999999 757.7817299999999 745.498485 771.4822724999999 743.1363225 741.2465925 737.4671324999999 746.9157825 732.270375 816.36336 760.616325 609.437925 522.9827775 747.8606474999999 764.3957849999999 771.0098399999999 745.9709174999999 677.9406375 748.8055125 753.5298375 736.5222675 749.2779449999999 752.5849724999999 684.5546925 730.380645 763.9233525 722.821725 700.6173974999999 749.7503775 754.4747024999999 771.0098399999999 766.7579475 779.5136249999999 770.064975 765.34065 928.802295 615.107115 786.1276799999999 769.12011 756.3644324999999 759.1990274999999 771.4822724999999 774.7892999999999 753.057405 755.8919999999999 796.9936275 792.741735 777.623895 754.4747024999999 757.7817299999999 742.1914575 755.8919999999999 761.0887574999999 759.6714599999999 768.6476775 767.23038 780.45849 744.5536199999999 753.5298375 758.726595 758.726595 768.6476775 773.3720025 757.3092975 789.9071399999999 784.7103824999999 768.175245 800.300655 768.175245 807.3871425 779.5136249999999 798.8833575 783.293085 788.962275 811.6390349999999 798.4109249999999 779.5136249999999 764.3957849999999 587.2335975 787.5449775 753.5298375 793.2141674999999 924.5504024999999 785.182815 821.5601174999999
3.530000 588.1784625 727.0736175 735.10497 743.608755 719.5146975 734.6325375 729.9082125 715.7352374999999 719.98713 716.6801025 717.152535 725.1838875 831.4812 749.7503775 738.4119975 756.836865 750.6952425 752.5849724999999 742.6638899999999 738.4119975 746.9157825 743.608755 687.86172 742.6638899999999 750.22281 743.1363225 755.4195675 777.623895 738.88443 727.0736175 740.7741599999999 752.5849724999999 770.064975 760.1438925 756.836865 763.9233525 605.1860325 765.34065 689.2790175 761.0887574999999 741.2465925 766.2855149999999 775.734165 738.88443 725.1838875 769.5925424999999 772.8995699999999 767.23038 839.04012 771.0098399999999 851.7957974999999 675.1060425 774.7892999999999 764.8682175 752.11254 772.8995699999999 749.2779449999999 739.3568624999999 770.064975 771.954705 780.45849 747.8606474999999 752.5849724999999 780.45849 777.1514625 778.56876 756.836865 755.4195675 779.9860575 759.1990274999999 762.506055 764.8682175 791.79687 788.4898425 748.8055125 772.4271375 762.0336225 775.734165 771.0098399999999 769.12011 755.4195675 800.7730875 758.2541625 782.34822 786.1276799999999 778.56876 790.852005 675.1060425 668.4919874999999 810.2217375 645.8152275 791.79687 776.67903 775.734165 778.56876 723.76659 797.46606 813.0563324999999 803.1352499999999 806.4422774999999
3.540000 664.240095 731.7979425 710.5384799999999 728.9633474999999 770.5374075 719.5146975 724.2390224999999 733.6876725 753.5298375 718.0974 718.5698325 742.1914575 732.7428074999999 740.7741599999999 752.11254 761.0887574999999 779.5136249999999 752.5849724999999 749.2779449999999 764.8682175 728.0184825 753.057405 759.1990274999999 752.5849724999999 761.0887574999999 747.388215 763.9233525 753.5298375 742.6638899999999 763.9233525 811.6390349999999 741.2465925 745.0260525 736.0498349999999 749.7503775 760.1438925 742.6638899999999 759.1990274999999 771.0098399999999 768.6476775 789.4347075 746.9157825 756.836865 750.6952425 773.3720025 802.6628175 762.506055 757.7817299999999 762.506055 794.6314649999999 761.0887574999999 739.3568624999999 757.7817299999999 772.4271375 776.67903 780.45849 775.734165 767.23038 786.1276799999999 776.2065974999999 787.072545 788.962275 760.1438925 756.3644324999999 839.9849849999999 737.4671324999999 766.7579475 767.7028124999999 782.8206524999999 777.623895 758.726595 349.60005 739.3568624999999 758.726595 777.1514625 785.182815 785.6552475 777.1514625 793.6866 788.0174099999999 813.5287649999999 776.67903 783.7655175 787.5449775 762.0336225 734.1601049999999 776.67903 779.0411925 785.182815 796.5211949999999 814.47363 779.0411925 801.7179524999999 788.962275 798.8833575 796.9936275 796.9936275 803.1352499999999 802.6628175 794.6314649999999
3.550000 612.7449525 718.0974 708.1763175 712.9006425 726.1287525 732.270375 738.4119975 756.3644324999999 728.0184825 531.01413 747.388215 721.87686 724.711455 735.10497 768.175245 765.8130825 729.9082125 761.56119 752.11254 755.4195675 708.1763175 744.0811874999999 740.7741599999999 809.2768725 769.5925424999999 736.5222675 757.3092975 737.939565 745.0260525 749.2779449999999 760.1438925 754.4747024999999 745.9709174999999 750.6952425 748.8055125 769.12011 745.498485 748.33308 756.3644324999999 758.726595 779.0411925 763.45092 758.726595 743.608755 697.3103699999999 803.1352499999999 784.23795 788.962275 778.56876 786.1276799999999 768.175245 776.67903 771.954705 779.0411925 775.2617325 768.175245 763.45092 789.9071399999999 792.2693025 787.5449775 753.5298375 762.0336225 766.2855149999999 765.8130825 796.0487625 780.9309225 882.5039099999999 755.4195675 758.2541625 790.3795725 752.5849724999999 828.1741724999999 770.5374075 775.2617325 794.6314649999999 759.1990274999999 720.4595625 774.7892999999999 789.9071399999999 822.03255 810.2217375 769.12011 781.4033549999999 812.5839 785.182815 800.300655 790.3795725 812.1114675 779.5136249999999 802.190385 790.3795725 772.4271375 801.7179524999999 928.802295 807.3871425 807.859575 740.7741599999999 765.34065 681.247665 772.8995699999999
3.560000 711.483345 705.8141549999999 749.2779449999999 726.601185 741.2465925 714.7903725 745.0260525 728.490915 744.0811874999999 740.3017275 744.0811874999999 742.6638899999999 762.0336225 744.5536199999999 757.7817299999999 749.2779449999999 751.6401075 772.8995699999999 775.2617325 769.12011 760.616325 767.7028124999999 740.3017275 756.3644324999999 761.0887574999999 685.4995574999999 757.3092975 764.3957849999999 780.45849 738.4119975 757.7817299999999 729.9082125 731.32551 776.2065974999999 762.9784874999999 757.7817299999999 759.1990274999999 528.6519675 754.4747024999999 762.506055 775.734165 751.6401075 733.21524 757.7817299999999 854.6303925 759.6714599999999 770.5374075 761.56119 779.5136249999999 761.56119 790.3795725 780.45849 762.506055 799.8282224999999 768.6476775 746.44335 713.373075 762.506055 777.1514625 781.8757875 788.0174099999999 744.5536199999999 756.3644324999999 801.2455199999999 845.654175 789.9071399999999 770.5374075 798.4109249999999 778.0963274999999 761.0887574999999 797.9384924999999 776.67903 763.45092 639.2011725 762.0336225 790.852005 754.947135 790.3795725 786.6001124999999 808.80444 779.0411925 802.190385 813.5287649999999 810.2217375 779.5136249999999 791.3244374999999 864.0790425 825.3395774999999 784.23795 796.9936275 776.2065974999999 808.3320074999999 817.7806575 788.4898425 789.4347075 796.5211949999999 827.70174 837.15039 804.080115 817.7806575
3.570000 382.670325 700.6173974999999 721.87686 732.7428074999999 716.6801025 729.4357799999999 742.6638899999999 740.3017275 739.829295 746.9157825 387.39464999999996 881.559045 753.5298375 740.7741599999999 761.56119 755.4195675 756.836865 660.460635 736.0498349999999 754.947135 749.7503775 708.1763175 739.3568624999999 763.45092 763.9233525 752.5849724999999 751.1676749999999 762.506055 771.4822724999999 772.8995699999999 701.08983 692.586045 760.1438925 779.9860575 729.9082125 752.11254 738.4119975 769.12011 928.802295 745.9709174999999 771.0098399999999 883.9212074999999 753.057405 755.4195675 782.34822 773.3720025 762.9784874999999 805.0249799999999 749.7503775 784.7103824999999 779.9860575 786.6001124999999 751.1676749999999 775.734165 779.9860575 796.0487625 589.5957599999999 765.34065 812.5839 785.182815 769.5925424999999 776.67903 788.0174099999999 779.0411925 777.623895 761.56119 758.2541625 796.9936275 788.0174099999999 759.1990274999999 779.9860575 796.9936275 771.0098399999999 773.3720025 770.064975 796.9936275 793.6866 763.45092 768.6476775 774.7892999999999 783.7655175 794.6314649999999 769.5925424999999 787.072545 799.35579 825.81201 801.2455199999999 869.2758 815.8909275 771.4822724999999 793.6866 799.8282224999999 914.62932 787.072545 781.4033549999999 766.2855149999999 923.133105 806.4422774999999 816.8357924999999 818.7255225
3.580000 702.5071274999999 653.3741474999999 836.205525 716.6801025 745.0260525 733.6876725 739.829295 733.6876725 711.483345 730.8530774999999 743.608755 730.8530774999999 878.7244499999999 747.8606474999999 799.35579 825.3395774999999 735.10497 749.2779449999999 786.6001124999999 784.7103824999999 754.947135 742.1914575 759.1990274999999 771.954705 768.6476775 752.11254 757.7817299999999 756.836865 751.1676749999999 694.9482075 767.7028124999999 737.4671324999999 766.2855149999999 755.8919999999999 751.1676749999999 763.45092 762.506055 765.34065 754.947135 763.45092 774.3168675 628.3352249999999 737.939565 743.1363225 741.2465925 752.11254 811.6390349999999 752.5849724999999 832.8984975 779.5136249999999 758.726595 769.12011 700.6173974999999 773.3720025 680.7752325 779.9860575 719.0422649999999 664.240095 799.8282224999999 780.9309225 793.6866 595.26495 771.954705 796.9936275 754.00227 790.3795725 756.836865 774.7892999999999 787.5449775 772.4271375 782.34822 771.4822724999999 774.7892999999999 727.0736175 789.9071399999999 781.8757875 764.3957849999999 766.7579475 736.0498349999999 781.4033549999999 818.7255225 767.7028124999999 784.7103824999999 792.741735 805.0249799999999 793.2141674999999 820.6152525 785.6552475 796.5211949999999 814.9460624999999 778.0963274999999 807.859575 771.0098399999999 795.57633 801.2455199999999 929.74716 801.2455199999999 811.1666025 825.3395774999999 197.9492175
3.590000 713.8455074999999 706.2865875 744.5536199999999 736.9947 726.601185 728.0184825 718.0974 674.63361 726.1287525 753.057405 753.057405 735.5774025 721.4044275 731.32551 785.6552475 854.6303925 745.498485 764.8682175 785.182815 756.3644324999999 748.8055125 755.4195675 755.8919999999999 780.9309225 773.3720025 753.057405 770.064975 754.947135 736.0498349999999 767.7028124999999 771.0098399999999 769.12011 771.954705 764.3957849999999 770.5374075 766.2855149999999 772.4271375 755.4195675 764.3957849999999 749.2779449999999 757.3092975 745.9709174999999 767.7028124999999 756.836865 754.4747024999999 790.852005 761.0887574999999 771.4822724999999 767.23038 764.8682175 791.79687 537.628185 785.182815 771.0098399999999 756.836865 772.8995699999999 782.8206524999999 769.5925424999999 753.5298375 789.4347075 782.8206524999999 770.064975 803.1352499999999 755.4195675 778.0963274999999 786.6001124999999 926.4401325 771.954705 873.5276925 765.8130825 781.8757875 769.5925424999999 787.072545 801.7179524999999 774.3168675 767.7028124999999 839.04012 778.56876 792.2693025 799.35579 799.35579 755.8919999999999 771.954705 813.0563324999999 809.7493049999999 792.741735 762.506055 786.1276799999999 784.7103824999999 772.4271375 771.0098399999999 798.8833575 815.8909275 788.962275 788.4898425 788.4898425 796.9936275 599.989275 780.45849 811.6390349999999
3.600000 705.8141549999999 719.5146975 725.1838875 748.8055125 753.057405 747.388215 228.65733 736.0498349999999 765.8130825 729.4357799999999 751.1676749999999 730.380645 712.9006425 736.9947 733.6876725 745.0260525 741.719025 774.3168675 793.6866 755.8919999999999 754.4747024999999 79.8410925 765.8130825 778.0963274999999 745.0260525 774.3168675 743.608755 754.00227 768.175245 612.7449525 787.5449775 814.9460624999999 772.4271375 761.0887574999999 826.7568749999999 772.8995699999999 748.8055125 738.88443 751.6401075 765.34065 740.7741599999999 730.8530774999999 764.8682175 749.2779449999999 774.3168675 772.4271375 769.5925424999999 849.433635 785.6552475 782.8206524999999 780.45849 784.23795 774.7892999999999 796.0487625 782.8206524999999 805.0249799999999 781.4033549999999 762.0336225 797.9384924999999 778.56876 783.7655175 786.1276799999999 792.741735 754.4747024999999 775.2617325 778.56876 873.05526 785.182815 786.1276799999999 786.6001124999999 775.2617325 774.3168675 771.954705 814.47363 770.064975 779.5136249999999 782.8206524999999 754.4747024999999 792.741735 796.5211949999999 795.1038975 781.8757875 797.46606 684.5546925 802.6628175 793.6866 859.3547175 816.36336 784.7103824999999 822.977415 807.859575 794.1590325 811.1666025 814.47363 764.3957849999999 804.080115 807.859575 802.6628175 800.7730875 607.548195
3.610000 229.602195 706.75902 734.6325375 747.388215 727.0736175 744.5536199999999 745.0260525 727.0736175 784.7103824999999 716.20767 728.0184825 735.10497 737.939565 747.8606474999999 817.7806575 751.6401075 767.7028124999999 777.1514625 731.7979425 745.9709174999999 743.608755 785.182815 756.836865 751.1676749999999 737.4671324999999 764.8682175 776.67903 769.5925424999999 767.7028124999999 782.34822 780.45849 728.9633474999999 779.0411925 748.33308 753.5298375 761.56119 772.4271375 754.4747024999999 763.9233525 754.947135 754.00227 780.45849 773.844435 746.9157825 739.3568624999999 794.6314649999999 768.6476775 779.0411925 768.6476775 786.6001124999999 802.6628175 783.7655175 804.080115 758.2541625 754.947135 777.1514625 751.6401075 774.7892999999999 767.7028124999999 759.6714599999999 300.46707 773.3720025 832.426065 766.2855149999999 799.35579 632.5871175 762.506055 762.0336225 790.3795725 787.072545 779.9860575 788.0174099999999 796.0487625 784.7103824999999 766.2855149999999 759.1990274999999 794.6314649999999 777.623895 769.12011 788.962275 765.8130825 781.8757875 788.0174099999999 805.4974125 781.8757875 816.8357924999999 813.0563324999999 782.34822 816.8357924999999 811.6390349999999 789.9071399999999 793.2141674999999 801.7179524999999 796.9936275 270.7038225 780.45849 806.91471 805.4974125 870.6930974999999 601.4065724999999
3.620000 719.5146975 703.4519925 736.5222675 724.2390224999999 741.719025 745.498485 749.2779449999999 746.44335 721.4044275 716.20767 729.4357799999999 723.76659 734.6325375 656.6811749999999 823.92228 754.00227 742.1914575 754.00227 766.2855149999999 873.5276925 817.7806575 733.6876725 768.175245 706.2865875 769.12011 791.3244374999999 749.7503775 784.7103824999999 734.6325375 761.56119 745.0260525 813.5287649999999 787.5449775 782.34822 751.6401075 784.23795 768.175245 753.057405 760.616325 733.21524 777.1514625 775.2617325 747.388215 755.8919999999999 779.9860575 775.734165 785.6552475 771.4822724999999 796.9936275 775.2617325 796.5211949999999 786.1276799999999 900.9287774999999 778.0963274999999 756.836865 773.3720025 796.0487625 760.1438925 764.8682175 547.5492674999999 766.7579475 758.2541625 780.9309225 796.9936275 777.1514625 785.6552475 779.0411925 773.844435 754.4747024999999 784.23795 719.0422649999999 769.5925424999999 753.057405 794.6314649999999 776.2065974999999 767.23038 788.962275 763.45092 831.4812 793.6866 774.3168675 805.969845 814.9460624999999 794.1590325 797.9384924999999 800.300655 804.080115 798.8833575 825.81201 794.1590325 803.1352499999999 791.3244374999999 792.741735 798.8833575 800.7730875 808.3320074999999 773.844435 803.1352499999999 799.8282224999999 803.1352499999999
3.630000 699.6725325 656.6811749999999 724.711455 756.3644324999999 737.4671324999999 739.829295 729.4357799999999 686.4444225 760.616325 721.4044275 781.8757875 725.6563199999999 738.88443 806.4422774999999 753.5298375 760.616325 726.601185 768.175245 749.2779449999999 773.3720025 754.00227 767.7028124999999 788.0174099999999 763.45092 766.7579475 769.12011 795.57633 756.3644324999999 761.56119 760.1438925 755.4195675 755.4195675 753.5298375 757.7817299999999 744.0811874999999 782.34822 745.9709174999999 771.0098399999999 773.3720025 768.6476775 757.3092975 783.7655175 766.2855149999999 751.1676749999999 735.10497 772.8995699999999 784.23795 166.76867249999998 789.4347075 793.6866 756.3644324999999 712.4282099999999 728.490915 784.23795 772.8995699999999 788.0174099999999 775.734165 765.8130825 800.7730875 791.3244374999999 767.23038 786.1276799999999 785.6552475 800.300655 766.2855149999999 674.1611775 774.3168675 780.9309225 710.5384799999999 792.2693025 847.543905 782.34822 755.4195675 788.4898425 777.1514625 786.6001124999999 788.4898425 778.56876 793.6866 775.734165 874.94499 785.6552475 806.4422774999999 808.80444 787.5449775 793.6866 811.1666025 795.1038975 798.8833575 782.34822 798.4109249999999 817.7806575 804.5525475 784.23795 797.9384924999999 787.5449775 867.3860699999999 800.7730875 795.57633 235.74381749999998
3.640000 729.9082125 746.44335 689.75145 736.0498349999999 739.829295 758.2541625 727.0736175 762.0336225 735.10497 735.5774025 747.8606474999999 933.9990525 745.498485 755.4195675 740.7741599999999 742.1914575 753.057405 760.1438925 767.7028124999999 752.11254 785.182815 756.836865 757.3092975 772.8995699999999 764.8682175 761.0887574999999 812.1114675 763.9233525 778.56876 780.9309225 751.1676749999999 755.8919999999999 781.8757875 662.8227975 781.4033549999999 745.9709174999999 747.388215 772.8995699999999 741.719025 775.734165 762.0336225 773.844435 762.0336225 750.22281 754.00227 780.9309225 779.0411925 801.7179524999999 885.3385049999999 786.6001124999999 773.3720025 790.3795725 766.2855149999999 756.3644324999999 814.9460624999999 771.0098399999999 769.5925424999999 773.3720025 806.4422774999999 754.00227 791.3244374999999 775.2617325 803.6076825 773.844435 795.57633 766.2855149999999 789.9071399999999 763.9233525 791.3244374999999 777.623895 796.5211949999999 808.3320074999999 759.1990274999999 780.45849 805.969845 767.23038 776.67903 787.5449775 804.5525475 790.852005 804.5525475 816.36336 806.4422774999999 799.35579 820.1428199999999 910.8498599999999 802.190385 786.6001124999999 795.57633 802.6628175 881.0866125 805.969845 805.969845 801.2455199999999 790.3795725 792.741735 833.3709299999999 752.11254 786.6001124999999 802.6628175
3.650000 712.9006425 736.0498349999999 762.506055 755.8919999999999 737.4671324999999 720.4595625 819.197955 746.44335 742.1914575 745.9709174999999 747.8606474999999 746.9157825 731.7979425 732.270375 767.7028124999999 765.8130825 773.3720025 773.844435 767.23038 783.293085 746.9157825 756.3644324999999 754.00227 753.5298375 766.7579475 765.8130825 780.45849 766.7579475 757.3092975 765.8130825 782.8206524999999 751.6401075 762.9784874999999 764.8682175 760.616325 752.5849724999999 760.616325 745.9709174999999 777.1514625 810.2217375 778.56876 758.2541625 783.293085 778.0963274999999 774.7892999999999 788.0174099999999 773.844435 784.7103824999999 796.9936275 783.7655175 780.9309225 805.969845 894.3147224999999 789.4347075 783.7655175 781.8757875 792.2693025 920.7709424999999 793.6866 792.741735 784.23795 764.3957849999999 818.2530899999999 792.741735 764.8682175 805.969845 804.080115 784.23795 787.5449775 783.293085 770.5374075 781.4033549999999 759.6714599999999 767.7028124999999 797.46606 800.300655 789.4347075 779.5136249999999 780.45849 818.2530899999999 797.9384924999999 792.2693025 809.2768725 795.57633 813.5287649999999 772.8995699999999 793.6866 792.741735 781.4033549999999 797.46606 790.852005 792.2693025 793.2141674999999 428.96871 785.182815 814.9460624999999 787.5449775 826.7568749999999 820.6152525 854.15796
3.660000 739.3568624999999 717.152535 724.2390224999999 728.490915 731.32551 759.1990274999999 751.1676749999999 746.9157825 779.5136249999999 752.11254 735.10497 747.8606474999999 735.5774025 735.10497 765.34065 778.56876 745.0260525 935.8887824999999 750.6952425 787.5449775 765.34065 753.5298375 756.3644324999999 783.7655175 783.7655175 761.56119 781.8757875 771.4822724999999 782.8206524999999 762.506055 771.0098399999999 779.5136249999999 791.3244374999999 790.3795725 766.2855149999999 771.954705 790.852005 729.9082125 769.5925424999999 785.6552475 771.954705 768.6476775 772.8995699999999 769.5925424999999 767.23038 774.7892999999999 760.1438925 798.4109249999999 799.8282224999999 793.6866 782.34822 784.7103824999999 780.9309225 785.6552475 779.0411925 785.182815 792.2693025 771.4822724999999 602.8238699999999 776.67903 798.8833575 763.45092 760.616325 790.852005 762.9784874999999 780.9309225 798.4109249999999 773.844435 779.5136249999999 804.080115 765.34065 781.8757875 790.3795725 786.6001124999999 785.182815 780.45849 788.0174099999999 778.0963274999999 771.0098399999999 799.35579 808.3320074999999 781.8757875 893.3698575 780.9309225 810.2217375 777.623895 788.0174099999999 826.2844425 799.35579 785.6552475 769.12011 798.8833575 809.7493049999999 815.418495 799.35579 743.608755 808.3320074999999 813.5287649999999 670.85415 811.1666025
3.670000 728.0184825 734.1601049999999 749.7503775 739.3568624999999 744.5536199999999 760.616325 747.388215 745.0260525 762.9784874999999 724.2390224999999 754.4747024999999 746.9157825 839.04012 743.1363225 665.1849599999999 751.6401075 785.182815 757.7817299999999 760.1438925 793.2141674999999 852.7406625 753.5298375 589.5957599999999 768.175245 739.3568624999999 745.498485 776.67903 754.4747024999999 779.0411925 708.64875 755.8919999999999 766.2855149999999 769.12011 785.182815 795.57633 771.4822724999999 765.8130825 859.82715 705.3417225 763.45092 766.2855149999999 776.2065974999999 759.1990274999999 676.0509075 781.4033549999999 733.6876725 782.34822 779.0411925 790.3795725 793.2141674999999 784.23795 849.433635 755.8919999999999 801.7179524999999 791.3244374999999 587.2335975 766.2855149999999 774.3168675 805.4974125 809.7493049999999 757.3092975 807.859575 809.2768725 785.182815 796.5211949999999 801.2455199999999 462.03898499999997 797.46606 765.34065 817.7806575 776.2065974999999 772.4271375 726.601185 771.954705 790.852005 768.175245 730.380645 771.954705 790.852005 806.91471 814.47363 796.5211949999999 890.06283 783.293085 745.498485 875.889855 826.7568749999999 800.7730875 793.2141674999999 814.47363 802.6628175 802.190385 766.7579475 820.1428199999999 811.6390349999999 829.1190375 712.9006425 911.3222925 821.087685 807.859575
3.680000 707.703885 730.8530774999999 738.88443 728.9633474999999 759.6714599999999 774.7892999999999 756.836865 740.3017275 760.616325 689.75145 797.9384924999999 738.88443 734.1601049999999 764.8682175 745.9709174999999 781.8757875 762.9784874999999 764.3957849999999 772.4271375 775.734165 762.0336225 744.0811874999999 782.8206524999999 774.3168675 774.3168675 752.5849724999999 771.4822724999999 796.9936275 740.3017275 786.1276799999999 762.506055 784.7103824999999 762.9784874999999 762.506055 748.8055125 788.962275 777.1514625 771.0098399999999 749.2779449999999 769.12011 784.7103824999999 758.726595 785.6552475 757.7817299999999 785.6552475 806.4422774999999 786.6001124999999 788.4898425 781.8757875 779.5136249999999 436.05519749999996 792.741735 882.5039099999999 797.9384924999999 788.0174099999999 810.2217375 814.9460624999999 792.741735 855.5752574999999 775.734165 792.2693025 796.9936275 798.8833575 769.5925424999999 780.9309225 788.4898425 805.0249799999999 788.0174099999999 788.4898425 774.7892999999999 770.064975 796.0487625 797.9384924999999 773.844435 787.5449775 801.7179524999999 794.6314649999999 815.418495 793.2141674999999 930.692025 792.741735 812.1114675 797.9384924999999 813.0563324999999 828.6466049999999 816.36336 803.1352499999999 810.2217375 782.34822 791.79687 804.080115 796.9936275 826.7568749999999 806.4422774999999 794.1590325 794.6314649999999 566.919 860.772015 745.0260525 806.4422774999999
3.690000 727.0736175 718.0974 615.5795475 741.719025 814.0011975 724.2390224999999 755.8919999999999 757.3092975 841.4022825 745.498485 729.9082125 766.7579475 736.5222675 786.1276799999999 770.064975 764.3957849999999 778.56876 756.836865 788.962275 772.8995699999999 789.4347075 769.12011 762.506055 776.2065974999999 768.175245 753.5298375 755.4195675 766.7579475 766.2855149999999 748.8055125 759.6714599999999 786.6001124999999 779.0411925 771.954705 835.7330925 764.8682175 766.2855149999999 779.9860575 787.5449775 764.8682175 759.6714599999999 788.962275 779.5136249999999 765.34065 777.623895 765.8130825 788.4898425 785.6552475 800.300655 812.1114675 762.506055 777.623895 805.0249799999999 783.293085 785.182815 814.47363 773.844435 809.2768725 800.300655 793.2141674999999 785.182815 774.7892999999999 805.4974125 776.2065974999999 783.293085 795.1038975 805.969845 803.1352499999999 793.2141674999999 788.4898425 785.182815 804.5525475 784.23795 908.9601299999999 813.0563324999999 806.91471 691.64118 791.79687 767.23038 817.308225 798.8833575 703.4519925 808.3320074999999 799.35579 736.5222675 781.4033549999999 801.2455199999999 792.2693025 804.080115 869.2758 868.8033674999999 822.03255 800.300655 820.1428199999999 812.1114675 807.3871425 813.0563324999999 834.315795 777.1514625 836.6779574999999
3.700000 751.6401075 725.6563199999999 735.5774025 749.2779449999999 763.45092 767.23038 734.6325375 738.88443 721.87686 780.9309225 745.9709174999999 744.0811874999999 758.726595 735.5774025 783.293085 717.152535 753.5298375 791.79687 762.9784874999999 771.954705 783.293085 774.3168675 774.7892999999999 749.7503775 753.057405 763.45092 751.6401075 697.3103699999999 774.7892999999999 772.8995699999999 766.2855149999999 762.506055 748.33308 761.56119 783.293085 774.7892999999999 780.45849 814.9460624999999 753.057405 788.4898425 783.293085 596.6822475 764.3957849999999 669.4368525 756.3644324999999 780.9309225 816.8357924999999 771.954705 774.7892999999999 783.7655175 782.34822 768.175245 785.6552475 779.0411925 801.7179524999999 801.7179524999999 791.3244374999999 744.5536199999999 788.0174099999999 759.6714599999999 803.6076825 805.4974125 779.0411925 788.962275 828.6466049999999 798.8833575 808.3320074999999 786.6001124999999 788.962275 793.6866 933.0541875 796.9936275 797.46606 759.6714599999999 798.4109249999999 806.4422774999999 797.46606 776.2065974999999 791.3244374999999 790.852005 788.0174099999999 635.894145 797.9384924999999 821.5601174999999 826.2844425 814.0011975 811.6390349999999 795.1038975 813.5287649999999 790.3795725 803.1352499999999 791.3244374999999 796.5211949999999 810.69417 805.969845 789.9071399999999 807.859575 854.15796 830.0639024999999 817.308225
3.710000 717.6249674999999 301.8843675 743.1363225 740.7741599999999 716.6801025 745.0260525 748.8055125 727.0736175 853.6855274999999 769.5925424999999 761.0887574999999 747.8606474999999 755.4195675 751.1676749999999 762.506055 797.9384924999999 758.2541625 791.3244374999999 763.9233525 781.4033549999999 759.1990274999999 777.1514625 768.6476775 754.00227 783.293085 776.2065974999999 789.9071399999999 777.623895 819.197955 755.8919999999999 773.844435 768.175245 787.5449775 760.616325 791.79687 882.5039099999999 752.11254 774.7892999999999 766.2855149999999 762.9784874999999 793.6866 763.9233525 784.7103824999999 783.293085 774.7892999999999 729.4357799999999 811.1666025 789.4347075 774.7892999999999 807.3871425 806.4422774999999 794.1590325 795.57633 764.3957849999999 236.6886825 808.3320074999999 787.5449775 792.2693025 795.1038975 813.0563324999999 782.34822 788.962275 784.23795 786.1276799999999 775.2617325 799.35579 789.4347075 814.9460624999999 824.8671449999999 801.2455199999999 796.9936275 772.4271375 792.2693025 776.2065974999999 789.9071399999999 796.0487625 813.0563324999999 787.5449775 773.844435 816.36336 830.0639024999999 789.9071399999999 798.4109249999999 796.0487625 834.315795 797.46606 818.2530899999999 824.3947125 815.8909275 838.095255 814.0011975 829.59147 800.7730875 818.2530899999999 801.2455199999999 739.829295 790.3795725 817.7806575 822.5049825 795.1038975
3.720000 736.0498349999999 787.072545 750.22281 745.9709174999999 745.498485 768.175245 747.388215 733.21524 765.8130825 771.954705 738.88443 772.4271375 796.5211949999999 754.947135 798.4109249999999 784.23795 716.20767 773.3720025 787.072545 768.6476775 827.70174 752.5849724999999 793.6866 746.44335 664.240095 788.0174099999999 777.1514625 759.6714599999999 754.00227 761.56119 788.0174099999999 763.9233525 767.7028124999999 760.616325 789.4347075 459.67682249999996 788.0174099999999 764.8682175 764.3957849999999 771.0098399999999 772.8995699999999 720.4595625 770.5374075 797.46606 734.6325375 774.7892999999999 790.852005 821.5601174999999 790.3795725 797.9384924999999 774.7892999999999 805.4974125 797.46606 815.418495 865.0239075 679.8303675 763.45092 783.7655175 902.3460749999999 800.7730875 792.741735 772.4271375 789.4347075 796.9936275 772.8995699999999 790.3795725 767.23038 787.5449775 785.182815 800.7730875 807.859575 806.91471 871.16553 802.190385 796.5211949999999 803.1352499999999 780.9309225 805.969845 774.7892999999999 793.2141674999999 813.5287649999999 831.4812 802.6628175 799.35579 794.1590325 807.859575 842.81958 835.7330925 841.8747149999999 825.81201 802.6628175 832.426065 828.1741724999999 810.69417 816.36336 822.5049825 801.7179524999999 806.4422774999999 834.7882275 816.36336
3.730000 728.0184825 734.1601049999999 754.00227 751.6401075 737.939565 762.506055 747.8606474999999 728.9633474999999 741.2465925 761.56119 729.9082125 759.6714599999999 763.9233525 759.1990274999999 794.1590325 791.3244374999999 781.8757875 791.3244374999999 762.506055 778.56876 780.45849 633.05955 784.7103824999999 802.6628175 764.8682175 786.1276799999999 778.0963274999999 783.293085 771.0098399999999 797.9384924999999 766.7579475 771.0098399999999 773.844435 760.1438925 789.9071399999999 755.4195675 790.852005 762.9784874999999 756.3644324999999 767.23038 777.623895 775.734165 795.1038975 772.4271375 783.293085 777.623895 782.34822 800.7730875 802.190385 808.3320074999999 793.6866 800.7730875 777.623895 789.9071399999999 806.91471 796.5211949999999 790.852005 785.6552475 801.2455199999999 775.734165 789.4347075 781.4033549999999 807.3871425 785.182815 797.9384924999999 762.9784874999999 795.1038975 769.5925424999999 783.7655175 794.6314649999999 810.69417 859.82715 798.4109249999999 808.80444 798.8833575 796.0487625 791.3244374999999 780.45849 810.2217375 814.9460624999999 811.1666025 746.9157825 869.2758 808.80444 874.94499 516.3687225 442.19682 805.969845 822.5049825 809.7493049999999 789.4347075 837.15039 832.426065 715.262805 822.5049825 815.8909275 848.0163375 831.4812 826.2844425 827.2293075
3.740000 745.9709174999999 58.58163 766.7579475 764.8682175 770.5374075 749.2779449999999 768.6476775 807.859575 760.616325 757.7817299999999 730.8530774999999 779.0411925 774.7892999999999 777.1514625 921.2433749999999 776.67903 785.182815 784.23795 723.76659 777.1514625 782.8206524999999 778.56876 772.8995699999999 761.56119 766.7579475 769.5925424999999 759.1990274999999 788.962275 788.4898425 772.4271375 760.1438925 902.3460749999999 762.9784874999999 781.4033549999999 758.726595 768.175245 758.726595 787.5449775 806.91471 749.7503775 777.623895 779.5136249999999 827.70174 766.7579475 747.388215 743.1363225 786.6001124999999 795.57633 813.5287649999999 796.5211949999999 796.9936275 766.2855149999999 777.1514625 800.300655 788.0174099999999 789.4347075 822.977415 801.2455199999999 803.6076825 796.9936275 787.072545 776.2065974999999 772.4271375 825.3395774999999 803.6076825 778.0963274999999 773.844435 813.5287649999999 781.4033549999999 806.4422774999999 801.2455199999999 792.741735 790.852005 796.9936275 799.8282224999999 806.4422774999999 785.182815 809.7493049999999 795.1038975 831.0087675 830.0639024999999 791.3244374999999 804.080115 847.0714724999999 814.0011975 932.1093225 787.5449775 891.007695 826.7568749999999 793.2141674999999 831.0087675 800.7730875 807.3871425 799.35579 800.7730875 805.4974125 439.8346575 814.0011975 826.7568749999999 839.04012
3.750000 519.67575 708.1763175 755.4195675 734.6325375 759.6714599999999 757.7817299999999 762.9784874999999 760.1438925 749.2779449999999 767.7028124999999 736.0498349999999 746.9157825 758.2541625 748.8055125 770.064975 765.34065 777.623895 771.954705 762.0336225 767.7028124999999 788.962275 753.5298375 755.4195675 779.5136249999999 769.12011 790.852005 783.293085 764.8682175 760.616325 781.8757875 762.506055 762.506055 763.9233525 777.623895 782.8206524999999 787.072545 775.734165 779.0411925 871.16553 771.0098399999999 711.483345 797.9384924999999 785.6552475 758.726595 773.3720025 856.9925549999999 856.04769 789.4347075 797.46606 802.190385 765.34065 809.2768725 820.1428199999999 805.969845 798.4109249999999 789.4347075 788.0174099999999 800.300655 814.9460624999999 806.4422774999999 789.9071399999999 787.072545 822.5049825 798.8833575 799.35579 807.859575 800.300655 821.087685 804.080115 809.2768725 793.2141674999999 792.741735 796.5211949999999 780.45849 790.852005 796.0487625 226.2951675 797.9384924999999 763.9233525 791.79687 823.4498474999999 823.4498474999999 884.8660725 816.8357924999999 845.654175 809.2768725 797.9384924999999 796.9936275 790.3795725 827.2293075 801.2455199999999 817.308225 842.3471475 839.9849849999999 781.4033549999999 807.859575 713.8455074999999 937.7785124999999 853.213095 837.15039
3.760000 760.616325 718.5698325 749.2779449999999 755.4195675 735.5774025 755.8919999999999 764.3957849999999 750.6952425 733.21524 749.2779449999999 736.5222675 773.844435 764.3957849999999 748.8055125 760.616325 784.7103824999999 757.7817299999999 769.5925424999999 794.6314649999999 776.67903 768.6476775 772.8995699999999 790.3795725 795.57633 790.852005 776.2065974999999 797.46606 774.3168675 786.6001124999999 774.7892999999999 806.4422774999999 765.8130825 764.8682175 758.726595 920.7709424999999 759.6714599999999 785.182815 790.852005 789.4347075 786.6001124999999 788.4898425 764.8682175 785.182815 803.1352499999999 775.2617325 784.23795 789.9071399999999 823.92228 852.7406625 795.57633 808.80444 783.7655175 758.2541625 778.56876 777.1514625 796.9936275 797.9384924999999 745.9709174999999 796.9936275 799.35579 816.36336 781.4033549999999 831.0087675 788.4898425 810.2217375 822.5049825 821.087685 778.56876 750.22281 822.03255 819.6703875 802.190385 815.418495 798.4109249999999 792.2693025 807.859575 787.5449775 809.2768725 792.2693025 806.91471 820.1428199999999 822.03255 670.85415 799.35579 842.81958 804.080115 792.2693025 820.1428199999999 826.7568749999999 831.0087675 827.2293075 839.9849849999999 225.3503025 835.7330925 835.7330925 816.36336 843.7644449999999 814.9460624999999 249.44436 829.1190375
3.770000 862.661745 716.6801025 736.0498349999999 762.9784874999999 769.12011 754.947135 764.8682175 739.3568624999999 744.5536199999999 760.616325 743.608755 741.719025 848.9612025 749.2779449999999 794.1590325 790.3795725 779.5136249999999 779.0411925 779.5136249999999 764.8682175 768.6476775 773.3720025 790.852005 795.1038975 781.8757875 802.190385 781.4033549999999 791.79687 763.45092 778.0963274999999 761.56119 773.844435 416.2130325 775.734165 802.6628175 801.7179524999999 752.11254 790.3795725 788.0174099999999 787.072545 786.1276799999999 780.45849 383.61519 769.12011 777.623895 796.0487625 786.6001124999999 797.9384924999999 790.852005 793.6866 780.9309225 798.8833575 795.57633 785.6552475 747.388215 803.6076825 791.79687 791.3244374999999 793.6866 791.79687 797.9384924999999 796.0487625 809.2768725 825.81201 789.9071399999999 807.859575 901.40121 813.0563324999999 794.6314649999999 784.7103824999999 805.969845 819.197955 791.3244374999999 803.1352499999999 811.6390349999999 770.064975 822.977415 818.7255225 807.859575 825.3395774999999 880.1417475 744.5536199999999 839.9849849999999 830.536335 805.4974125 827.2293075 818.2530899999999 798.8833575 833.8433625 704.3968575 809.7493049999999 789.9071399999999 816.36336 796.9936275 842.3471475 747.8606474999999 836.6779574999999 809.7493049999999 839.9849849999999 838.5676874999999
3.780000 741.719025 641.5633349999999 737.939565 780.9309225 750.22281 776.2065974999999 765.8130825 621.7211699999999 759.1990274999999 764.8682175 824.3947125 755.8919999999999 781.4033549999999 759.6714599999999 753.057405 782.8206524999999 780.9309225 806.4422774999999 746.9157825 784.7103824999999 839.9849849999999 762.9784874999999 790.3795725 777.623895 778.0963274999999 769.5925424999999 774.3168675 804.080115 714.31794 780.9309225 777.623895 756.836865 768.175245 793.2141674999999 786.6001124999999 764.8682175 757.3092975 430.85844 774.7892999999999 767.7028124999999 769.5925424999999 784.23795 774.3168675 755.4195675 764.3957849999999 814.0011975 807.3871425 805.4974125 788.0174099999999 799.8282224999999 802.190385 774.3168675 774.7892999999999 805.969845 862.1893124999999 735.10497 800.300655 809.7493049999999 819.197955 799.8282224999999 799.8282224999999 809.7493049999999 798.4109249999999 792.2693025 795.1038975 794.6314649999999 803.1352499999999 801.2455199999999 791.3244374999999 793.6866 791.79687 781.8757875 805.4974125 805.969845 774.7892999999999 791.79687 805.969845 800.300655 814.47363 761.0887574999999 794.6314649999999 817.308225 936.8336475 809.7493049999999 844.2368775 843.2920124999999 823.92228 589.5957599999999 840.4574174999999 762.0336225 820.1428199999999 828.6466049999999 824.8671449999999 814.0011975 834.7882275 824.8671449999999 826.7568749999999 823.4498474999999 928.802295 846.59904
3.790000 732.270375 736.5222675 733.6876725 769.5925424999999 774.7892999999999 743.608755 750.22281 768.175245 742.6638899999999 769.12011 777.1514625 734.6325375 743.1363225 780.45849 772.4271375 767.7028124999999 591.0130575 783.293085 798.8833575 782.8206524999999 783.293085 766.7579475 784.7103824999999 763.9233525 791.3244374999999 769.5925424999999 781.4033549999999 766.7579475 773.844435 784.23795 795.1038975 817.308225 754.4747024999999 774.3168675 770.5374075 785.6552475 779.5136249999999 714.31794 775.2617325 772.8995699999999 767.7028124999999 775.2617325 791.79687 778.0963274999999 778.0963274999999 886.28337 815.418495 796.0487625 805.4974125 792.2693025 859.3547175 828.1741724999999 788.0174099999999 784.7103824999999 788.4898425 790.852005 746.9157825 812.5839 799.35579 795.1038975 787.072545 806.91471 822.5049825 865.0239075 795.1038975 811.1666025 806.91471 858.4098524999999 801.7179524999999 801.7179524999999 794.1590325 855.5752574999999 791.79687 802.6628175 806.4422774999999 787.072545 805.0249799999999 783.7655175 807.3871425 927.8574299999999 825.3395774999999 818.7255225 801.7179524999999 839.04012 789.4347075 819.197955 795.1038975 834.315795 819.6703875 842.3471475 827.70174 804.5525475 810.69417 819.6703875 792.2693025 813.0563324999999 831.9536324999999 826.7568749999999 844.2368775 823.92228
3.800000 645.342795 740.7741599999999 771.4822724999999 763.45092 751.1676749999999 739.829295 771.954705 763.9233525 756.836865 765.8130825 769.12011 751.1676749999999 751.1676749999999 748.33308 779.0411925 796.9936275 786.1276799999999 728.490915 773.844435 776.2065974999999 797.9384924999999 754.00227 759.6714599999999 775.734165 762.9784874999999 796.9936275 766.2855149999999 796.9936275 776.67903 787.5449775 783.7655175 783.7655175 792.2693025 791.3244374999999 787.5449775 762.506055 437.472495 785.182815 770.064975 791.79687 788.4898425 783.7655175 808.80444 789.9071399999999 776.67903 788.0174099999999 812.5839 802.6628175 809.7493049999999 796.5211949999999 819.197955 788.962275 808.80444 823.92228 835.2606599999999 819.197955 813.5287649999999 779.5136249999999 796.5211949999999 808.80444 807.859575 796.9936275 833.3709299999999 800.7730875 793.2141674999999 773.3720025 787.072545 785.182815 788.962275 819.197955 810.69417 798.4109249999999 809.2768725 805.969845 795.1038975 803.1352499999999 817.308225 795.1038975 777.1514625 724.2390224999999 845.654175 814.0011975 798.8833575 810.2217375 814.9460624999999 814.9460624999999 830.536335 829.1190375 809.7493049999999 883.448775 839.04012 831.0087675 444.08655 806.4422774999999 817.308225 819.197955 843.2920124999999 819.197955 854.6303925 820.6152525
3.810000 733.6876725 739.3568624999999 771.954705 781.8757875 767.7028124999999 806.4422774999999 757.7817299999999 772.8995699999999 778.56876 753.057405 771.4822724999999 776.67903 816.36336 782.8206524999999 781.4033549999999 787.5449775 762.506055 765.34065 771.954705 799.8282224999999 796.0487625 767.23038 751.1676749999999 807.3871425 766.7579475 796.9936275 775.734165 788.0174099999999 776.67903 787.5449775 760.1438925 792.2693025 781.4033549999999 767.7028124999999 783.293085 774.3168675 773.844435 763.45092 762.9784874999999 793.2141674999999 673.2163125 780.9309225 789.4347075 781.8757875 800.300655 805.4974125 809.2768725 808.3320074999999 802.190385 793.6866 794.6314649999999 801.7179524999999 778.56876 807.3871425 812.5839 763.45092 812.1114675 817.308225 794.6314649999999 777.623895 783.7655175 801.7179524999999 804.080115 811.6390349999999 805.4974125 863.1341775 792.2693025 797.46606 824.3947125 823.92228 790.852005 794.6314649999999 814.9460624999999 815.8909275 813.0563324999999 799.35579 801.2455199999999 701.5622625 800.300655 820.6152525 814.47363 819.6703875 792.741735 815.418495 843.7644449999999 850.8509325 819.6703875 812.5839 843.7644449999999 816.36336 803.6076825 799.35579 824.3947125 844.2368775 759.6714599999999 831.0087675 824.8671449999999 814.9460624999999 829.1190375 785.6552475
3.820000 727.0736175 777.623895 771.0098399999999 773.844435 757.3092975 759.1990274999999 748.33308 886.7558025 783.7655175 765.8130825 777.1514625 791.3244374999999 742.1914575 788.962275 797.9384924999999 801.7179524999999 775.2617325 786.6001124999999 834.315795 766.7579475 779.5136249999999 754.947135 847.0714724999999 766.2855149999999 795.57633 713.373075 774.7892999999999 797.46606 788.0174099999999 803.6076825 796.9936275 759.6714599999999 776.67903 793.6866 793.2141674999999 787.072545 785.6552475 837.15039 775.734165 802.190385 772.8995699999999 788.4898425 636.3665775 648.17739 808.80444 778.0963274999999 730.8530774999999 791.79687 801.2455199999999 824.3947125 801.7179524999999 835.2606599999999 756.836865 815.8909275 806.91471 790.852005 806.4422774999999 804.5525475 796.9936275 737.939565 795.57633 805.0249799999999 801.7179524999999 809.7493049999999 815.418495 813.0563324999999 785.6552475 936.3612149999999 787.5449775 797.9384924999999 823.92228 776.67903 822.5049825 805.4974125 798.4109249999999 801.7179524999999 748.33308 824.8671449999999 758.2541625 817.7806575 838.095255 892.897425 916.51905 856.9925549999999 837.15039 830.0639024999999 821.5601174999999 848.9612025 814.0011975 811.6390349999999 847.0714724999999 832.426065 816.8357924999999 821.5601174999999 808.80444 831.9536324999999 826.7568749999999 857.93742 857.4649875 852.2682299999999
3.830000 726.1287525 728.490915 759.1990274999999 744.0811874999999 749.2779449999999 773.3720025 767.23038 766.2855149999999 766.7579475 753.5298375 765.8130825 763.45092 811.6390349999999 772.4271375 792.741735 720.4595625 767.23038 762.9784874999999 781.8757875 799.8282224999999 781.8757875 776.2065974999999 798.4109249999999 761.56119 799.8282224999999 816.36336 781.4033549999999 774.3168675 792.741735 795.57633 794.1590325 779.5136249999999 780.9309225 312.750315 775.734165 786.6001124999999 769.12011 763.45092 777.1514625 780.45849 609.437925 831.0087675 794.6314649999999 774.7892999999999 791.3244374999999 819.6703875 810.69417 792.741735 814.9460624999999 813.0563324999999 706.75902 814.0011975 800.300655 815.418495 821.087685 98.73839249999999 776.2065974999999 862.661745 810.69417 818.7255225 817.308225 814.9460624999999 787.072545 809.2768725 743.1363225 801.2455199999999 796.5211949999999 810.69417 836.6779574999999 802.190385 818.7255225 816.8357924999999 819.197955 793.2141674999999 811.6390349999999 749.7503775 740.3017275 796.0487625 823.92228 840.92985 813.0563324999999 821.087685 836.6779574999999 837.6228225 842.3471475 805.0249799999999 797.9384924999999 802.6628175 816.8357924999999 813.0563324999999 836.205525 805.0249799999999 840.92985 822.5049825 820.6152525 817.7806575 851.7957974999999 850.3784999999999 835.7330925 847.543905
3.840000 735.10497 719.98713 734.6325375 810.69417 766.7579475 779.9860575 779.0411925 764.8682175 788.4898425 792.741735 768.6476775 780.45849 745.0260525 736.9947 801.7179524999999 806.91471 774.7892999999999 806.91471 792.741735 800.7730875 762.9784874999999 772.4271375 836.6779574999999 812.5839 812.1114675 803.1352499999999 766.2855149999999 803.6076825 806.91471 765.8130825 809.7493049999999 788.962275 835.2606599999999 790.3795725 781.8757875 783.7655175 812.1114675 800.300655 809.2768725 805.969845 779.9860575 795.57633 772.4271375 774.7892999999999 772.4271375 772.8995699999999 815.418495 815.418495 828.6466049999999 814.9460624999999 799.35579 809.7493049999999 771.0098399999999 822.5049825 802.6628175 832.8984975 803.1352499999999 833.8433625 810.2217375 808.3320074999999 807.859575 816.36336 804.5525475 804.080115 835.7330925 797.46606 812.5839 818.7255225 823.92228 798.8833575 742.6638899999999 819.6703875 813.0563324999999 794.1590325 830.536335 780.45849 811.1666025 809.7493049999999 809.7493049999999 837.15039 793.2141674999999 829.1190375 807.859575 805.0249799999999 813.0563324999999 807.859575 807.3871425 811.1666025 799.8282224999999 828.1741724999999 833.8433625 829.59147 800.300655 837.6228225 802.190385 811.6390349999999 843.2920124999999 806.91471 848.9612025 831.0087675
3.850000 719.5146975 733.6876725 770.5374075 755.4195675 762.0336225 795.1038975 753.5298375 772.4271375 745.0260525 750.6952425 746.9157825 745.498485 776.67903 772.4271375 800.300655 793.6866 762.9784874999999 821.5601174999999 777.1514625 776.67903 787.072545 807.859575 790.3795725 791.3244374999999 756.3644324999999 788.4898425 783.293085 780.45849 788.4898425 814.0011975 808.3320074999999 760.1438925 794.1590325 764.3957849999999 812.5839 776.67903 779.5136249999999 759.1990274999999 783.293085 837.6228225 787.072545 794.1590325 788.962275 785.182815 807.3871425 806.91471 797.46606 813.0563324999999 868.8033674999999 779.0411925 788.4898425 806.91471 815.8909275 824.3947125 868.330935 810.69417 783.293085 800.300655 804.080115 806.4422774999999 812.5839 805.969845 795.1038975 817.7806575 781.4033549999999 614.6346824999999 811.1666025 810.69417 783.7655175 745.0260525 810.69417 803.6076825 799.35579 793.2141674999999 792.741735 775.734165 907.0704 793.2141674999999 779.0411925 820.1428199999999 831.4812 830.0639024999999 865.4963399999999 825.3395774999999 805.4974125 829.1190375 803.1352499999999 808.3320074999999 841.4022825 835.7330925 846.59904 805.0249799999999 935.41635 808.80444 824.8671449999999 817.308225 837.15039 851.7957974999999 852.7406625 869.7482325
3.860000 747.388215 716.6801025 799.8282224999999 776.2065974999999 748.8055125 777.1514625 758.726595 774.3168675 768.6476775 739.829295 751.6401075 754.947135 746.9157825 754.00227 783.7655175 785.6552475 910.3774275 789.4347075 756.836865 772.8995699999999 801.2455199999999 806.91471 798.4109249999999 804.080115 773.3720025 793.2141674999999 766.7579475 776.2065974999999 807.3871425 805.969845 850.8509325 781.8757875 812.1114675 768.6476775 803.6076825 789.4347075 796.5211949999999 801.2455199999999 774.7892999999999 788.0174099999999 757.7817299999999 805.0249799999999 789.4347075 779.5136249999999 782.8206524999999 831.0087675 817.308225 831.0087675 802.6628175 816.8357924999999 808.80444 792.2693025 782.34822 822.977415 803.1352499999999 822.977415 807.3871425 394.95356999999996 813.5287649999999 679.8303675 784.7103824999999 781.4033549999999 790.852005 799.8282224999999 792.741735 577.7849474999999 815.8909275 563.6119725 783.293085 793.6866 815.8909275 610.38279 790.3795725 866.9136374999999 821.087685 793.2141674999999 708.1763175 809.2768725 846.59904 821.5601174999999 923.133105 848.0163375 839.5125525 756.3644324999999 840.92985 811.1666025 813.5287649999999 823.4498474999999 834.7882275 815.418495 833.3709299999999 805.0249799999999 840.92985 834.315795 814.0011975 820.1428199999999 825.3395774999999 839.9849849999999 826.2844425 804.5525475
3.870000 723.76659 752.5849724999999 764.8682175 762.0336225 771.0098399999999 793.6866 787.072545 815.418495 819.6703875 761.0887574999999 710.5384799999999 748.8055125 761.56119 763.9233525 805.4974125 791.3244374999999 790.852005 798.8833575 796.5211949999999 798.4109249999999 798.8833575 807.3871425 779.0411925 777.1514625 790.852005 788.962275 810.2217375 725.1838875 796.9936275 785.6552475 799.8282224999999 770.064975 780.9309225 783.7655175 813.0563324999999 802.6628175 778.56876 796.5211949999999 796.9936275 801.2455199999999 775.2617325 804.5525475 784.23795 768.6476775 803.6076825 796.0487625 772.8995699999999 801.2455199999999 812.1114675 798.8833575 805.0249799999999 785.182815 747.8606474999999 790.3795725 811.1666025 806.91471 815.8909275 816.36336 899.9839125 814.9460624999999 807.3871425 750.22281 804.5525475 760.1438925 803.6076825 805.0249799999999 822.03255 815.418495 791.3244374999999 795.1038975 815.418495 796.9936275 796.5211949999999 822.03255 814.47363 800.300655 826.2844425 783.7655175 810.2217375 845.654175 809.2768725 820.6152525 807.3871425 812.1114675 830.0639024999999 827.2293075 848.4887699999999 829.59147 852.7406625 927.8574299999999 825.81201 850.3784999999999 807.859575 851.323365 831.0087675 817.308225 805.969845 846.1266075 347.71031999999997 842.81958
3.880000 751.1676749999999 738.4119975 771.954705 782.34822 760.1438925 767.7028124999999 771.954705 754.00227 759.1990274999999 748.8055125 756.3644324999999 787.5449775 772.4271375 757.7817299999999 797.9384924999999 779.0411925 788.4898425 784.7103824999999 778.56876 803.6076825 760.1438925 777.623895 777.623895 793.2141674999999 248.499495 779.9860575 796.5211949999999 803.1352499999999 802.6628175 761.0887574999999 787.5449775 808.80444 800.300655 786.1276799999999 795.1038975 800.7730875 780.9309225 793.6866 779.9860575 791.79687 780.45849 794.1590325 812.5839 766.2855149999999 785.6552475 798.4109249999999 814.9460624999999 811.1666025 798.8833575 827.70174 814.9460624999999 816.36336 771.0098399999999 841.8747149999999 824.3947125 828.6466049999999 874.0001249999999 800.7730875 835.2606599999999 297.632475 698.255235 783.7655175 826.7568749999999 788.4898425 778.56876 783.293085 794.6314649999999 780.45849 788.4898425 830.536335 823.4498474999999 793.6866 824.3947125 819.197955 824.3947125 805.969845 815.8909275 914.62932 820.1428199999999 826.2844425 825.81201 835.7330925 532.4314274999999 817.308225 822.5049825 714.7903725 837.6228225 826.7568749999999 832.8984975 724.2390224999999 819.6703875 822.5049825 834.7882275 824.3947125 801.2455199999999 820.6152525 929.2747274999999 928.802295 832.426065 868.330935
3.890000 834.315795 442.19682 751.6401075 790.3795725 820.6152525 784.23795 762.0336225 749.2779449999999 772.4271375 745.498485 789.9071399999999 782.34822 736.5222675 796.5211949999999 814.0011975 822.977415 65.195685 771.4822724999999 803.1352499999999 779.9860575 777.1514625 802.6628175 782.34822 796.9936275 792.2693025 764.8682175 780.9309225 803.6076825 768.6476775 821.5601174999999 800.7730875 798.8833575 789.4347075 805.969845 783.7655175 784.23795 785.6552475 808.3320074999999 798.4109249999999 815.8909275 791.3244374999999 805.4974125 797.46606 793.2141674999999 855.5752574999999 833.8433625 827.70174 812.5839 802.190385 829.59147 824.8671449999999 877.779585 811.1666025 822.03255 800.7730875 805.969845 807.859575 839.9849849999999 805.4974125 829.59147 811.1666025 810.69417 833.8433625 791.3244374999999 821.087685 814.0011975 806.4422774999999 803.6076825 842.3471475 827.70174 810.69417 794.6314649999999 806.4422774999999 803.1352499999999 814.9460624999999 818.2530899999999 808.3320074999999 796.0487625 799.8282224999999 821.5601174999999 844.2368775 819.197955 832.426065 897.1493174999999 860.772015 937.7785124999999 823.92228 844.70931 839.9849849999999 793.2141674999999 831.0087675 771.954705 844.70931 810.2217375 799.8282224999999 805.0249799999999 823.4498474999999 852.2682299999999 848.4887699999999 710.0660475
3.900000 757.7817299999999 749.2779449999999 783.293085 771.0098399999999 770.5374075 939.1958099999999 867.3860699999999 775.734165 755.8919999999999 739.3568624999999 756.3644324999999 782.34822 800.300655 779.0411925 802.6628175 795.1038975 791.3244374999999 804.5525475 779.0411925 801.7179524999999 800.300655 791.3244374999999 780.9309225 795.57633 759.1990274999999 767.7028124999999 805.4974125 775.2617325 773.3720025 794.6314649999999 940.6131075 786.6001124999999 805.4974125 798.4109249999999 784.23795 786.6001124999999 779.9860575 797.46606 773.3720025 796.5211949999999 777.1514625 766.2855149999999 796.9936275 769.5925424999999 794.1590325 806.91471 835.2606599999999 783.293085 822.03255 827.70174 801.7179524999999 799.35579 816.8357924999999 831.9536324999999 824.3947125 821.087685 806.91471 764.3957849999999 812.5839 833.8433625 825.3395774999999 587.2335975 931.1644574999999 800.300655 816.8357924999999 806.4422774999999 616.996845 813.5287649999999 824.8671449999999 826.2844425 898.566615 823.92228 821.5601174999999 800.7730875 862.1893124999999 798.4109249999999 791.79687 795.1038975 796.0487625 807.859575 839.9849849999999 821.087685 798.4109249999999 851.7957974999999 828.1741724999999 937.7785124999999 825.81201 814.47363 854.6303925 844.2368775 825.81201 831.9536324999999 829.59147 831.4812 839.9849849999999 852.2682299999999 821.087685 857.4649875 845.1817424999999 845.654175
3.910000 719.5146975 743.608755 769.12011 758.726595 745.0260525 767.23038 786.6001124999999 758.726595 781.4033549999999 789.9071399999999 766.2855149999999 775.734165 873.5276925 772.8995699999999 769.12011 791.79687 796.5211949999999 848.9612025 790.852005 780.9309225 820.1428199999999 774.3168675 785.6552475 782.8206524999999 785.182815 765.8130825 790.3795725 773.844435 705.8141549999999 786.1276799999999 772.4271375 779.9860575 868.330935 779.5136249999999 888.1731 780.45849 790.852005 805.4974125 781.4033549999999 780.9309225 768.6476775 797.46606 826.2844425 777.623895 764.8682175 812.1114675 826.7568749999999 824.3947125 795.1038975 812.1114675 844.2368775 805.969845 818.7255225 816.36336 804.080115 817.7806575 835.7330925 818.7255225 827.70174 825.3395774999999 778.56876 801.7179524999999 792.2693025 835.2606599999999 879.1968824999999 801.7179524999999 822.977415 795.1038975 814.47363 916.51905 836.6779574999999 801.2455199999999 800.300655 787.5449775 843.7644449999999 810.2217375 808.3320074999999 813.5287649999999 786.6001124999999 853.6855274999999 835.2606599999999 814.47363 865.0239075 814.9460624999999 844.2368775 862.1893124999999 830.0639024999999 822.03255 842.3471475 845.1817424999999 801.7179524999999 822.5049825 857.93742 831.4812 807.859575 840.4574174999999 874.0001249999999 841.8747149999999 837.15039 857.4649875
3.920000 741.2465925 766.7579475 775.2617325 777.1514625 708.1763175 822.03255 769.12011 759.6714599999999 756.836865 753.057405 775.734165 769.5925424999999 766.2855149999999 762.9784874999999 777.1514625 785.182815 768.6476775 929.2747274999999 807.3871425 792.741735 929.2747274999999 804.080115 787.5449775 801.2455199999999 785.6552475 788.0174099999999 789.4347075 793.6866 795.1038975 802.6628175 819.197955 721.4044275 799.8282224999999 768.6476775 777.623895 803.6076825 795.57633 801.7179524999999 787.5449775 792.741735 804.080115 907.5428324999999 792.741735 781.4033549999999 805.4974125 802.6628175 843.2920124999999 824.3947125 803.1352499999999 805.0249799999999 834.315795 826.7568749999999 793.2141674999999 823.4498474999999 798.4109249999999 823.4498474999999 817.308225 790.3795725 824.8671449999999 804.5525475 828.1741724999999 817.308225 818.7255225 848.0163375 821.5601174999999 806.91471 828.6466049999999 809.2768725 805.0249799999999 785.6552475 816.8357924999999 822.5049825 798.8833575 823.92228 834.315795 802.190385 823.92228 818.7255225 809.2768725 817.7806575 760.1438925 834.315795 850.3784999999999 909.904995 834.7882275 838.095255 844.2368775 823.4498474999999 870.6930974999999 839.9849849999999 816.36336 813.0563324999999 814.9460624999999 848.9612025 769.5925424999999 820.1428199999999 831.4812 691.1687475 831.9536324999999 834.315795
3.930000 723.76659 729.9082125 748.33308 759.1990274999999 779.0411925 758.726595 681.247665 780.9309225 827.2293075 781.8757875 813.0563324999999 762.0336225 783.7655175 783.293085 809.7493049999999 814.0011975 793.6866 797.9384924999999 727.0736175 809.7493049999999 855.5752574999999 818.2530899999999 763.9233525 816.36336 813.5287649999999 775.2617325 782.8206524999999 778.56876 809.2768725 819.197955 772.8995699999999 852.2682299999999 822.5049825 771.4822724999999 799.8282224999999 806.4422774999999 802.190385 800.7730875 777.1514625 850.8509325 795.57633 799.8282224999999 772.4271375 864.0790425 814.0011975 794.6314649999999 823.4498474999999 805.969845 822.03255 789.4347075 790.3795725 818.2530899999999 805.0249799999999 797.9384924999999 823.4498474999999 848.0163375 820.6152525 695.4206399999999 832.8984975 803.6076825 843.7644449999999 801.2455199999999 832.426065 804.080115 843.7644449999999 838.5676874999999 807.859575 819.197955 813.5287649999999 825.81201 839.04012 812.1114675 798.4109249999999 830.536335 820.6152525 805.4974125 826.2844425 835.2606599999999 842.3471475 862.1893124999999 834.7882275 847.0714724999999 827.2293075 829.59147 905.6531024999999 824.8671449999999 831.9536324999999 807.859575 810.2217375 846.1266075 827.2293075 812.5839 830.0639024999999 815.8909275 814.0011975 821.087685 855.5752574999999 840.92985 842.3471475 846.59904
3.940000 738.4119975 858.4098524999999 761.56119 797.9384924999999 767.23038 605.1860325 764.3957849999999 788.4898425 786.1276799999999 755.4195675 768.175245 762.0336225 762.0336225 754.00227 783.7655175 764.3957849999999 795.57633 787.5449775 775.734165 813.5287649999999 144.564345 790.852005 787.072545 780.9309225 813.5287649999999 798.4109249999999 800.7730875 809.2768725 793.6866 784.23795 787.5449775 825.81201 831.0087675 774.3168675 793.6866 775.734165 814.9460624999999 800.7730875 785.6552475 787.072545 735.5774025 778.56876 797.9384924999999 799.8282224999999 790.3795725 818.2530899999999 807.3871425 814.0011975 833.3709299999999 812.5839 883.448775 909.904995 827.2293075 807.3871425 812.5839 796.0487625 811.6390349999999 814.9460624999999 811.6390349999999 823.4498474999999 811.6390349999999 821.5601174999999 845.1817424999999 817.308225 818.2530899999999 839.5125525 818.2530899999999 817.7806575 827.2293075 797.9384924999999 795.1038975 852.2682299999999 848.0163375 746.44335 819.197955 819.197955 798.4109249999999 802.190385 814.0011975 830.536335 841.8747149999999 831.9536324999999 844.70931 833.8433625 832.426065 837.15039 843.7644449999999 863.1341775 842.81958 826.2844425 841.4022825 835.2606599999999 821.5601174999999 814.9460624999999 829.59147 861.71688 834.7882275 786.1276799999999 856.9925549999999 910.3774275
3.950000 728.9633474999999 770.064975 779.5136249999999 777.623895 760.616325 856.04769 770.064975 750.22281 760.1438925 865.0239075 775.2617325 769.5925424999999 791.3244374999999 770.064975 786.6001124999999 805.4974125 773.844435 787.072545 798.4109249999999 801.7179524999999 808.80444 839.5125525 792.741735 783.293085 796.5211949999999 788.962275 799.8282224999999 784.23795 799.35579 792.2693025 818.2530899999999 802.6628175 812.5839 799.35579 792.2693025 797.9384924999999 815.418495 935.8887824999999 801.7179524999999 790.3795725 796.0487625 805.969845 794.6314649999999 814.47363 779.5136249999999 822.03255 833.8433625 833.8433625 666.6022575 831.9536324999999 659.0433375 787.072545 812.1114675 822.977415 804.080115 808.80444 830.536335 802.190385 813.0563324999999 800.300655 826.7568749999999 803.1352499999999 825.81201 821.5601174999999 489.44007 816.8357924999999 914.1568874999999 813.0563324999999 820.6152525 832.8984975 826.2844425 797.46606 802.6628175 802.190385 745.498485 815.418495 821.087685 816.36336 822.03255 869.7482325 857.93742 763.45092 846.1266075 816.8357924999999 837.6228225 861.2444475 824.3947125 825.3395774999999 819.6703875 825.3395774999999 852.2682299999999 824.8671449999999 832.8984975 819.6703875 841.8747149999999 850.8509325 849.9060675 824.3947125 825.81201 849.9060675
3.960000 759.1990274999999 767.7028124999999 796.9936275 751.6401075 772.4271375 760.616325 762.506055 784.23795 749.7503775 762.9784874999999 764.8682175 788.0174099999999 802.190385 935.41635 779.0411925 782.34822 86.92757999999999 791.79687 793.2141674999999 788.962275 788.0174099999999 856.04769 802.190385 788.4898425 799.35579 868.8033674999999 775.2617325 693.0584775 767.23038 809.7493049999999 730.8530774999999 659.51577 779.5136249999999 786.1276799999999 817.308225 786.1276799999999 785.6552475 657.62604 806.91471 793.2141674999999 780.45849 800.300655 820.6152525 795.1038975 812.5839 813.0563324999999 827.70174 821.087685 813.5287649999999 837.15039 804.080115 831.9536324999999 829.59147 812.1114675 814.47363 832.426065 822.977415 843.7644449999999 816.8357924999999 839.5125525 880.1417475 798.8833575 813.5287649999999 634.9492799999999 834.7882275 846.1266075 797.46606 812.5839 890.5352624999999 813.0563324999999 812.5839 823.4498474999999 836.205525 785.182815 824.8671449999999 809.2768725 805.969845 832.8984975 800.300655 830.0639024999999 830.536335 831.4812 852.2682299999999 852.7406625 848.0163375 837.6228225 853.6855274999999 839.5125525 824.3947125 821.087685 852.7406625 852.7406625 860.2995824999999 943.4477025 851.323365 857.4649875 826.7568749999999 848.9612025 844.70931 836.6779574999999
3.970000 760.616325 767.23038 806.4422774999999 869.2758 777.623895 765.34065 796.5211949999999 772.8995699999999 761.56119 763.9233525 767.7028124999999 774.7892999999999 763.45092 803.1352499999999 895.2595875 814.47363 806.4422774999999 795.1038975 810.2217375 821.5601174999999 791.79687 800.7730875 809.2768725 815.418495 813.5287649999999 805.0249799999999 812.1114675 787.072545 813.0563324999999 800.300655 788.4898425 773.3720025 799.8282224999999 809.2768725 766.7579475 817.308225 785.182815 791.3244374999999 790.852005 800.300655 779.5136249999999 797.9384924999999 789.9071399999999 798.4109249999999 814.9460624999999 835.2606599999999 794.1590325 814.0011975 822.977415 832.8984975 812.1114675 848.9612025 803.1352499999999 843.2920124999999 809.7493049999999 837.6228225 926.4401325 830.0639024999999 377.94599999999997 845.1817424999999 825.3395774999999 824.3947125 753.5298375 726.601185 819.6703875 910.3774275 828.6466049999999 804.080115 848.0163375 834.7882275 821.087685 831.4812 809.7493049999999 832.8984975 828.6466049999999 831.4812 838.095255 811.6390349999999 818.7255225 822.03255 862.1893124999999 844.70931 783.7655175 820.6152525 841.4022825 858.4098524999999 850.3784999999999 820.6152525 836.205525 848.9612025 852.2682299999999 815.8909275 831.0087675 847.0714724999999 866.441205 824.8671449999999 855.1028249999999 863.1341775 826.2844425 828.1741724999999
3.980000 781.8757875 735.5774025 763.45092 831.0087675 778.56876 782.8206524999999 804.5525475 873.05526 762.506055 773.844435 781.4033549999999 796.5211949999999 778.56876 756.3644324999999 809.2768725 783.293085 789.9071399999999 743.1363225 791.3244374999999 787.072545 787.5449775 750.22281 779.9860575 801.7179524999999 802.6628175 801.2455199999999 772.4271375 807.859575 911.794725 812.1114675 815.418495 786.6001124999999 801.7179524999999 792.2693025 803.1352499999999 808.3320074999999 813.0563324999999 731.7979425 781.4033549999999 780.9309225 781.4033549999999 814.9460624999999 803.6076825 803.6076825 791.3244374999999 807.859575 759.1990274999999 813.0563324999999 807.859575 824.8671449999999 817.308225 801.7179524999999 806.91471 826.2844425 817.308225 798.8833575 811.1666025 843.7644449999999 817.7806575 811.1666025 801.2455199999999 805.0249799999999 464.4011475 874.4725575 838.095255 819.197955 825.3395774999999 760.616325 825.3395774999999 814.9460624999999 826.2844425 816.8357924999999 811.1666025 839.9849849999999 831.0087675 794.1590325 815.8909275 817.308225 831.0087675 859.3547175 844.2368775 866.441205 836.6779574999999 844.70931 858.8822849999999 826.7568749999999 855.5752574999999 840.92985 837.15039 837.15039 844.2368775 848.0163375 856.5201225 650.0671199999999 823.4498474999999 845.1817424999999 838.095255 882.0314774999999 866.441205 881.559045
3.990000 761.0887574999999 742.1914575 808.80444 761.0887574999999 782.34822 781.4033549999999 828.1741724999999 609.437925 789.4347075 776.2065974999999 769.5925424999999 788.4898425 779.9860575 778.0963274999999 745.0260525 822.5049825 810.2217375 783.293085 803.1352499999999 775.2617325 786.6001124999999 788.0174099999999 812.1114675 795.57633 782.34822 823.92228 793.6866 805.0249799999999 792.741735 814.47363 793.2141674999999 795.1038975 804.080115 822.5049825 801.2455199999999 790.852005 809.2768725 814.9460624999999 919.8260775 800.7730875 814.0011975 816.36336 783.293085 174.800025 793.2141674999999 837.15039 826.7568749999999 814.0011975 802.190385 813.0563324999999 797.9384924999999 832.426065 804.5525475 846.59904 809.2768725 819.6703875 837.6228225 839.5125525 830.536335 883.9212074999999 825.3395774999999 818.2530899999999 927.8574299999999 820.1428199999999 834.7882275 846.1266075 882.5039099999999 833.3709299999999 848.9612025 839.5125525 805.0249799999999 815.418495 805.0249799999999 752.11254 795.1038975 817.308225 813.5287649999999 933.52662 843.2920124999999 827.2293075 827.2293075 821.087685 832.8984975 838.095255 834.7882275 844.2368775 826.7568749999999 851.323365 778.0963274999999 833.8433625 812.1114675 830.536335 865.4963399999999 852.2682299999999 821.087685 838.5676874999999 860.772015 860.772015 944.3925674999999 845.1817424999999
